dataset,arm,seed,k_frac,k_neurons,reference,jaccard,jaccard_null_expected,calib
cifar10,geo_m,0,0.05,102,magnitude,0.29936305732484075,0.02553830746119179,full_train
cifar10,geo_m,0,0.05,102,variance,0.5111111111111111,0.02553830746119179,full_train
cifar10,geo_m,0,0.05,102,rate,0.1590909090909091,0.02553830746119179,full_train
cifar10,geo_m,0,0.05,102,probe_weight,0.36,0.02553830746119179,full_train
cifar10,geo_m,0,0.1,204,magnitude,0.4117647058823529,0.052415210688591986,full_train
cifar10,geo_m,0,0.1,204,variance,0.6126482213438735,0.052415210688591986,full_train
cifar10,geo_m,0,0.1,204,rate,0.2326283987915408,0.052415210688591986,full_train
cifar10,geo_m,0,0.1,204,probe_weight,0.3289902280130293,0.052415210688591986,full_train
cifar10,geo_m,0,0.2,409,magnitude,0.41278065630397237,0.11093029563330621,full_train
cifar10,geo_m,0,0.2,409,variance,0.5404896421845574,0.11093029563330621,full_train
cifar10,geo_m,0,0.2,409,rate,0.23939393939393938,0.11093029563330621,full_train
cifar10,geo_m,0,0.2,409,probe_weight,0.4226086956521739,0.11093029563330621,full_train
cifar10,geo_m,0,0.5,1024,magnitude,0.7195633921074727,0.3333333333333333,full_train
cifar10,geo_m,0,0.5,1024,variance,0.8107869142351901,0.3333333333333333,full_train
cifar10,geo_m,0,0.5,1024,rate,0.6087981146897093,0.3333333333333333,full_train
cifar10,geo_m,0,0.5,1024,probe_weight,0.617693522906793,0.3333333333333333,full_train
cifar10,geo_m,1,0.05,102,magnitude,0.2911392405063291,0.02553830746119179,full_train
cifar10,geo_m,1,0.05,102,variance,0.5,0.02553830746119179,full_train
cifar10,geo_m,1,0.05,102,rate,0.13333333333333333,0.02553830746119179,full_train
cifar10,geo_m,1,0.05,102,probe_weight,0.34210526315789475,0.02553830746119179,full_train
cifar10,geo_m,1,0.1,204,magnitude,0.38305084745762713,0.052415210688591986,full_train
cifar10,geo_m,1,0.1,204,variance,0.5572519083969466,0.052415210688591986,full_train
cifar10,geo_m,1,0.1,204,rate,0.2215568862275449,0.052415210688591986,full_train
cifar10,geo_m,1,0.1,204,probe_weight,0.3289902280130293,0.052415210688591986,full_train
cifar10,geo_m,1,0.2,409,magnitude,0.610236220472441,0.11093029563330621,full_train
cifar10,geo_m,1,0.2,409,variance,0.7978021978021979,0.11093029563330621,full_train
cifar10,geo_m,1,0.2,409,rate,0.3840947546531303,0.11093029563330621,full_train
cifar10,geo_m,1,0.2,409,probe_weight,0.450354609929078,0.11093029563330621,full_train
cifar10,geo_m,1,0.5,1024,magnitude,0.7534246575342466,0.3333333333333333,full_train
cifar10,geo_m,1,0.5,1024,variance,0.8433843384338434,0.3333333333333333,full_train
cifar10,geo_m,1,0.5,1024,rate,0.6370903277378097,0.3333333333333333,full_train
cifar10,geo_m,1,0.5,1024,probe_weight,0.617693522906793,0.3333333333333333,full_train
cifar10,geo_m,2,0.05,102,magnitude,0.45714285714285713,0.02553830746119179,full_train
cifar10,geo_m,2,0.05,102,variance,0.7142857142857143,0.02553830746119179,full_train
cifar10,geo_m,2,0.05,102,rate,0.20710059171597633,0.02553830746119179,full_train
cifar10,geo_m,2,0.05,102,probe_weight,0.29936305732484075,0.02553830746119179,full_train
cifar10,geo_m,2,0.1,204,magnitude,0.5055350553505535,0.052415210688591986,full_train
cifar10,geo_m,2,0.1,204,variance,0.7510729613733905,0.052415210688591986,full_train
cifar10,geo_m,2,0.1,204,rate,0.2870662460567823,0.052415210688591986,full_train
cifar10,geo_m,2,0.1,204,probe_weight,0.3246753246753247,0.052415210688591986,full_train
cifar10,geo_m,2,0.2,409,magnitude,0.4954296160877514,0.11093029563330621,full_train
cifar10,geo_m,2,0.2,409,variance,0.6458752515090543,0.11093029563330621,full_train
cifar10,geo_m,2,0.2,409,rate,0.30462519936204147,0.11093029563330621,full_train
cifar10,geo_m,2,0.2,409,probe_weight,0.450354609929078,0.11093029563330621,full_train
cifar10,geo_m,2,0.5,1024,magnitude,0.6911643270024773,0.3333333333333333,full_train
cifar10,geo_m,2,0.5,1024,variance,0.7808695652173913,0.3333333333333333,full_train
cifar10,geo_m,2,0.5,1024,rate,0.5863671572424477,0.3333333333333333,full_train
cifar10,geo_m,2,0.5,1024,probe_weight,0.610062893081761,0.3333333333333333,full_train
cifar10,geo_m,3,0.05,102,magnitude,0.18604651162790697,0.02553830746119179,full_train
cifar10,geo_m,3,0.05,102,variance,0.3509933774834437,0.02553830746119179,full_train
cifar10,geo_m,3,0.05,102,rate,0.030303030303030304,0.02553830746119179,full_train
cifar10,geo_m,3,0.05,102,probe_weight,0.25153374233128833,0.02553830746119179,full_train
cifar10,geo_m,3,0.1,204,magnitude,0.48363636363636364,0.052415210688591986,full_train
cifar10,geo_m,3,0.1,204,variance,0.7288135593220338,0.052415210688591986,full_train
cifar10,geo_m,3,0.1,204,rate,0.2553846153846154,0.052415210688591986,full_train
cifar10,geo_m,3,0.1,204,probe_weight,0.3161290322580645,0.052415210688591986,full_train
cifar10,geo_m,3,0.2,409,magnitude,0.6659877800407332,0.11093029563330621,full_train
cifar10,geo_m,3,0.2,409,variance,0.8590909090909091,0.11093029563330621,full_train
cifar10,geo_m,3,0.2,409,rate,0.4201388888888889,0.11093029563330621,full_train
cifar10,geo_m,3,0.2,409,probe_weight,0.44778761061946903,0.11093029563330621,full_train
cifar10,geo_m,3,0.5,1024,magnitude,0.8720292504570384,0.3333333333333333,full_train
cifar10,geo_m,3,0.5,1024,variance,0.9579349904397706,0.3333333333333333,full_train
cifar10,geo_m,3,0.5,1024,rate,0.7474402730375427,0.3333333333333333,full_train
cifar10,geo_m,3,0.5,1024,probe_weight,0.6292760540970564,0.3333333333333333,full_train
cifar10,geo_m,4,0.05,102,magnitude,0.07368421052631578,0.02553830746119179,full_train
cifar10,geo_m,4,0.05,102,variance,0.20710059171597633,0.02553830746119179,full_train
cifar10,geo_m,4,0.05,102,rate,0.0,0.02553830746119179,full_train
cifar10,geo_m,4,0.05,102,probe_weight,0.2670807453416149,0.02553830746119179,full_train
cifar10,geo_m,4,0.1,204,magnitude,0.4729241877256318,0.052415210688591986,full_train
cifar10,geo_m,4,0.1,204,variance,0.7,0.052415210688591986,full_train
cifar10,geo_m,4,0.1,204,rate,0.2553846153846154,0.052415210688591986,full_train
cifar10,geo_m,4,0.1,204,probe_weight,0.3161290322580645,0.052415210688591986,full_train
cifar10,geo_m,4,0.2,409,magnitude,0.5036764705882353,0.11093029563330621,full_train
cifar10,geo_m,4,0.2,409,variance,0.6592292089249493,0.11093029563330621,full_train
cifar10,geo_m,4,0.2,409,rate,0.30670926517571884,0.11093029563330621,full_train
cifar10,geo_m,4,0.2,409,probe_weight,0.44778761061946903,0.11093029563330621,full_train
cifar10,geo_m,4,0.5,1024,magnitude,0.8771769019248395,0.3333333333333333,full_train
cifar10,geo_m,4,0.5,1024,variance,0.9393939393939394,0.3333333333333333,full_train
cifar10,geo_m,4,0.5,1024,rate,0.7564322469982847,0.3333333333333333,full_train
cifar10,geo_m,4,0.5,1024,probe_weight,0.6331738437001595,0.3333333333333333,full_train
cifar10,geo_m,5,0.05,102,magnitude,0.10270270270270271,0.02553830746119179,full_train
cifar10,geo_m,5,0.05,102,variance,0.25153374233128833,0.02553830746119179,full_train
cifar10,geo_m,5,0.05,102,rate,0.009900990099009901,0.02553830746119179,full_train
cifar10,geo_m,5,0.05,102,probe_weight,0.2670807453416149,0.02553830746119179,full_train
cifar10,geo_m,5,0.1,204,magnitude,0.3333333333333333,0.052415210688591986,full_train
cifar10,geo_m,5,0.1,204,variance,0.5223880597014925,0.052415210688591986,full_train
cifar10,geo_m,5,0.1,204,rate,0.1724137931034483,0.052415210688591986,full_train
cifar10,geo_m,5,0.1,204,probe_weight,0.3377049180327869,0.052415210688591986,full_train
cifar10,geo_m,5,0.2,409,magnitude,0.6392785571142284,0.11093029563330621,full_train
cifar10,geo_m,5,0.2,409,variance,0.8097345132743363,0.11093029563330621,full_train
cifar10,geo_m,5,0.2,409,rate,0.39590443686006827,0.11093029563330621,full_train
cifar10,geo_m,5,0.2,409,probe_weight,0.43006993006993005,0.11093029563330621,full_train
cifar10,geo_m,5,0.5,1024,magnitude,0.7777777777777778,0.3333333333333333,full_train
cifar10,geo_m,5,0.5,1024,variance,0.8737419945105215,0.3333333333333333,full_train
cifar10,geo_m,5,0.5,1024,rate,0.6623376623376623,0.3333333333333333,full_train
cifar10,geo_m,5,0.5,1024,probe_weight,0.6397117694155324,0.3333333333333333,full_train
cifar10,geo_m,6,0.05,102,magnitude,0.1590909090909091,0.02553830746119179,full_train
cifar10,geo_m,6,0.05,102,variance,0.3246753246753247,0.02553830746119179,full_train
cifar10,geo_m,6,0.05,102,rate,0.046153846153846156,0.02553830746119179,full_train
cifar10,geo_m,6,0.05,102,probe_weight,0.2911392405063291,0.02553830746119179,full_train
cifar10,geo_m,6,0.1,204,magnitude,0.43157894736842106,0.052415210688591986,full_train
cifar10,geo_m,6,0.1,204,variance,0.6518218623481782,0.052415210688591986,full_train
cifar10,geo_m,6,0.1,204,rate,0.2289156626506024,0.052415210688591986,full_train
cifar10,geo_m,6,0.1,204,probe_weight,0.32038834951456313,0.052415210688591986,full_train
cifar10,geo_m,6,0.2,409,magnitude,0.59765625,0.11093029563330621,full_train
cifar10,geo_m,6,0.2,409,variance,0.7821350762527233,0.11093029563330621,full_train
cifar10,geo_m,6,0.2,409,rate,0.3794266441821248,0.11093029563330621,full_train
cifar10,geo_m,6,0.2,409,probe_weight,0.46332737030411447,0.11093029563330621,full_train
cifar10,geo_m,6,0.5,1024,magnitude,0.6331738437001595,0.3333333333333333,full_train
cifar10,geo_m,6,0.5,1024,variance,0.7152428810720268,0.3333333333333333,full_train
cifar10,geo_m,6,0.5,1024,rate,0.5340823970037453,0.3333333333333333,full_train
cifar10,geo_m,6,0.5,1024,probe_weight,0.5937743190661479,0.3333333333333333,full_train
cifar10,geo_m,7,0.05,102,magnitude,0.23636363636363636,0.02553830746119179,full_train
cifar10,geo_m,7,0.05,102,variance,0.43661971830985913,0.02553830746119179,full_train
cifar10,geo_m,7,0.05,102,rate,0.11475409836065574,0.02553830746119179,full_train
cifar10,geo_m,7,0.05,102,probe_weight,0.3691275167785235,0.02553830746119179,full_train
cifar10,geo_m,7,0.1,204,magnitude,0.44680851063829785,0.052415210688591986,full_train
cifar10,geo_m,7,0.1,204,variance,0.6721311475409836,0.052415210688591986,full_train
cifar10,geo_m,7,0.1,204,rate,0.23636363636363636,0.052415210688591986,full_train
cifar10,geo_m,7,0.1,204,probe_weight,0.3161290322580645,0.052415210688591986,full_train
cifar10,geo_m,7,0.2,409,magnitude,0.7221052631578947,0.11093029563330621,full_train
cifar10,geo_m,7,0.2,409,variance,0.8847926267281107,0.11093029563330621,full_train
cifar10,geo_m,7,0.2,409,rate,0.47920433996383366,0.11093029563330621,full_train
cifar10,geo_m,7,0.2,409,probe_weight,0.43508771929824563,0.11093029563330621,full_train
cifar10,geo_m,7,0.5,1024,magnitude,0.9051162790697674,0.3333333333333333,full_train
cifar10,geo_m,7,0.5,1024,variance,0.8059964726631393,0.3333333333333333,full_train
cifar10,geo_m,7,0.5,1024,rate,0.9266227657572906,0.3333333333333333,full_train
cifar10,geo_m,7,0.5,1024,probe_weight,0.5900621118012422,0.3333333333333333,full_train
cifar10,geo_m,8,0.05,102,magnitude,0.0049261083743842365,0.02553830746119179,full_train
cifar10,geo_m,8,0.05,102,variance,0.0967741935483871,0.02553830746119179,full_train
cifar10,geo_m,8,0.05,102,rate,0.0,0.02553830746119179,full_train
cifar10,geo_m,8,0.05,102,probe_weight,0.25925925925925924,0.02553830746119179,full_train
cifar10,geo_m,8,0.1,204,magnitude,0.2553846153846154,0.052415210688591986,full_train
cifar10,geo_m,8,0.1,204,variance,0.4117647058823529,0.052415210688591986,full_train
cifar10,geo_m,8,0.1,204,rate,0.12396694214876033,0.052415210688591986,full_train
cifar10,geo_m,8,0.1,204,probe_weight,0.3289902280130293,0.052415210688591986,full_train
cifar10,geo_m,8,0.2,409,magnitude,0.6458752515090543,0.11093029563330621,full_train
cifar10,geo_m,8,0.2,409,variance,0.8340807174887892,0.11093029563330621,full_train
cifar10,geo_m,8,0.2,409,rate,0.41278065630397237,0.11093029563330621,full_train
cifar10,geo_m,8,0.2,409,probe_weight,0.4426807760141093,0.11093029563330621,full_train
cifar10,geo_m,8,0.5,1024,magnitude,0.7210084033613445,0.3333333333333333,full_train
cifar10,geo_m,8,0.5,1024,variance,0.8123893805309734,0.3333333333333333,full_train
cifar10,geo_m,8,0.5,1024,rate,0.6125984251968504,0.3333333333333333,full_train
cifar10,geo_m,8,0.5,1024,probe_weight,0.6113296616837136,0.3333333333333333,full_train
cifar10,geo_m,9,0.05,102,magnitude,0.29936305732484075,0.02553830746119179,full_train
cifar10,geo_m,9,0.05,102,variance,0.5111111111111111,0.02553830746119179,full_train
cifar10,geo_m,9,0.05,102,rate,0.1590909090909091,0.02553830746119179,full_train
cifar10,geo_m,9,0.05,102,probe_weight,0.3509933774834437,0.02553830746119179,full_train
cifar10,geo_m,9,0.1,204,magnitude,0.3972602739726027,0.052415210688591986,full_train
cifar10,geo_m,9,0.1,204,variance,0.6,0.052415210688591986,full_train
cifar10,geo_m,9,0.1,204,rate,0.20710059171597633,0.052415210688591986,full_train
cifar10,geo_m,9,0.1,204,probe_weight,0.3377049180327869,0.052415210688591986,full_train
cifar10,geo_m,9,0.2,409,magnitude,0.4981684981684982,0.11093029563330621,full_train
cifar10,geo_m,9,0.2,409,variance,0.623015873015873,0.11093029563330621,full_train
cifar10,geo_m,9,0.2,409,rate,0.2984126984126984,0.11093029563330621,full_train
cifar10,geo_m,9,0.2,409,probe_weight,0.42757417102966844,0.11093029563330621,full_train
cifar10,geo_m,9,0.5,1024,magnitude,0.9051162790697674,0.3333333333333333,full_train
cifar10,geo_m,9,0.5,1024,variance,0.9523355576739753,0.3333333333333333,full_train
cifar10,geo_m,9,0.5,1024,rate,0.7777777777777778,0.3333333333333333,full_train
cifar10,geo_m,9,0.5,1024,probe_weight,0.6292760540970564,0.3333333333333333,full_train
cifar10,geo_r,0,0.05,102,magnitude,0.19298245614035087,0.02553830746119179,full_train
cifar10,geo_r,0,0.05,102,variance,0.1724137931034483,0.02553830746119179,full_train
cifar10,geo_r,0,0.05,102,rate,0.14606741573033707,0.02553830746119179,full_train
cifar10,geo_r,0,0.05,102,probe_weight,0.11475409836065574,0.02553830746119179,full_train
cifar10,geo_r,0,0.1,204,magnitude,0.3691275167785235,0.052415210688591986,full_train
cifar10,geo_r,0,0.1,204,variance,0.31189710610932475,0.052415210688591986,full_train
cifar10,geo_r,0,0.1,204,rate,0.3377049180327869,0.052415210688591986,full_train
cifar10,geo_r,0,0.1,204,probe_weight,0.15254237288135594,0.052415210688591986,full_train
cifar10,geo_r,0,0.2,409,magnitude,0.4201388888888889,0.11093029563330621,full_train
cifar10,geo_r,0,0.2,409,variance,0.3771043771043771,0.11093029563330621,full_train
cifar10,geo_r,0,0.2,409,rate,0.4226086956521739,0.11093029563330621,full_train
cifar10,geo_r,0,0.2,409,probe_weight,0.25846153846153846,0.11093029563330621,full_train
cifar10,geo_r,0,0.5,1024,magnitude,0.5283582089552239,0.3333333333333333,full_train
cifar10,geo_r,0,0.5,1024,variance,0.514792899408284,0.3333333333333333,full_train
cifar10,geo_r,0,0.5,1024,rate,0.5306427503736921,0.3333333333333333,full_train
cifar10,geo_r,0,0.5,1024,probe_weight,0.47126436781609193,0.3333333333333333,full_train
cifar10,geo_r,1,0.05,102,magnitude,0.19298245614035087,0.02553830746119179,full_train
cifar10,geo_r,1,0.05,102,variance,0.2289156626506024,0.02553830746119179,full_train
cifar10,geo_r,1,0.05,102,rate,0.1270718232044199,0.02553830746119179,full_train
cifar10,geo_r,1,0.05,102,probe_weight,0.1270718232044199,0.02553830746119179,full_train
cifar10,geo_r,1,0.1,204,magnitude,0.4068965517241379,0.052415210688591986,full_train
cifar10,geo_r,1,0.1,204,variance,0.36454849498327757,0.052415210688591986,full_train
cifar10,geo_r,1,0.1,204,rate,0.34210526315789475,0.052415210688591986,full_train
cifar10,geo_r,1,0.1,204,probe_weight,0.20710059171597633,0.052415210688591986,full_train
cifar10,geo_r,1,0.2,409,magnitude,0.450354609929078,0.11093029563330621,full_train
cifar10,geo_r,1,0.2,409,variance,0.43257443082311736,0.11093029563330621,full_train
cifar10,geo_r,1,0.2,409,rate,0.41522491349480967,0.11093029563330621,full_train
cifar10,geo_r,1,0.2,409,probe_weight,0.33442088091353994,0.11093029563330621,full_train
cifar10,geo_r,1,0.5,1024,magnitude,0.6384,0.3333333333333333,full_train
cifar10,geo_r,1,0.5,1024,variance,0.6292760540970564,0.3333333333333333,full_train
cifar10,geo_r,1,0.5,1024,rate,0.6075353218210361,0.3333333333333333,full_train
cifar10,geo_r,1,0.5,1024,probe_weight,0.5329341317365269,0.3333333333333333,full_train
cifar10,geo_r,2,0.05,102,magnitude,0.23636363636363636,0.02553830746119179,full_train
cifar10,geo_r,2,0.05,102,variance,0.24390243902439024,0.02553830746119179,full_train
cifar10,geo_r,2,0.05,102,rate,0.1724137931034483,0.02553830746119179,full_train
cifar10,geo_r,2,0.05,102,probe_weight,0.1724137931034483,0.02553830746119179,full_train
cifar10,geo_r,2,0.1,204,magnitude,0.27102803738317754,0.052415210688591986,full_train
cifar10,geo_r,2,0.1,204,variance,0.27899686520376177,0.052415210688591986,full_train
cifar10,geo_r,2,0.1,204,rate,0.2289156626506024,0.052415210688591986,full_train
cifar10,geo_r,2,0.1,204,probe_weight,0.16905444126074498,0.052415210688591986,full_train
cifar10,geo_r,2,0.2,409,magnitude,0.28213166144200624,0.11093029563330621,full_train
cifar10,geo_r,2,0.2,409,variance,0.2902208201892745,0.11093029563330621,full_train
cifar10,geo_r,2,0.2,409,rate,0.2565284178187404,0.11093029563330621,full_train
cifar10,geo_r,2,0.2,409,probe_weight,0.24316109422492402,0.11093029563330621,full_train
cifar10,geo_r,2,0.5,1024,magnitude,0.42717770034843205,0.3333333333333333,full_train
cifar10,geo_r,2,0.5,1024,variance,0.42618384401114207,0.3333333333333333,full_train
cifar10,geo_r,2,0.5,1024,rate,0.4222222222222222,0.3333333333333333,full_train
cifar10,geo_r,2,0.5,1024,probe_weight,0.40949759119064005,0.3333333333333333,full_train
cifar10,geo_r,3,0.05,102,magnitude,0.2670807453416149,0.02553830746119179,full_train
cifar10,geo_r,3,0.05,102,variance,0.25153374233128833,0.02553830746119179,full_train
cifar10,geo_r,3,0.05,102,rate,0.25153374233128833,0.02553830746119179,full_train
cifar10,geo_r,3,0.05,102,probe_weight,0.15254237288135594,0.02553830746119179,full_train
cifar10,geo_r,3,0.1,204,magnitude,0.3924914675767918,0.052415210688591986,full_train
cifar10,geo_r,3,0.1,204,variance,0.3509933774834437,0.052415210688591986,full_train
cifar10,geo_r,3,0.1,204,rate,0.3465346534653465,0.052415210688591986,full_train
cifar10,geo_r,3,0.1,204,probe_weight,0.21428571428571427,0.052415210688591986,full_train
cifar10,geo_r,3,0.2,409,magnitude,0.484573502722323,0.11093029563330621,full_train
cifar10,geo_r,3,0.2,409,variance,0.46332737030411447,0.11093029563330621,full_train
cifar10,geo_r,3,0.2,409,rate,0.44778761061946903,0.11093029563330621,full_train
cifar10,geo_r,3,0.2,409,probe_weight,0.33442088091353994,0.11093029563330621,full_train
cifar10,geo_r,3,0.5,1024,magnitude,0.5103244837758112,0.3333333333333333,full_train
cifar10,geo_r,3,0.5,1024,variance,0.508100147275405,0.3333333333333333,full_train
cifar10,geo_r,3,0.5,1024,rate,0.5003663003663004,0.3333333333333333,full_train
cifar10,geo_r,3,0.5,1024,probe_weight,0.44837340876944837,0.3333333333333333,full_train
cifar10,geo_r,4,0.05,102,magnitude,0.2215568862275449,0.02553830746119179,full_train
cifar10,geo_r,4,0.05,102,variance,0.21428571428571427,0.02553830746119179,full_train
cifar10,geo_r,4,0.05,102,rate,0.21428571428571427,0.02553830746119179,full_train
cifar10,geo_r,4,0.05,102,probe_weight,0.13966480446927373,0.02553830746119179,full_train
cifar10,geo_r,4,0.1,204,magnitude,0.24390243902439024,0.052415210688591986,full_train
cifar10,geo_r,4,0.1,204,variance,0.24012158054711247,0.052415210688591986,full_train
cifar10,geo_r,4,0.1,204,rate,0.21068249258160238,0.052415210688591986,full_train
cifar10,geo_r,4,0.1,204,probe_weight,0.2,0.052415210688591986,full_train
cifar10,geo_r,4,0.2,409,magnitude,0.3130016051364366,0.11093029563330621,full_train
cifar10,geo_r,4,0.2,409,variance,0.30670926517571884,0.11093029563330621,full_train
cifar10,geo_r,4,0.2,409,rate,0.27613104524180965,0.11093029563330621,full_train
cifar10,geo_r,4,0.2,409,probe_weight,0.2565284178187404,0.11093029563330621,full_train
cifar10,geo_r,4,0.5,1024,magnitude,0.3989071038251366,0.3333333333333333,full_train
cifar10,geo_r,4,0.5,1024,variance,0.39414567733151806,0.3333333333333333,full_train
cifar10,geo_r,4,0.5,1024,rate,0.3960463531015678,0.3333333333333333,full_train
cifar10,geo_r,4,0.5,1024,probe_weight,0.38191632928475033,0.3333333333333333,full_train
cifar10,geo_r,5,0.05,102,magnitude,0.23636363636363636,0.02553830746119179,full_train
cifar10,geo_r,5,0.05,102,variance,0.23636363636363636,0.02553830746119179,full_train
cifar10,geo_r,5,0.05,102,rate,0.1657142857142857,0.02553830746119179,full_train
cifar10,geo_r,5,0.05,102,probe_weight,0.13333333333333333,0.02553830746119179,full_train
cifar10,geo_r,5,0.1,204,magnitude,0.21428571428571427,0.052415210688591986,full_train
cifar10,geo_r,5,0.1,204,variance,0.23636363636363636,0.052415210688591986,full_train
cifar10,geo_r,5,0.1,204,rate,0.1791907514450867,0.052415210688591986,full_train
cifar10,geo_r,5,0.1,204,probe_weight,0.15254237288135594,0.052415210688591986,full_train
cifar10,geo_r,5,0.2,409,magnitude,0.32362459546925565,0.11093029563330621,full_train
cifar10,geo_r,5,0.2,409,variance,0.32362459546925565,0.11093029563330621,full_train
cifar10,geo_r,5,0.2,409,rate,0.28012519561815336,0.11093029563330621,full_train
cifar10,geo_r,5,0.2,409,probe_weight,0.2642967542503864,0.11093029563330621,full_train
cifar10,geo_r,5,0.5,1024,magnitude,0.374496644295302,0.3333333333333333,full_train
cifar10,geo_r,5,0.5,1024,variance,0.3763440860215054,0.3333333333333333,full_train
cifar10,geo_r,5,0.5,1024,rate,0.37173476222371066,0.3333333333333333,full_train
cifar10,geo_r,5,0.5,1024,probe_weight,0.3544973544973545,0.3333333333333333,full_train
cifar10,geo_r,6,0.05,102,magnitude,0.12087912087912088,0.02553830746119179,full_train
cifar10,geo_r,6,0.05,102,variance,0.15254237288135594,0.02553830746119179,full_train
cifar10,geo_r,6,0.05,102,rate,0.0851063829787234,0.02553830746119179,full_train
cifar10,geo_r,6,0.05,102,probe_weight,0.1270718232044199,0.02553830746119179,full_train
cifar10,geo_r,6,0.1,204,magnitude,0.2289156626506024,0.052415210688591986,full_train
cifar10,geo_r,6,0.1,204,variance,0.21791044776119403,0.052415210688591986,full_train
cifar10,geo_r,6,0.1,204,rate,0.1826086956521739,0.052415210688591986,full_train
cifar10,geo_r,6,0.1,204,probe_weight,0.18604651162790697,0.052415210688591986,full_train
cifar10,geo_r,6,0.2,409,magnitude,0.28012519561815336,0.11093029563330621,full_train
cifar10,geo_r,6,0.2,409,variance,0.28414442700156983,0.11093029563330621,full_train
cifar10,geo_r,6,0.2,409,rate,0.25846153846153846,0.11093029563330621,full_train
cifar10,geo_r,6,0.2,409,probe_weight,0.24695121951219512,0.11093029563330621,full_train
cifar10,geo_r,6,0.5,1024,magnitude,0.43216783216783217,0.3333333333333333,full_train
cifar10,geo_r,6,0.5,1024,variance,0.42717770034843205,0.3333333333333333,full_train
cifar10,geo_r,6,0.5,1024,rate,0.4361851332398317,0.3333333333333333,full_train
cifar10,geo_r,6,0.5,1024,probe_weight,0.3960463531015678,0.3333333333333333,full_train
cifar10,geo_r,7,0.05,102,magnitude,0.3076923076923077,0.02553830746119179,full_train
cifar10,geo_r,7,0.05,102,variance,0.3246753246753247,0.02553830746119179,full_train
cifar10,geo_r,7,0.05,102,rate,0.25153374233128833,0.02553830746119179,full_train
cifar10,geo_r,7,0.05,102,probe_weight,0.1657142857142857,0.02553830746119179,full_train
cifar10,geo_r,7,0.1,204,magnitude,0.3161290322580645,0.052415210688591986,full_train
cifar10,geo_r,7,0.1,204,variance,0.3289902280130293,0.052415210688591986,full_train
cifar10,geo_r,7,0.1,204,rate,0.24770642201834864,0.052415210688591986,full_train
cifar10,geo_r,7,0.1,204,probe_weight,0.2326283987915408,0.052415210688591986,full_train
cifar10,geo_r,7,0.2,409,magnitude,0.4079173838209983,0.11093029563330621,full_train
cifar10,geo_r,7,0.2,409,variance,0.4226086956521739,0.11093029563330621,full_train
cifar10,geo_r,7,0.2,409,rate,0.3588039867109635,0.11093029563330621,full_train
cifar10,geo_r,7,0.2,409,probe_weight,0.3130016051364366,0.11093029563330621,full_train
cifar10,geo_r,7,0.5,1024,magnitude,0.48729121278140886,0.3333333333333333,full_train
cifar10,geo_r,7,0.5,1024,variance,0.4851341551849166,0.3333333333333333,full_train
cifar10,geo_r,7,0.5,1024,rate,0.4670487106017192,0.3333333333333333,full_train
cifar10,geo_r,7,0.5,1024,probe_weight,0.44022503516174405,0.3333333333333333,full_train
cifar10,geo_r,8,0.05,102,magnitude,0.2670807453416149,0.02553830746119179,full_train
cifar10,geo_r,8,0.05,102,variance,0.3161290322580645,0.02553830746119179,full_train
cifar10,geo_r,8,0.05,102,rate,0.20710059171597633,0.02553830746119179,full_train
cifar10,geo_r,8,0.05,102,probe_weight,0.20710059171597633,0.02553830746119179,full_train
cifar10,geo_r,8,0.1,204,magnitude,0.3161290322580645,0.052415210688591986,full_train
cifar10,geo_r,8,0.1,204,variance,0.31189710610932475,0.052415210688591986,full_train
cifar10,geo_r,8,0.1,204,rate,0.2830188679245283,0.052415210688591986,full_train
cifar10,geo_r,8,0.1,204,probe_weight,0.1724137931034483,0.052415210688591986,full_train
cifar10,geo_r,8,0.2,409,magnitude,0.41278065630397237,0.11093029563330621,full_train
cifar10,geo_r,8,0.2,409,variance,0.39829059829059826,0.11093029563330621,full_train
cifar10,geo_r,8,0.2,409,rate,0.3656093489148581,0.11093029563330621,full_train
cifar10,geo_r,8,0.2,409,probe_weight,0.3108974358974359,0.11093029563330621,full_train
cifar10,geo_r,8,0.5,1024,magnitude,0.5778120184899846,0.3333333333333333,full_train
cifar10,geo_r,8,0.5,1024,variance,0.5900621118012422,0.3333333333333333,full_train
cifar10,geo_r,8,0.5,1024,rate,0.5562310030395137,0.3333333333333333,full_train
cifar10,geo_r,8,0.5,1024,probe_weight,0.4755043227665706,0.3333333333333333,full_train
cifar10,geo_r,9,0.05,102,magnitude,0.11475409836065574,0.02553830746119179,full_train
cifar10,geo_r,9,0.05,102,variance,0.1270718232044199,0.02553830746119179,full_train
cifar10,geo_r,9,0.05,102,rate,0.0851063829787234,0.02553830746119179,full_train
cifar10,geo_r,9,0.05,102,probe_weight,0.13966480446927373,0.02553830746119179,full_train
cifar10,geo_r,9,0.1,204,magnitude,0.22522522522522523,0.052415210688591986,full_train
cifar10,geo_r,9,0.1,204,variance,0.2326283987915408,0.052415210688591986,full_train
cifar10,geo_r,9,0.1,204,rate,0.18604651162790697,0.052415210688591986,full_train
cifar10,geo_r,9,0.1,204,probe_weight,0.16905444126074498,0.052415210688591986,full_train
cifar10,geo_r,9,0.2,409,magnitude,0.26625386996904027,0.11093029563330621,full_train
cifar10,geo_r,9,0.2,409,variance,0.278125,0.11093029563330621,full_train
cifar10,geo_r,9,0.2,409,rate,0.254601226993865,0.11093029563330621,full_train
cifar10,geo_r,9,0.2,409,probe_weight,0.21545319465081725,0.11093029563330621,full_train
cifar10,geo_r,9,0.5,1024,magnitude,0.5249441548771407,0.3333333333333333,full_train
cifar10,geo_r,9,0.5,1024,variance,0.5159141376757957,0.3333333333333333,full_train
cifar10,geo_r,9,0.5,1024,rate,0.5294996265870052,0.3333333333333333,full_train
cifar10,geo_r,9,0.5,1024,probe_weight,0.45557924662402277,0.3333333333333333,full_train
cifar10,geo_pca,0,0.05,102,magnitude,0.2830188679245283,0.02553830746119179,full_train
cifar10,geo_pca,0,0.05,102,variance,0.3161290322580645,0.02553830746119179,full_train
cifar10,geo_pca,0,0.05,102,rate,0.21428571428571427,0.02553830746119179,full_train
cifar10,geo_pca,0,0.05,102,probe_weight,0.1791907514450867,0.02553830746119179,full_train
cifar10,geo_pca,0,0.1,204,magnitude,0.24390243902439024,0.052415210688591986,full_train
cifar10,geo_pca,0,0.1,204,variance,0.2289156626506024,0.052415210688591986,full_train
cifar10,geo_pca,0,0.1,204,rate,0.20710059171597633,0.052415210688591986,full_train
cifar10,geo_pca,0,0.1,204,probe_weight,0.19648093841642228,0.052415210688591986,full_train
cifar10,geo_pca,0,0.2,409,magnitude,0.3004769475357711,0.11093029563330621,full_train
cifar10,geo_pca,0,0.2,409,variance,0.30670926517571884,0.11093029563330621,full_train
cifar10,geo_pca,0,0.2,409,rate,0.2861635220125786,0.11093029563330621,full_train
cifar10,geo_pca,0,0.2,409,probe_weight,0.2682170542635659,0.11093029563330621,full_train
cifar10,geo_pca,0,0.5,1024,magnitude,0.2510690287110568,0.3333333333333333,full_train
cifar10,geo_pca,0,0.5,1024,variance,0.257985257985258,0.3333333333333333,full_train
cifar10,geo_pca,0,0.5,1024,rate,0.2397094430992736,0.3333333333333333,full_train
cifar10,geo_pca,0,0.5,1024,probe_weight,0.2720496894409938,0.3333333333333333,full_train
cifar10,geo_pca,1,0.05,102,magnitude,0.2215568862275449,0.02553830746119179,full_train
cifar10,geo_pca,1,0.05,102,variance,0.25925925925925924,0.02553830746119179,full_train
cifar10,geo_pca,1,0.05,102,rate,0.1590909090909091,0.02553830746119179,full_train
cifar10,geo_pca,1,0.05,102,probe_weight,0.2,0.02553830746119179,full_train
cifar10,geo_pca,1,0.1,204,magnitude,0.1558073654390935,0.052415210688591986,full_train
cifar10,geo_pca,1,0.1,204,variance,0.18604651162790697,0.052415210688591986,full_train
cifar10,geo_pca,1,0.1,204,rate,0.088,0.052415210688591986,full_train
cifar10,geo_pca,1,0.1,204,probe_weight,0.18604651162790697,0.052415210688591986,full_train
cifar10,geo_pca,1,0.2,409,magnitude,0.3864406779661017,0.11093029563330621,full_train
cifar10,geo_pca,1,0.2,409,variance,0.3543046357615894,0.11093029563330621,full_train
cifar10,geo_pca,1,0.2,409,rate,0.4054982817869416,0.11093029563330621,full_train
cifar10,geo_pca,1,0.2,409,probe_weight,0.24695121951219512,0.11093029563330621,full_train
cifar10,geo_pca,1,0.5,1024,magnitude,0.26811145510835915,0.3333333333333333,full_train
cifar10,geo_pca,1,0.5,1024,variance,0.2832080200501253,0.3333333333333333,full_train
cifar10,geo_pca,1,0.5,1024,rate,0.2587584511370621,0.3333333333333333,full_train
cifar10,geo_pca,1,0.5,1024,probe_weight,0.301143583227446,0.3333333333333333,full_train
cifar10,geo_pca,2,0.05,102,magnitude,0.3246753246753247,0.02553830746119179,full_train
cifar10,geo_pca,2,0.05,102,variance,0.2830188679245283,0.02553830746119179,full_train
cifar10,geo_pca,2,0.05,102,rate,0.20710059171597633,0.02553830746119179,full_train
cifar10,geo_pca,2,0.05,102,probe_weight,0.1724137931034483,0.02553830746119179,full_train
cifar10,geo_pca,2,0.1,204,magnitude,0.37373737373737376,0.052415210688591986,full_train
cifar10,geo_pca,2,0.1,204,variance,0.34210526315789475,0.052415210688591986,full_train
cifar10,geo_pca,2,0.1,204,rate,0.36454849498327757,0.052415210688591986,full_train
cifar10,geo_pca,2,0.1,204,probe_weight,0.20353982300884957,0.052415210688591986,full_train
cifar10,geo_pca,2,0.2,409,magnitude,0.437609841827768,0.11093029563330621,full_train
cifar10,geo_pca,2,0.2,409,variance,0.41278065630397237,0.11093029563330621,full_train
cifar10,geo_pca,2,0.2,409,rate,0.36789297658862874,0.11093029563330621,full_train
cifar10,geo_pca,2,0.2,409,probe_weight,0.32148626817447495,0.11093029563330621,full_train
cifar10,geo_pca,2,0.5,1024,magnitude,0.35181518151815183,0.3333333333333333,full_train
cifar10,geo_pca,2,0.5,1024,variance,0.34648257725180803,0.3333333333333333,full_train
cifar10,geo_pca,2,0.5,1024,rate,0.3447143795141169,0.3333333333333333,full_train
cifar10,geo_pca,2,0.5,1024,probe_weight,0.3350717079530639,0.3333333333333333,full_train
cifar10,geo_pca,3,0.05,102,magnitude,0.2289156626506024,0.02553830746119179,full_train
cifar10,geo_pca,3,0.05,102,variance,0.21428571428571427,0.02553830746119179,full_train
cifar10,geo_pca,3,0.05,102,rate,0.1791907514450867,0.02553830746119179,full_train
cifar10,geo_pca,3,0.05,102,probe_weight,0.1791907514450867,0.02553830746119179,full_train
cifar10,geo_pca,3,0.1,204,magnitude,0.36,0.052415210688591986,full_train
cifar10,geo_pca,3,0.1,204,variance,0.2870662460567823,0.052415210688591986,full_train
cifar10,geo_pca,3,0.1,204,rate,0.36454849498327757,0.052415210688591986,full_train
cifar10,geo_pca,3,0.1,204,probe_weight,0.14285714285714285,0.052415210688591986,full_train
cifar10,geo_pca,3,0.2,409,magnitude,0.39829059829059826,0.11093029563330621,full_train
cifar10,geo_pca,3,0.2,409,variance,0.37018425460636517,0.11093029563330621,full_train
cifar10,geo_pca,3,0.2,409,rate,0.3771043771043771,0.11093029563330621,full_train
cifar10,geo_pca,3,0.2,409,probe_weight,0.2902208201892745,0.11093029563330621,full_train
cifar10,geo_pca,3,0.5,1024,magnitude,0.5515151515151515,0.3333333333333333,full_train
cifar10,geo_pca,3,0.5,1024,variance,0.5340823970037453,0.3333333333333333,full_train
cifar10,geo_pca,3,0.5,1024,rate,0.5398496240601504,0.3333333333333333,full_train
cifar10,geo_pca,3,0.5,1024,probe_weight,0.47020818377602297,0.3333333333333333,full_train
cifar10,geo_pca,4,0.05,102,magnitude,0.10869565217391304,0.02553830746119179,full_train
cifar10,geo_pca,4,0.05,102,variance,0.1657142857142857,0.02553830746119179,full_train
cifar10,geo_pca,4,0.05,102,rate,0.05699481865284974,0.02553830746119179,full_train
cifar10,geo_pca,4,0.05,102,probe_weight,0.2215568862275449,0.02553830746119179,full_train
cifar10,geo_pca,4,0.1,204,magnitude,0.24770642201834864,0.052415210688591986,full_train
cifar10,geo_pca,4,0.1,204,variance,0.25153374233128833,0.052415210688591986,full_train
cifar10,geo_pca,4,0.1,204,rate,0.1826086956521739,0.052415210688591986,full_train
cifar10,geo_pca,4,0.1,204,probe_weight,0.20710059171597633,0.052415210688591986,full_train
cifar10,geo_pca,4,0.2,409,magnitude,0.32148626817447495,0.11093029563330621,full_train
cifar10,geo_pca,4,0.2,409,variance,0.34318555008210183,0.11093029563330621,full_train
cifar10,geo_pca,4,0.2,409,rate,0.26040061633281975,0.11093029563330621,full_train
cifar10,geo_pca,4,0.2,409,probe_weight,0.3322475570032573,0.11093029563330621,full_train
cifar10,geo_pca,4,0.5,1024,magnitude,0.38191632928475033,0.3333333333333333,full_train
cifar10,geo_pca,4,0.5,1024,variance,0.3763440860215054,0.3333333333333333,full_train
cifar10,geo_pca,4,0.5,1024,rate,0.38098449089683073,0.3333333333333333,full_train
cifar10,geo_pca,4,0.5,1024,probe_weight,0.3562913907284768,0.3333333333333333,full_train
cifar10,geo_pca,5,0.05,102,magnitude,0.3161290322580645,0.02553830746119179,full_train
cifar10,geo_pca,5,0.05,102,variance,0.34210526315789475,0.02553830746119179,full_train
cifar10,geo_pca,5,0.05,102,rate,0.21428571428571427,0.02553830746119179,full_train
cifar10,geo_pca,5,0.05,102,probe_weight,0.1791907514450867,0.02553830746119179,full_train
cifar10,geo_pca,5,0.1,204,magnitude,0.38305084745762713,0.052415210688591986,full_train
cifar10,geo_pca,5,0.1,204,variance,0.3289902280130293,0.052415210688591986,full_train
cifar10,geo_pca,5,0.1,204,rate,0.38305084745762713,0.052415210688591986,full_train
cifar10,geo_pca,5,0.1,204,probe_weight,0.1826086956521739,0.052415210688591986,full_train
cifar10,geo_pca,5,0.2,409,magnitude,0.37478991596638656,0.11093029563330621,full_train
cifar10,geo_pca,5,0.2,409,variance,0.35655058043117743,0.11093029563330621,full_train
cifar10,geo_pca,5,0.2,409,rate,0.3656093489148581,0.11093029563330621,full_train
cifar10,geo_pca,5,0.2,409,probe_weight,0.29430379746835444,0.11093029563330621,full_train
cifar10,geo_pca,5,0.5,1024,magnitude,0.5456603773584906,0.3333333333333333,full_train
cifar10,geo_pca,5,0.5,1024,variance,0.5340823970037453,0.3333333333333333,full_train
cifar10,geo_pca,5,0.5,1024,rate,0.5597867479055598,0.3333333333333333,full_train
cifar10,geo_pca,5,0.5,1024,probe_weight,0.47656813266041814,0.3333333333333333,full_train
cifar10,geo_pca,6,0.05,102,magnitude,0.04081632653061224,0.02553830746119179,full_train
cifar10,geo_pca,6,0.05,102,variance,0.07936507936507936,0.02553830746119179,full_train
cifar10,geo_pca,6,0.05,102,rate,0.03553299492385787,0.02553830746119179,full_train
cifar10,geo_pca,6,0.05,102,probe_weight,0.13333333333333333,0.02553830746119179,full_train
cifar10,geo_pca,6,0.1,204,magnitude,0.42657342657342656,0.052415210688591986,full_train
cifar10,geo_pca,6,0.1,204,variance,0.36,0.052415210688591986,full_train
cifar10,geo_pca,6,0.1,204,rate,0.4020618556701031,0.052415210688591986,full_train
cifar10,geo_pca,6,0.1,204,probe_weight,0.20710059171597633,0.052415210688591986,full_train
cifar10,geo_pca,6,0.2,409,magnitude,0.30254777070063693,0.11093029563330621,full_train
cifar10,geo_pca,6,0.2,409,variance,0.30254777070063693,0.11093029563330621,full_train
cifar10,geo_pca,6,0.2,409,rate,0.27414330218068533,0.11093029563330621,full_train
cifar10,geo_pca,6,0.2,409,probe_weight,0.2642967542503864,0.11093029563330621,full_train
cifar10,geo_pca,6,0.5,1024,magnitude,0.284012539184953,0.3333333333333333,full_train
cifar10,geo_pca,6,0.5,1024,variance,0.28886091881686593,0.3333333333333333,full_train
cifar10,geo_pca,6,0.5,1024,rate,0.2649783817171093,0.3333333333333333,full_train
cifar10,geo_pca,6,0.5,1024,probe_weight,0.30862619808306707,0.3333333333333333,full_train
cifar10,geo_pca,7,0.05,102,magnitude,0.2830188679245283,0.02553830746119179,full_train
cifar10,geo_pca,7,0.05,102,variance,0.3076923076923077,0.02553830746119179,full_train
cifar10,geo_pca,7,0.05,102,rate,0.18604651162790697,0.02553830746119179,full_train
cifar10,geo_pca,7,0.05,102,probe_weight,0.21428571428571427,0.02553830746119179,full_train
cifar10,geo_pca,7,0.1,204,magnitude,0.24770642201834864,0.052415210688591986,full_train
cifar10,geo_pca,7,0.1,204,variance,0.2830188679245283,0.052415210688591986,full_train
cifar10,geo_pca,7,0.1,204,rate,0.1791907514450867,0.052415210688591986,full_train
cifar10,geo_pca,7,0.1,204,probe_weight,0.2289156626506024,0.052415210688591986,full_train
cifar10,geo_pca,7,0.2,409,magnitude,0.3108974358974359,0.11093029563330621,full_train
cifar10,geo_pca,7,0.2,409,variance,0.33442088091353994,0.11093029563330621,full_train
cifar10,geo_pca,7,0.2,409,rate,0.2565284178187404,0.11093029563330621,full_train
cifar10,geo_pca,7,0.2,409,probe_weight,0.34983498349834985,0.11093029563330621,full_train
cifar10,geo_pca,7,0.5,1024,magnitude,0.4065934065934066,0.3333333333333333,full_train
cifar10,geo_pca,7,0.5,1024,variance,0.4124137931034483,0.3333333333333333,full_train
cifar10,geo_pca,7,0.5,1024,rate,0.3969986357435198,0.3333333333333333,full_train
cifar10,geo_pca,7,0.5,1024,probe_weight,0.40370116518163124,0.3333333333333333,full_train
cifar10,geo_pca,8,0.05,102,magnitude,0.19298245614035087,0.02553830746119179,full_train
cifar10,geo_pca,8,0.05,102,variance,0.23636363636363636,0.02553830746119179,full_train
cifar10,geo_pca,8,0.05,102,rate,0.1270718232044199,0.02553830746119179,full_train
cifar10,geo_pca,8,0.05,102,probe_weight,0.18604651162790697,0.02553830746119179,full_train
cifar10,geo_pca,8,0.1,204,magnitude,0.15254237288135594,0.052415210688591986,full_train
cifar10,geo_pca,8,0.1,204,variance,0.1657142857142857,0.052415210688591986,full_train
cifar10,geo_pca,8,0.1,204,rate,0.13019390581717452,0.052415210688591986,full_train
cifar10,geo_pca,8,0.1,204,probe_weight,0.1558073654390935,0.052415210688591986,full_train
cifar10,geo_pca,8,0.2,409,magnitude,0.1855072463768116,0.11093029563330621,full_train
cifar10,geo_pca,8,0.2,409,variance,0.21005917159763313,0.11093029563330621,full_train
cifar10,geo_pca,8,0.2,409,rate,0.16358463726884778,0.11093029563330621,full_train
cifar10,geo_pca,8,0.2,409,probe_weight,0.21907600596125187,0.11093029563330621,full_train
cifar10,geo_pca,8,0.5,1024,magnitude,0.2183224271267103,0.3333333333333333,full_train
cifar10,geo_pca,8,0.5,1024,variance,0.22488038277511962,0.3333333333333333,full_train
cifar10,geo_pca,8,0.5,1024,rate,0.2205005959475566,0.3333333333333333,full_train
cifar10,geo_pca,8,0.5,1024,probe_weight,0.2728402734617775,0.3333333333333333,full_train
cifar10,geo_pca,9,0.05,102,magnitude,0.20710059171597633,0.02553830746119179,full_train
cifar10,geo_pca,9,0.05,102,variance,0.2289156626506024,0.02553830746119179,full_train
cifar10,geo_pca,9,0.05,102,rate,0.13333333333333333,0.02553830746119179,full_train
cifar10,geo_pca,9,0.05,102,probe_weight,0.1791907514450867,0.02553830746119179,full_train
cifar10,geo_pca,9,0.1,204,magnitude,0.31189710610932475,0.052415210688591986,full_train
cifar10,geo_pca,9,0.1,204,variance,0.2911392405063291,0.052415210688591986,full_train
cifar10,geo_pca,9,0.1,204,rate,0.27899686520376177,0.052415210688591986,full_train
cifar10,geo_pca,9,0.1,204,probe_weight,0.20353982300884957,0.052415210688591986,full_train
cifar10,geo_pca,9,0.2,409,magnitude,0.34983498349834985,0.11093029563330621,full_train
cifar10,geo_pca,9,0.2,409,variance,0.36789297658862874,0.11093029563330621,full_train
cifar10,geo_pca,9,0.2,409,rate,0.2861635220125786,0.11093029563330621,full_train
cifar10,geo_pca,9,0.2,409,probe_weight,0.34098360655737703,0.11093029563330621,full_train
cifar10,geo_pca,9,0.5,1024,magnitude,0.4182825484764543,0.3333333333333333,full_train
cifar10,geo_pca,9,0.5,1024,variance,0.41338854382332646,0.3333333333333333,full_train
cifar10,geo_pca,9,0.5,1024,rate,0.4114403859407305,0.3333333333333333,full_train
cifar10,geo_pca,9,0.5,1024,probe_weight,0.40177960301163584,0.3333333333333333,full_train
cifar10,geo_m,0,0.05,102,magnitude,0.29936305732484075,0.02553830746119179,n4000_seed0
cifar10,geo_m,0,0.05,102,variance,0.5454545454545454,0.02553830746119179,n4000_seed0
cifar10,geo_m,0,0.05,102,rate,0.13966480446927373,0.02553830746119179,n4000_seed0
cifar10,geo_m,0,0.05,102,probe_weight,0.2911392405063291,0.02553830746119179,n4000_seed0
cifar10,geo_m,0,0.1,204,magnitude,0.4166666666666667,0.052415210688591986,n4000_seed0
cifar10,geo_m,0,0.1,204,variance,0.59375,0.052415210688591986,n4000_seed0
cifar10,geo_m,0,0.1,204,rate,0.2326283987915408,0.052415210688591986,n4000_seed0
cifar10,geo_m,0,0.1,204,probe_weight,0.32038834951456313,0.052415210688591986,n4000_seed0
cifar10,geo_m,0,0.2,409,magnitude,0.4054982817869416,0.11093029563330621,n4000_seed0
cifar10,geo_m,0,0.2,409,variance,0.5375939849624061,0.11093029563330621,n4000_seed0
cifar10,geo_m,0,0.2,409,rate,0.24695121951219512,0.11093029563330621,n4000_seed0
cifar10,geo_m,0,0.2,409,probe_weight,0.32148626817447495,0.11093029563330621,n4000_seed0
cifar10,geo_m,0,0.5,1024,magnitude,0.7152428810720268,0.3333333333333333,n4000_seed0
cifar10,geo_m,0,0.5,1024,variance,0.8044052863436123,0.3333333333333333,n4000_seed0
cifar10,geo_m,0,0.5,1024,rate,0.6037588097102584,0.3333333333333333,n4000_seed0
cifar10,geo_m,0,0.5,1024,probe_weight,0.4981711777615216,0.3333333333333333,n4000_seed0
cifar10,geo_m,1,0.05,102,magnitude,0.2911392405063291,0.02553830746119179,n4000_seed0
cifar10,geo_m,1,0.05,102,variance,0.5338345864661654,0.02553830746119179,n4000_seed0
cifar10,geo_m,1,0.05,102,rate,0.11475409836065574,0.02553830746119179,n4000_seed0
cifar10,geo_m,1,0.05,102,probe_weight,0.25925925925925924,0.02553830746119179,n4000_seed0
cifar10,geo_m,1,0.1,204,magnitude,0.3877551020408163,0.052415210688591986,n4000_seed0
cifar10,geo_m,1,0.1,204,variance,0.5454545454545454,0.052415210688591986,n4000_seed0
cifar10,geo_m,1,0.1,204,rate,0.2215568862275449,0.052415210688591986,n4000_seed0
cifar10,geo_m,1,0.1,204,probe_weight,0.3035143769968051,0.052415210688591986,n4000_seed0
cifar10,geo_m,1,0.2,409,magnitude,0.6007827788649707,0.11093029563330621,n4000_seed0
cifar10,geo_m,1,0.2,409,variance,0.7899343544857768,0.11093029563330621,n4000_seed0
cifar10,geo_m,1,0.2,409,rate,0.39590443686006827,0.11093029563330621,n4000_seed0
cifar10,geo_m,1,0.2,409,probe_weight,0.3610648918469218,0.11093029563330621,n4000_seed0
cifar10,geo_m,1,0.5,1024,magnitude,0.7504273504273504,0.3333333333333333,n4000_seed0
cifar10,geo_m,1,0.5,1024,variance,0.8334825425246195,0.3333333333333333,n4000_seed0
cifar10,geo_m,1,0.5,1024,rate,0.6331738437001595,0.3333333333333333,n4000_seed0
cifar10,geo_m,1,0.5,1024,probe_weight,0.508100147275405,0.3333333333333333,n4000_seed0
cifar10,geo_m,2,0.05,102,magnitude,0.45714285714285713,0.02553830746119179,n4000_seed0
cifar10,geo_m,2,0.05,102,variance,0.7586206896551724,0.02553830746119179,n4000_seed0
cifar10,geo_m,2,0.05,102,rate,0.19298245614035087,0.02553830746119179,n4000_seed0
cifar10,geo_m,2,0.05,102,probe_weight,0.25925925925925924,0.02553830746119179,n4000_seed0
cifar10,geo_m,2,0.1,204,magnitude,0.516728624535316,0.052415210688591986,n4000_seed0
cifar10,geo_m,2,0.1,204,variance,0.7288135593220338,0.052415210688591986,n4000_seed0
cifar10,geo_m,2,0.1,204,rate,0.2830188679245283,0.052415210688591986,n4000_seed0
cifar10,geo_m,2,0.1,204,probe_weight,0.3246753246753247,0.052415210688591986,n4000_seed0
cifar10,geo_m,2,0.2,409,magnitude,0.48727272727272725,0.11093029563330621,n4000_seed0
cifar10,geo_m,2,0.2,409,variance,0.636,0.11093029563330621,n4000_seed0
cifar10,geo_m,2,0.2,409,rate,0.31511254019292606,0.11093029563330621,n4000_seed0
cifar10,geo_m,2,0.2,409,probe_weight,0.3366013071895425,0.11093029563330621,n4000_seed0
cifar10,geo_m,2,0.5,1024,magnitude,0.6897689768976898,0.3333333333333333,n4000_seed0
cifar10,geo_m,2,0.5,1024,variance,0.7762359063313097,0.3333333333333333,n4000_seed0
cifar10,geo_m,2,0.5,1024,rate,0.5826893353941267,0.3333333333333333,n4000_seed0
cifar10,geo_m,2,0.5,1024,probe_weight,0.4851341551849166,0.3333333333333333,n4000_seed0
cifar10,geo_m,3,0.05,102,magnitude,0.19298245614035087,0.02553830746119179,n4000_seed0
cifar10,geo_m,3,0.05,102,variance,0.3691275167785235,0.02553830746119179,n4000_seed0
cifar10,geo_m,3,0.05,102,rate,0.02,0.02553830746119179,n4000_seed0
cifar10,geo_m,3,0.05,102,probe_weight,0.2,0.02553830746119179,n4000_seed0
cifar10,geo_m,3,0.1,204,magnitude,0.4945054945054945,0.052415210688591986,n4000_seed0
cifar10,geo_m,3,0.1,204,variance,0.7071129707112971,0.052415210688591986,n4000_seed0
cifar10,geo_m,3,0.1,204,rate,0.25153374233128833,0.052415210688591986,n4000_seed0
cifar10,geo_m,3,0.1,204,probe_weight,0.29936305732484075,0.052415210688591986,n4000_seed0
cifar10,geo_m,3,0.2,409,magnitude,0.6558704453441295,0.11093029563330621,n4000_seed0
cifar10,geo_m,3,0.2,409,variance,0.8506787330316742,0.11093029563330621,n4000_seed0
cifar10,geo_m,3,0.2,409,rate,0.43257443082311736,0.11093029563330621,n4000_seed0
cifar10,geo_m,3,0.2,409,probe_weight,0.3610648918469218,0.11093029563330621,n4000_seed0
cifar10,geo_m,3,0.5,1024,magnitude,0.8720292504570384,0.3333333333333333,n4000_seed0
cifar10,geo_m,3,0.5,1024,variance,0.9357277882797732,0.3333333333333333,n4000_seed0
cifar10,geo_m,3,0.5,1024,rate,0.7444633730834753,0.3333333333333333,n4000_seed0
cifar10,geo_m,3,0.5,1024,probe_weight,0.5058823529411764,0.3333333333333333,n4000_seed0
cifar10,geo_m,4,0.05,102,magnitude,0.07936507936507936,0.02553830746119179,n4000_seed0
cifar10,geo_m,4,0.05,102,variance,0.2289156626506024,0.02553830746119179,n4000_seed0
cifar10,geo_m,4,0.05,102,rate,0.0,0.02553830746119179,n4000_seed0
cifar10,geo_m,4,0.05,102,probe_weight,0.21428571428571427,0.02553830746119179,n4000_seed0
cifar10,geo_m,4,0.1,204,magnitude,0.48363636363636364,0.052415210688591986,n4000_seed0
cifar10,geo_m,4,0.1,204,variance,0.6790123456790124,0.052415210688591986,n4000_seed0
cifar10,geo_m,4,0.1,204,rate,0.2553846153846154,0.052415210688591986,n4000_seed0
cifar10,geo_m,4,0.1,204,probe_weight,0.3161290322580645,0.052415210688591986,n4000_seed0
cifar10,geo_m,4,0.2,409,magnitude,0.4954296160877514,0.11093029563330621,n4000_seed0
cifar10,geo_m,4,0.2,409,variance,0.6491935483870968,0.11093029563330621,n4000_seed0
cifar10,geo_m,4,0.2,409,rate,0.3172302737520129,0.11093029563330621,n4000_seed0
cifar10,geo_m,4,0.2,409,probe_weight,0.3322475570032573,0.11093029563330621,n4000_seed0
cifar10,geo_m,4,0.5,1024,magnitude,0.8806244260789715,0.3333333333333333,n4000_seed0
cifar10,geo_m,4,0.5,1024,variance,0.9338999055712937,0.3333333333333333,n4000_seed0
cifar10,geo_m,4,0.5,1024,rate,0.7534246575342466,0.3333333333333333,n4000_seed0
cifar10,geo_m,4,0.5,1024,probe_weight,0.5025678650036683,0.3333333333333333,n4000_seed0
cifar10,geo_m,5,0.05,102,magnitude,0.10869565217391304,0.02553830746119179,n4000_seed0
cifar10,geo_m,5,0.05,102,variance,0.275,0.02553830746119179,n4000_seed0
cifar10,geo_m,5,0.05,102,rate,0.009900990099009901,0.02553830746119179,n4000_seed0
cifar10,geo_m,5,0.05,102,probe_weight,0.2289156626506024,0.02553830746119179,n4000_seed0
cifar10,geo_m,5,0.1,204,magnitude,0.34210526315789475,0.052415210688591986,n4000_seed0
cifar10,geo_m,5,0.1,204,variance,0.5111111111111111,0.052415210688591986,n4000_seed0
cifar10,geo_m,5,0.1,204,rate,0.1724137931034483,0.052415210688591986,n4000_seed0
cifar10,geo_m,5,0.1,204,probe_weight,0.29936305732484075,0.052415210688591986,n4000_seed0
cifar10,geo_m,5,0.2,409,magnitude,0.6327345309381237,0.11093029563330621,n4000_seed0
cifar10,geo_m,5,0.2,409,variance,0.8097345132743363,0.11093029563330621,n4000_seed0
cifar10,geo_m,5,0.2,409,rate,0.4079173838209983,0.11093029563330621,n4000_seed0
cifar10,geo_m,5,0.2,409,probe_weight,0.3543046357615894,0.11093029563330621,n4000_seed0
cifar10,geo_m,5,0.5,1024,magnitude,0.7762359063313097,0.3333333333333333,n4000_seed0
cifar10,geo_m,5,0.5,1024,variance,0.8652094717668488,0.3333333333333333,n4000_seed0
cifar10,geo_m,5,0.5,1024,rate,0.6596434359805511,0.3333333333333333,n4000_seed0
cifar10,geo_m,5,0.5,1024,probe_weight,0.506990434142752,0.3333333333333333,n4000_seed0
cifar10,geo_m,6,0.05,102,magnitude,0.1590909090909091,0.02553830746119179,n4000_seed0
cifar10,geo_m,6,0.05,102,variance,0.3509933774834437,0.02553830746119179,n4000_seed0
cifar10,geo_m,6,0.05,102,rate,0.030303030303030304,0.02553830746119179,n4000_seed0
cifar10,geo_m,6,0.05,102,probe_weight,0.2,0.02553830746119179,n4000_seed0
cifar10,geo_m,6,0.1,204,magnitude,0.4416961130742049,0.052415210688591986,n4000_seed0
cifar10,geo_m,6,0.1,204,variance,0.6385542168674698,0.052415210688591986,n4000_seed0
cifar10,geo_m,6,0.1,204,rate,0.2289156626506024,0.052415210688591986,n4000_seed0
cifar10,geo_m,6,0.1,204,probe_weight,0.3076923076923077,0.052415210688591986,n4000_seed0
cifar10,geo_m,6,0.2,409,magnitude,0.5883495145631068,0.11093029563330621,n4000_seed0
cifar10,geo_m,6,0.2,409,variance,0.7667386609071274,0.11093029563330621,n4000_seed0
cifar10,geo_m,6,0.2,409,rate,0.391156462585034,0.11093029563330621,n4000_seed0
cifar10,geo_m,6,0.2,409,probe_weight,0.37018425460636517,0.11093029563330621,n4000_seed0
cifar10,geo_m,6,0.5,1024,magnitude,0.6305732484076433,0.3333333333333333,n4000_seed0
cifar10,geo_m,6,0.5,1024,variance,0.7123745819397993,0.3333333333333333,n4000_seed0
cifar10,geo_m,6,0.5,1024,rate,0.5306427503736921,0.3333333333333333,n4000_seed0
cifar10,geo_m,6,0.5,1024,probe_weight,0.47656813266041814,0.3333333333333333,n4000_seed0
cifar10,geo_m,7,0.05,102,magnitude,0.23636363636363636,0.02553830746119179,n4000_seed0
cifar10,geo_m,7,0.05,102,variance,0.4676258992805755,0.02553830746119179,n4000_seed0
cifar10,geo_m,7,0.05,102,rate,0.0967741935483871,0.02553830746119179,n4000_seed0
cifar10,geo_m,7,0.05,102,probe_weight,0.25925925925925924,0.02553830746119179,n4000_seed0
cifar10,geo_m,7,0.1,204,magnitude,0.45714285714285713,0.052415210688591986,n4000_seed0
cifar10,geo_m,7,0.1,204,variance,0.6585365853658537,0.052415210688591986,n4000_seed0
cifar10,geo_m,7,0.1,204,rate,0.2326283987915408,0.052415210688591986,n4000_seed0
cifar10,geo_m,7,0.1,204,probe_weight,0.2911392405063291,0.052415210688591986,n4000_seed0
cifar10,geo_m,7,0.2,409,magnitude,0.7184873949579832,0.11093029563330621,n4000_seed0
cifar10,geo_m,7,0.2,409,variance,0.8847926267281107,0.11093029563330621,n4000_seed0
cifar10,geo_m,7,0.2,409,rate,0.48727272727272725,0.11093029563330621,n4000_seed0
cifar10,geo_m,7,0.2,409,probe_weight,0.35206611570247937,0.11093029563330621,n4000_seed0
cifar10,geo_m,7,0.5,1024,magnitude,0.9086672879776329,0.3333333333333333,n4000_seed0
cifar10,geo_m,7,0.5,1024,variance,0.8075904677846425,0.3333333333333333,n4000_seed0
cifar10,geo_m,7,0.5,1024,rate,0.9158091674462114,0.3333333333333333,n4000_seed0
cifar10,geo_m,7,0.5,1024,probe_weight,0.49162418062636565,0.3333333333333333,n4000_seed0
cifar10,geo_m,8,0.05,102,magnitude,0.0049261083743842365,0.02553830746119179,n4000_seed0
cifar10,geo_m,8,0.05,102,variance,0.11475409836065574,0.02553830746119179,n4000_seed0
cifar10,geo_m,8,0.05,102,rate,0.0,0.02553830746119179,n4000_seed0
cifar10,geo_m,8,0.05,102,probe_weight,0.1657142857142857,0.02553830746119179,n4000_seed0
cifar10,geo_m,8,0.1,204,magnitude,0.2631578947368421,0.052415210688591986,n4000_seed0
cifar10,geo_m,8,0.1,204,variance,0.4020618556701031,0.052415210688591986,n4000_seed0
cifar10,geo_m,8,0.1,204,rate,0.12396694214876033,0.052415210688591986,n4000_seed0
cifar10,geo_m,8,0.1,204,probe_weight,0.275,0.052415210688591986,n4000_seed0
cifar10,geo_m,8,0.2,409,magnitude,0.6392785571142284,0.11093029563330621,n4000_seed0
cifar10,geo_m,8,0.2,409,variance,0.8382022471910112,0.11093029563330621,n4000_seed0
cifar10,geo_m,8,0.2,409,rate,0.4226086956521739,0.11093029563330621,n4000_seed0
cifar10,geo_m,8,0.2,409,probe_weight,0.3656093489148581,0.11093029563330621,n4000_seed0
cifar10,geo_m,8,0.5,1024,magnitude,0.7166806370494552,0.3333333333333333,n4000_seed0
cifar10,geo_m,8,0.5,1024,variance,0.8044052863436123,0.3333333333333333,n4000_seed0
cifar10,geo_m,8,0.5,1024,rate,0.6125984251968504,0.3333333333333333,n4000_seed0
cifar10,geo_m,8,0.5,1024,probe_weight,0.49707602339181284,0.3333333333333333,n4000_seed0
cifar10,geo_m,9,0.05,102,magnitude,0.3076923076923077,0.02553830746119179,n4000_seed0
cifar10,geo_m,9,0.05,102,variance,0.5454545454545454,0.02553830746119179,n4000_seed0
cifar10,geo_m,9,0.05,102,rate,0.13966480446927373,0.02553830746119179,n4000_seed0
cifar10,geo_m,9,0.05,102,probe_weight,0.275,0.02553830746119179,n4000_seed0
cifar10,geo_m,9,0.1,204,magnitude,0.4068965517241379,0.052415210688591986,n4000_seed0
cifar10,geo_m,9,0.1,204,variance,0.5813953488372093,0.052415210688591986,n4000_seed0
cifar10,geo_m,9,0.1,204,rate,0.20710059171597633,0.052415210688591986,n4000_seed0
cifar10,geo_m,9,0.1,204,probe_weight,0.31189710610932475,0.052415210688591986,n4000_seed0
cifar10,geo_m,9,0.2,409,magnitude,0.4899817850637523,0.11093029563330621,n4000_seed0
cifar10,geo_m,9,0.2,409,variance,0.623015873015873,0.11093029563330621,n4000_seed0
cifar10,geo_m,9,0.2,409,rate,0.30670926517571884,0.11093029563330621,n4000_seed0
cifar10,geo_m,9,0.2,409,probe_weight,0.3322475570032573,0.11093029563330621,n4000_seed0
cifar10,geo_m,9,0.5,1024,magnitude,0.9033457249070632,0.3333333333333333,n4000_seed0
cifar10,geo_m,9,0.5,1024,variance,0.9430740037950665,0.3333333333333333,n4000_seed0
cifar10,geo_m,9,0.5,1024,rate,0.7746967071057193,0.3333333333333333,n4000_seed0
cifar10,geo_m,9,0.5,1024,probe_weight,0.5047759000734754,0.3333333333333333,n4000_seed0
cifar10,geo_r,0,0.05,102,magnitude,0.2,0.02553830746119179,n4000_seed0
cifar10,geo_r,0,0.05,102,variance,0.1791907514450867,0.02553830746119179,n4000_seed0
cifar10,geo_r,0,0.05,102,rate,0.14606741573033707,0.02553830746119179,n4000_seed0
cifar10,geo_r,0,0.05,102,probe_weight,0.14606741573033707,0.02553830746119179,n4000_seed0
cifar10,geo_r,0,0.1,204,magnitude,0.36,0.052415210688591986,n4000_seed0
cifar10,geo_r,0,0.1,204,variance,0.3076923076923077,0.052415210688591986,n4000_seed0
cifar10,geo_r,0,0.1,204,rate,0.3377049180327869,0.052415210688591986,n4000_seed0
cifar10,geo_r,0,0.1,204,probe_weight,0.16905444126074498,0.052415210688591986,n4000_seed0
cifar10,geo_r,0,0.2,409,magnitude,0.41522491349480967,0.11093029563330621,n4000_seed0
cifar10,geo_r,0,0.2,409,variance,0.37478991596638656,0.11093029563330621,n4000_seed0
cifar10,geo_r,0,0.2,409,rate,0.4226086956521739,0.11093029563330621,n4000_seed0
cifar10,geo_r,0,0.2,409,probe_weight,0.2319277108433735,0.11093029563330621,n4000_seed0
cifar10,geo_r,0,0.5,1024,magnitude,0.5306427503736921,0.3333333333333333,n4000_seed0
cifar10,geo_r,0,0.5,1024,variance,0.5136733185513673,0.3333333333333333,n4000_seed0
cifar10,geo_r,0,0.5,1024,rate,0.5340823970037453,0.3333333333333333,n4000_seed0
cifar10,geo_r,0,0.5,1024,probe_weight,0.4056280027453672,0.3333333333333333,n4000_seed0
cifar10,geo_r,1,0.05,102,magnitude,0.19298245614035087,0.02553830746119179,n4000_seed0
cifar10,geo_r,1,0.05,102,variance,0.2215568862275449,0.02553830746119179,n4000_seed0
cifar10,geo_r,1,0.05,102,rate,0.12087912087912088,0.02553830746119179,n4000_seed0
cifar10,geo_r,1,0.05,102,probe_weight,0.1270718232044199,0.02553830746119179,n4000_seed0
cifar10,geo_r,1,0.1,204,magnitude,0.4020618556701031,0.052415210688591986,n4000_seed0
cifar10,geo_r,1,0.1,204,variance,0.3691275167785235,0.052415210688591986,n4000_seed0
cifar10,geo_r,1,0.1,204,rate,0.3246753246753247,0.052415210688591986,n4000_seed0
cifar10,geo_r,1,0.1,204,probe_weight,0.18950437317784258,0.052415210688591986,n4000_seed0
cifar10,geo_r,1,0.2,409,magnitude,0.4452296819787986,0.11093029563330621,n4000_seed0
cifar10,geo_r,1,0.2,409,variance,0.43257443082311736,0.11093029563330621,n4000_seed0
cifar10,geo_r,1,0.2,409,rate,0.4226086956521739,0.11093029563330621,n4000_seed0
cifar10,geo_r,1,0.2,409,probe_weight,0.26625386996904027,0.11093029563330621,n4000_seed0
cifar10,geo_r,1,0.5,1024,magnitude,0.6344772545889864,0.3333333333333333,n4000_seed0
cifar10,geo_r,1,0.5,1024,variance,0.6292760540970564,0.3333333333333333,n4000_seed0
cifar10,geo_r,1,0.5,1024,rate,0.6125984251968504,0.3333333333333333,n4000_seed0
cifar10,geo_r,1,0.5,1024,probe_weight,0.4281729428172943,0.3333333333333333,n4000_seed0
cifar10,geo_r,2,0.05,102,magnitude,0.2289156626506024,0.02553830746119179,n4000_seed0
cifar10,geo_r,2,0.05,102,variance,0.25925925925925924,0.02553830746119179,n4000_seed0
cifar10,geo_r,2,0.05,102,rate,0.1791907514450867,0.02553830746119179,n4000_seed0
cifar10,geo_r,2,0.05,102,probe_weight,0.1270718232044199,0.02553830746119179,n4000_seed0
cifar10,geo_r,2,0.1,204,magnitude,0.27102803738317754,0.052415210688591986,n4000_seed0
cifar10,geo_r,2,0.1,204,variance,0.27102803738317754,0.052415210688591986,n4000_seed0
cifar10,geo_r,2,0.1,204,rate,0.2326283987915408,0.052415210688591986,n4000_seed0
cifar10,geo_r,2,0.1,204,probe_weight,0.17579250720461095,0.052415210688591986,n4000_seed0
cifar10,geo_r,2,0.2,409,magnitude,0.2861635220125786,0.11093029563330621,n4000_seed0
cifar10,geo_r,2,0.2,409,variance,0.29430379746835444,0.11093029563330621,n4000_seed0
cifar10,geo_r,2,0.2,409,rate,0.2565284178187404,0.11093029563330621,n4000_seed0
cifar10,geo_r,2,0.2,409,probe_weight,0.2011747430249633,0.11093029563330621,n4000_seed0
cifar10,geo_r,2,0.5,1024,magnitude,0.4301675977653631,0.3333333333333333,n4000_seed0
cifar10,geo_r,2,0.5,1024,variance,0.42717770034843205,0.3333333333333333,n4000_seed0
cifar10,geo_r,2,0.5,1024,rate,0.4232105628908965,0.3333333333333333,n4000_seed0
cifar10,geo_r,2,0.5,1024,probe_weight,0.35181518151815183,0.3333333333333333,n4000_seed0
cifar10,geo_r,3,0.05,102,magnitude,0.275,0.02553830746119179,n4000_seed0
cifar10,geo_r,3,0.05,102,variance,0.25153374233128833,0.02553830746119179,n4000_seed0
cifar10,geo_r,3,0.05,102,rate,0.25153374233128833,0.02553830746119179,n4000_seed0
cifar10,geo_r,3,0.05,102,probe_weight,0.11475409836065574,0.02553830746119179,n4000_seed0
cifar10,geo_r,3,0.1,204,magnitude,0.3972602739726027,0.052415210688591986,n4000_seed0
cifar10,geo_r,3,0.1,204,variance,0.36,0.052415210688591986,n4000_seed0
cifar10,geo_r,3,0.1,204,rate,0.34210526315789475,0.052415210688591986,n4000_seed0
cifar10,geo_r,3,0.1,204,probe_weight,0.18950437317784258,0.052415210688591986,n4000_seed0
cifar10,geo_r,3,0.2,409,magnitude,0.47653429602888087,0.11093029563330621,n4000_seed0
cifar10,geo_r,3,0.2,409,variance,0.4607142857142857,0.11093029563330621,n4000_seed0
cifar10,geo_r,3,0.2,409,rate,0.4452296819787986,0.11093029563330621,n4000_seed0
cifar10,geo_r,3,0.2,409,probe_weight,0.26040061633281975,0.11093029563330621,n4000_seed0
cifar10,geo_r,3,0.5,1024,magnitude,0.5058823529411764,0.3333333333333333,n4000_seed0
cifar10,geo_r,3,0.5,1024,variance,0.508100147275405,0.3333333333333333,n4000_seed0
cifar10,geo_r,3,0.5,1024,rate,0.4981711777615216,0.3333333333333333,n4000_seed0
cifar10,geo_r,3,0.5,1024,probe_weight,0.41046831955922863,0.3333333333333333,n4000_seed0
cifar10,geo_r,4,0.05,102,magnitude,0.2215568862275449,0.02553830746119179,n4000_seed0
cifar10,geo_r,4,0.05,102,variance,0.2,0.02553830746119179,n4000_seed0
cifar10,geo_r,4,0.05,102,rate,0.20710059171597633,0.02553830746119179,n4000_seed0
cifar10,geo_r,4,0.05,102,probe_weight,0.1791907514450867,0.02553830746119179,n4000_seed0
cifar10,geo_r,4,0.1,204,magnitude,0.24012158054711247,0.052415210688591986,n4000_seed0
cifar10,geo_r,4,0.1,204,variance,0.24390243902439024,0.052415210688591986,n4000_seed0
cifar10,geo_r,4,0.1,204,rate,0.20353982300884957,0.052415210688591986,n4000_seed0
cifar10,geo_r,4,0.1,204,probe_weight,0.17579250720461095,0.052415210688591986,n4000_seed0
cifar10,geo_r,4,0.2,409,magnitude,0.30670926517571884,0.11093029563330621,n4000_seed0
cifar10,geo_r,4,0.2,409,variance,0.30670926517571884,0.11093029563330621,n4000_seed0
cifar10,geo_r,4,0.2,409,rate,0.27414330218068533,0.11093029563330621,n4000_seed0
cifar10,geo_r,4,0.2,409,probe_weight,0.20648967551622419,0.11093029563330621,n4000_seed0
cifar10,geo_r,4,0.5,1024,magnitude,0.4008207934336525,0.3333333333333333,n4000_seed0
cifar10,geo_r,4,0.5,1024,variance,0.39414567733151806,0.3333333333333333,n4000_seed0
cifar10,geo_r,4,0.5,1024,rate,0.39319727891156464,0.3333333333333333,n4000_seed0
cifar10,geo_r,4,0.5,1024,probe_weight,0.3598937583001328,0.3333333333333333,n4000_seed0
cifar10,geo_r,5,0.05,102,magnitude,0.2289156626506024,0.02553830746119179,n4000_seed0
cifar10,geo_r,5,0.05,102,variance,0.2215568862275449,0.02553830746119179,n4000_seed0
cifar10,geo_r,5,0.05,102,rate,0.18604651162790697,0.02553830746119179,n4000_seed0
cifar10,geo_r,5,0.05,102,probe_weight,0.1270718232044199,0.02553830746119179,n4000_seed0
cifar10,geo_r,5,0.1,204,magnitude,0.2215568862275449,0.052415210688591986,n4000_seed0
cifar10,geo_r,5,0.1,204,variance,0.23636363636363636,0.052415210688591986,n4000_seed0
cifar10,geo_r,5,0.1,204,rate,0.19298245614035087,0.052415210688591986,n4000_seed0
cifar10,geo_r,5,0.1,204,probe_weight,0.16905444126074498,0.052415210688591986,n4000_seed0
cifar10,geo_r,5,0.2,409,magnitude,0.3193548387096774,0.11093029563330621,n4000_seed0
cifar10,geo_r,5,0.2,409,variance,0.32792207792207795,0.11093029563330621,n4000_seed0
cifar10,geo_r,5,0.2,409,rate,0.278125,0.11093029563330621,n4000_seed0
cifar10,geo_r,5,0.2,409,probe_weight,0.21907600596125187,0.11093029563330621,n4000_seed0
cifar10,geo_r,5,0.5,1024,magnitude,0.3772696704774714,0.3333333333333333,n4000_seed0
cifar10,geo_r,5,0.5,1024,variance,0.37541974479516454,0.3333333333333333,n4000_seed0
cifar10,geo_r,5,0.5,1024,rate,0.3735747820254863,0.3333333333333333,n4000_seed0
cifar10,geo_r,5,0.5,1024,probe_weight,0.35809018567639256,0.3333333333333333,n4000_seed0
cifar10,geo_r,6,0.05,102,magnitude,0.11475409836065574,0.02553830746119179,n4000_seed0
cifar10,geo_r,6,0.05,102,variance,0.1590909090909091,0.02553830746119179,n4000_seed0
cifar10,geo_r,6,0.05,102,rate,0.07368421052631578,0.02553830746119179,n4000_seed0
cifar10,geo_r,6,0.05,102,probe_weight,0.10869565217391304,0.02553830746119179,n4000_seed0
cifar10,geo_r,6,0.1,204,magnitude,0.22522522522522523,0.052415210688591986,n4000_seed0
cifar10,geo_r,6,0.1,204,variance,0.21428571428571427,0.052415210688591986,n4000_seed0
cifar10,geo_r,6,0.1,204,rate,0.18604651162790697,0.052415210688591986,n4000_seed0
cifar10,geo_r,6,0.1,204,probe_weight,0.13966480446927373,0.052415210688591986,n4000_seed0
cifar10,geo_r,6,0.2,409,magnitude,0.28213166144200624,0.11093029563330621,n4000_seed0
cifar10,geo_r,6,0.2,409,variance,0.28414442700156983,0.11093029563330621,n4000_seed0
cifar10,geo_r,6,0.2,409,rate,0.2623456790123457,0.11093029563330621,n4000_seed0
cifar10,geo_r,6,0.2,409,probe_weight,0.2227204783258595,0.11093029563330621,n4000_seed0
cifar10,geo_r,6,0.5,1024,magnitude,0.4351786965662228,0.3333333333333333,n4000_seed0
cifar10,geo_r,6,0.5,1024,variance,0.42717770034843205,0.3333333333333333,n4000_seed0
cifar10,geo_r,6,0.5,1024,rate,0.4341736694677871,0.3333333333333333,n4000_seed0
cifar10,geo_r,6,0.5,1024,probe_weight,0.38098449089683073,0.3333333333333333,n4000_seed0
cifar10,geo_r,7,0.05,102,magnitude,0.29936305732484075,0.02553830746119179,n4000_seed0
cifar10,geo_r,7,0.05,102,variance,0.3333333333333333,0.02553830746119179,n4000_seed0
cifar10,geo_r,7,0.05,102,rate,0.23636363636363636,0.02553830746119179,n4000_seed0
cifar10,geo_r,7,0.05,102,probe_weight,0.1657142857142857,0.02553830746119179,n4000_seed0
cifar10,geo_r,7,0.1,204,magnitude,0.3076923076923077,0.052415210688591986,n4000_seed0
cifar10,geo_r,7,0.1,204,variance,0.3289902280130293,0.052415210688591986,n4000_seed0
cifar10,geo_r,7,0.1,204,rate,0.24390243902439024,0.052415210688591986,n4000_seed0
cifar10,geo_r,7,0.1,204,probe_weight,0.2215568862275449,0.052415210688591986,n4000_seed0
cifar10,geo_r,7,0.2,409,magnitude,0.4079173838209983,0.11093029563330621,n4000_seed0
cifar10,geo_r,7,0.2,409,variance,0.4250871080139373,0.11093029563330621,n4000_seed0
cifar10,geo_r,7,0.2,409,rate,0.3588039867109635,0.11093029563330621,n4000_seed0
cifar10,geo_r,7,0.2,409,probe_weight,0.2565284178187404,0.11093029563330621,n4000_seed0
cifar10,geo_r,7,0.5,1024,magnitude,0.4862119013062409,0.3333333333333333,n4000_seed0
cifar10,geo_r,7,0.5,1024,variance,0.47763347763347763,0.3333333333333333,n4000_seed0
cifar10,geo_r,7,0.5,1024,rate,0.46810035842293907,0.3333333333333333,n4000_seed0
cifar10,geo_r,7,0.5,1024,probe_weight,0.40852819807427787,0.3333333333333333,n4000_seed0
cifar10,geo_r,8,0.05,102,magnitude,0.275,0.02553830746119179,n4000_seed0
cifar10,geo_r,8,0.05,102,variance,0.3333333333333333,0.02553830746119179,n4000_seed0
cifar10,geo_r,8,0.05,102,rate,0.19298245614035087,0.02553830746119179,n4000_seed0
cifar10,geo_r,8,0.05,102,probe_weight,0.1791907514450867,0.02553830746119179,n4000_seed0
cifar10,geo_r,8,0.1,204,magnitude,0.3161290322580645,0.052415210688591986,n4000_seed0
cifar10,geo_r,8,0.1,204,variance,0.3076923076923077,0.052415210688591986,n4000_seed0
cifar10,geo_r,8,0.1,204,rate,0.27899686520376177,0.052415210688591986,n4000_seed0
cifar10,geo_r,8,0.1,204,probe_weight,0.1657142857142857,0.052415210688591986,n4000_seed0
cifar10,geo_r,8,0.2,409,magnitude,0.41767764298093585,0.11093029563330621,n4000_seed0
cifar10,geo_r,8,0.2,409,variance,0.4079173838209983,0.11093029563330621,n4000_seed0
cifar10,geo_r,8,0.2,409,rate,0.37018425460636517,0.11093029563330621,n4000_seed0
cifar10,geo_r,8,0.2,409,probe_weight,0.25846153846153846,0.11093029563330621,n4000_seed0
cifar10,geo_r,8,0.5,1024,magnitude,0.5753846153846154,0.3333333333333333,n4000_seed0
cifar10,geo_r,8,0.5,1024,variance,0.5863671572424477,0.3333333333333333,n4000_seed0
cifar10,geo_r,8,0.5,1024,rate,0.5526914329037149,0.3333333333333333,n4000_seed0
cifar10,geo_r,8,0.5,1024,probe_weight,0.4331700489853044,0.3333333333333333,n4000_seed0
cifar10,geo_r,9,0.05,102,magnitude,0.11475409836065574,0.02553830746119179,n4000_seed0
cifar10,geo_r,9,0.05,102,variance,0.13333333333333333,0.02553830746119179,n4000_seed0
cifar10,geo_r,9,0.05,102,rate,0.09090909090909091,0.02553830746119179,n4000_seed0
cifar10,geo_r,9,0.05,102,probe_weight,0.13333333333333333,0.02553830746119179,n4000_seed0
cifar10,geo_r,9,0.1,204,magnitude,0.2215568862275449,0.052415210688591986,n4000_seed0
cifar10,geo_r,9,0.1,204,variance,0.2326283987915408,0.052415210688591986,n4000_seed0
cifar10,geo_r,9,0.1,204,rate,0.19298245614035087,0.052415210688591986,n4000_seed0
cifar10,geo_r,9,0.1,204,probe_weight,0.19648093841642228,0.052415210688591986,n4000_seed0
cifar10,geo_r,9,0.2,409,magnitude,0.26625386996904027,0.11093029563330621,n4000_seed0
cifar10,geo_r,9,0.2,409,variance,0.278125,0.11093029563330621,n4000_seed0
cifar10,geo_r,9,0.2,409,rate,0.2565284178187404,0.11093029563330621,n4000_seed0
cifar10,geo_r,9,0.2,409,probe_weight,0.21545319465081725,0.11093029563330621,n4000_seed0
cifar10,geo_r,9,0.5,1024,magnitude,0.5272184936614467,0.3333333333333333,n4000_seed0
cifar10,geo_r,9,0.5,1024,variance,0.5159141376757957,0.3333333333333333,n4000_seed0
cifar10,geo_r,9,0.5,1024,rate,0.5306427503736921,0.3333333333333333,n4000_seed0
cifar10,geo_r,9,0.5,1024,probe_weight,0.40949759119064005,0.3333333333333333,n4000_seed0
cifar10,geo_pca,0,0.05,102,magnitude,0.2830188679245283,0.02553830746119179,n4000_seed0
cifar10,geo_pca,0,0.05,102,variance,0.29936305732484075,0.02553830746119179,n4000_seed0
cifar10,geo_pca,0,0.05,102,rate,0.21428571428571427,0.02553830746119179,n4000_seed0
cifar10,geo_pca,0,0.05,102,probe_weight,0.15254237288135594,0.02553830746119179,n4000_seed0
cifar10,geo_pca,0,0.1,204,magnitude,0.23636363636363636,0.052415210688591986,n4000_seed0
cifar10,geo_pca,0,0.1,204,variance,0.23636363636363636,0.052415210688591986,n4000_seed0
cifar10,geo_pca,0,0.1,204,rate,0.20710059171597633,0.052415210688591986,n4000_seed0
cifar10,geo_pca,0,0.1,204,probe_weight,0.15254237288135594,0.052415210688591986,n4000_seed0
cifar10,geo_pca,0,0.2,409,magnitude,0.29635499207606975,0.11093029563330621,n4000_seed0
cifar10,geo_pca,0,0.2,409,variance,0.29635499207606975,0.11093029563330621,n4000_seed0
cifar10,geo_pca,0,0.2,409,rate,0.2902208201892745,0.11093029563330621,n4000_seed0
cifar10,geo_pca,0,0.2,409,probe_weight,0.22638680659670166,0.11093029563330621,n4000_seed0
cifar10,geo_pca,0,0.5,1024,magnitude,0.2510690287110568,0.3333333333333333,n4000_seed0
cifar10,geo_pca,0,0.5,1024,variance,0.2572130141190915,0.3333333333333333,n4000_seed0
cifar10,geo_pca,0,0.5,1024,rate,0.2404603270745003,0.3333333333333333,n4000_seed0
cifar10,geo_pca,0,0.5,1024,probe_weight,0.28240450845335,0.3333333333333333,n4000_seed0
cifar10,geo_pca,1,0.05,102,magnitude,0.2289156626506024,0.02553830746119179,n4000_seed0
cifar10,geo_pca,1,0.05,102,variance,0.25153374233128833,0.02553830746119179,n4000_seed0
cifar10,geo_pca,1,0.05,102,rate,0.15254237288135594,0.02553830746119179,n4000_seed0
cifar10,geo_pca,1,0.05,102,probe_weight,0.12087912087912088,0.02553830746119179,n4000_seed0
cifar10,geo_pca,1,0.1,204,magnitude,0.1558073654390935,0.052415210688591986,n4000_seed0
cifar10,geo_pca,1,0.1,204,variance,0.18950437317784258,0.052415210688591986,n4000_seed0
cifar10,geo_pca,1,0.1,204,rate,0.09090909090909091,0.052415210688591986,n4000_seed0
cifar10,geo_pca,1,0.1,204,probe_weight,0.1590909090909091,0.052415210688591986,n4000_seed0
cifar10,geo_pca,1,0.2,409,magnitude,0.3840947546531303,0.11093029563330621,n4000_seed0
cifar10,geo_pca,1,0.2,409,variance,0.3588039867109635,0.11093029563330621,n4000_seed0
cifar10,geo_pca,1,0.2,409,rate,0.4054982817869416,0.11093029563330621,n4000_seed0
cifar10,geo_pca,1,0.2,409,probe_weight,0.2227204783258595,0.11093029563330621,n4000_seed0
cifar10,geo_pca,1,0.5,1024,magnitude,0.26968381897086174,0.3333333333333333,n4000_seed0
cifar10,geo_pca,1,0.5,1024,variance,0.2816020025031289,0.3333333333333333,n4000_seed0
cifar10,geo_pca,1,0.5,1024,rate,0.2634176434299815,0.3333333333333333,n4000_seed0
cifar10,geo_pca,1,0.5,1024,probe_weight,0.30362826225334183,0.3333333333333333,n4000_seed0
cifar10,geo_pca,2,0.05,102,magnitude,0.3333333333333333,0.02553830746119179,n4000_seed0
cifar10,geo_pca,2,0.05,102,variance,0.2830188679245283,0.02553830746119179,n4000_seed0
cifar10,geo_pca,2,0.05,102,rate,0.21428571428571427,0.02553830746119179,n4000_seed0
cifar10,geo_pca,2,0.05,102,probe_weight,0.2215568862275449,0.02553830746119179,n4000_seed0
cifar10,geo_pca,2,0.1,204,magnitude,0.3783783783783784,0.052415210688591986,n4000_seed0
cifar10,geo_pca,2,0.1,204,variance,0.34210526315789475,0.052415210688591986,n4000_seed0
cifar10,geo_pca,2,0.1,204,rate,0.36,0.052415210688591986,n4000_seed0
cifar10,geo_pca,2,0.1,204,probe_weight,0.24390243902439024,0.052415210688591986,n4000_seed0
cifar10,geo_pca,2,0.2,409,magnitude,0.437609841827768,0.11093029563330621,n4000_seed0
cifar10,geo_pca,2,0.2,409,variance,0.41522491349480967,0.11093029563330621,n4000_seed0
cifar10,geo_pca,2,0.2,409,rate,0.36789297658862874,0.11093029563330621,n4000_seed0
cifar10,geo_pca,2,0.2,409,probe_weight,0.2984126984126984,0.11093029563330621,n4000_seed0
cifar10,geo_pca,2,0.5,1024,magnitude,0.35181518151815183,0.3333333333333333,n4000_seed0
cifar10,geo_pca,2,0.5,1024,variance,0.3411918795022921,0.3333333333333333,n4000_seed0
cifar10,geo_pca,2,0.5,1024,rate,0.3473684210526316,0.3333333333333333,n4000_seed0
cifar10,geo_pca,2,0.5,1024,probe_weight,0.32642487046632124,0.3333333333333333,n4000_seed0
cifar10,geo_pca,3,0.05,102,magnitude,0.2289156626506024,0.02553830746119179,n4000_seed0
cifar10,geo_pca,3,0.05,102,variance,0.21428571428571427,0.02553830746119179,n4000_seed0
cifar10,geo_pca,3,0.05,102,rate,0.18604651162790697,0.02553830746119179,n4000_seed0
cifar10,geo_pca,3,0.05,102,probe_weight,0.18604651162790697,0.02553830746119179,n4000_seed0
cifar10,geo_pca,3,0.1,204,magnitude,0.3554817275747508,0.052415210688591986,n4000_seed0
cifar10,geo_pca,3,0.1,204,variance,0.29523809523809524,0.052415210688591986,n4000_seed0
cifar10,geo_pca,3,0.1,204,rate,0.3509933774834437,0.052415210688591986,n4000_seed0
cifar10,geo_pca,3,0.1,204,probe_weight,0.1590909090909091,0.052415210688591986,n4000_seed0
cifar10,geo_pca,3,0.2,409,magnitude,0.39829059829059826,0.11093029563330621,n4000_seed0
cifar10,geo_pca,3,0.2,409,variance,0.37478991596638656,0.11093029563330621,n4000_seed0
cifar10,geo_pca,3,0.2,409,rate,0.38175675675675674,0.11093029563330621,n4000_seed0
cifar10,geo_pca,3,0.2,409,probe_weight,0.23751891074130105,0.11093029563330621,n4000_seed0
cifar10,geo_pca,3,0.5,1024,magnitude,0.5491679273827534,0.3333333333333333,n4000_seed0
cifar10,geo_pca,3,0.5,1024,variance,0.5272184936614467,0.3333333333333333,n4000_seed0
cifar10,geo_pca,3,0.5,1024,rate,0.5386927122464312,0.3333333333333333,n4000_seed0
cifar10,geo_pca,3,0.5,1024,probe_weight,0.41046831955922863,0.3333333333333333,n4000_seed0
cifar10,geo_pca,4,0.05,102,magnitude,0.10869565217391304,0.02553830746119179,n4000_seed0
cifar10,geo_pca,4,0.05,102,variance,0.1590909090909091,0.02553830746119179,n4000_seed0
cifar10,geo_pca,4,0.05,102,rate,0.05699481865284974,0.02553830746119179,n4000_seed0
cifar10,geo_pca,4,0.05,102,probe_weight,0.1724137931034483,0.02553830746119179,n4000_seed0
cifar10,geo_pca,4,0.1,204,magnitude,0.23636363636363636,0.052415210688591986,n4000_seed0
cifar10,geo_pca,4,0.1,204,variance,0.25153374233128833,0.052415210688591986,n4000_seed0
cifar10,geo_pca,4,0.1,204,rate,0.16905444126074498,0.052415210688591986,n4000_seed0
cifar10,geo_pca,4,0.1,204,probe_weight,0.18950437317784258,0.052415210688591986,n4000_seed0
cifar10,geo_pca,4,0.2,409,magnitude,0.3193548387096774,0.11093029563330621,n4000_seed0
cifar10,geo_pca,4,0.2,409,variance,0.34761120263591433,0.11093029563330621,n4000_seed0
cifar10,geo_pca,4,0.2,409,rate,0.25846153846153846,0.11093029563330621,n4000_seed0
cifar10,geo_pca,4,0.2,409,probe_weight,0.2623456790123457,0.11093029563330621,n4000_seed0
cifar10,geo_pca,4,0.5,1024,magnitude,0.38098449089683073,0.3333333333333333,n4000_seed0
cifar10,geo_pca,4,0.5,1024,variance,0.3772696704774714,0.3333333333333333,n4000_seed0
cifar10,geo_pca,4,0.5,1024,rate,0.3772696704774714,0.3333333333333333,n4000_seed0
cifar10,geo_pca,4,0.5,1024,probe_weight,0.3438320209973753,0.3333333333333333,n4000_seed0
cifar10,geo_pca,5,0.05,102,magnitude,0.3161290322580645,0.02553830746119179,n4000_seed0
cifar10,geo_pca,5,0.05,102,variance,0.34210526315789475,0.02553830746119179,n4000_seed0
cifar10,geo_pca,5,0.05,102,rate,0.20710059171597633,0.02553830746119179,n4000_seed0
cifar10,geo_pca,5,0.05,102,probe_weight,0.21428571428571427,0.02553830746119179,n4000_seed0
cifar10,geo_pca,5,0.1,204,magnitude,0.3691275167785235,0.052415210688591986,n4000_seed0
cifar10,geo_pca,5,0.1,204,variance,0.3289902280130293,0.052415210688591986,n4000_seed0
cifar10,geo_pca,5,0.1,204,rate,0.37373737373737376,0.052415210688591986,n4000_seed0
cifar10,geo_pca,5,0.1,204,probe_weight,0.21068249258160238,0.052415210688591986,n4000_seed0
cifar10,geo_pca,5,0.2,409,magnitude,0.37478991596638656,0.11093029563330621,n4000_seed0
cifar10,geo_pca,5,0.2,409,variance,0.35655058043117743,0.11093029563330621,n4000_seed0
cifar10,geo_pca,5,0.2,409,rate,0.37018425460636517,0.11093029563330621,n4000_seed0
cifar10,geo_pca,5,0.2,409,probe_weight,0.23939393939393938,0.11093029563330621,n4000_seed0
cifar10,geo_pca,5,0.5,1024,magnitude,0.5503406510219531,0.3333333333333333,n4000_seed0
cifar10,geo_pca,5,0.5,1024,variance,0.5329341317365269,0.3333333333333333,n4000_seed0
cifar10,geo_pca,5,0.5,1024,rate,0.5562310030395137,0.3333333333333333,n4000_seed0
cifar10,geo_pca,5,0.5,1024,probe_weight,0.4124137931034483,0.3333333333333333,n4000_seed0
cifar10,geo_pca,6,0.05,102,magnitude,0.046153846153846156,0.02553830746119179,n4000_seed0
cifar10,geo_pca,6,0.05,102,variance,0.07936507936507936,0.02553830746119179,n4000_seed0
cifar10,geo_pca,6,0.05,102,rate,0.04081632653061224,0.02553830746119179,n4000_seed0
cifar10,geo_pca,6,0.05,102,probe_weight,0.10869565217391304,0.02553830746119179,n4000_seed0
cifar10,geo_pca,6,0.1,204,magnitude,0.42657342657342656,0.052415210688591986,n4000_seed0
cifar10,geo_pca,6,0.1,204,variance,0.36,0.052415210688591986,n4000_seed0
cifar10,geo_pca,6,0.1,204,rate,0.3924914675767918,0.052415210688591986,n4000_seed0
cifar10,geo_pca,6,0.1,204,probe_weight,0.25153374233128833,0.052415210688591986,n4000_seed0
cifar10,geo_pca,6,0.2,409,magnitude,0.3088,0.11093029563330621,n4000_seed0
cifar10,geo_pca,6,0.2,409,variance,0.3108974358974359,0.11093029563330621,n4000_seed0
cifar10,geo_pca,6,0.2,409,rate,0.27216174183514774,0.11093029563330621,n4000_seed0
cifar10,geo_pca,6,0.2,409,probe_weight,0.21726190476190477,0.11093029563330621,n4000_seed0
cifar10,geo_pca,6,0.5,1024,magnitude,0.2864321608040201,0.3333333333333333,n4000_seed0
cifar10,geo_pca,6,0.5,1024,variance,0.2921135646687697,0.3333333333333333,n4000_seed0
cifar10,geo_pca,6,0.5,1024,rate,0.2657601977750309,0.3333333333333333,n4000_seed0
cifar10,geo_pca,6,0.5,1024,probe_weight,0.30445859872611464,0.3333333333333333,n4000_seed0
cifar10,geo_pca,7,0.05,102,magnitude,0.2911392405063291,0.02553830746119179,n4000_seed0
cifar10,geo_pca,7,0.05,102,variance,0.3076923076923077,0.02553830746119179,n4000_seed0
cifar10,geo_pca,7,0.05,102,rate,0.19298245614035087,0.02553830746119179,n4000_seed0
cifar10,geo_pca,7,0.05,102,probe_weight,0.25153374233128833,0.02553830746119179,n4000_seed0
cifar10,geo_pca,7,0.1,204,magnitude,0.24390243902439024,0.052415210688591986,n4000_seed0
cifar10,geo_pca,7,0.1,204,variance,0.2830188679245283,0.052415210688591986,n4000_seed0
cifar10,geo_pca,7,0.1,204,rate,0.1724137931034483,0.052415210688591986,n4000_seed0
cifar10,geo_pca,7,0.1,204,probe_weight,0.20710059171597633,0.052415210688591986,n4000_seed0
cifar10,geo_pca,7,0.2,409,magnitude,0.3130016051364366,0.11093029563330621,n4000_seed0
cifar10,geo_pca,7,0.2,409,variance,0.33878887070376434,0.11093029563330621,n4000_seed0
cifar10,geo_pca,7,0.2,409,rate,0.254601226993865,0.11093029563330621,n4000_seed0
cifar10,geo_pca,7,0.2,409,probe_weight,0.28213166144200624,0.11093029563330621,n4000_seed0
cifar10,geo_pca,7,0.5,1024,magnitude,0.40756013745704467,0.3333333333333333,n4000_seed0
cifar10,geo_pca,7,0.5,1024,variance,0.41534208707671044,0.3333333333333333,n4000_seed0
cifar10,geo_pca,7,0.5,1024,rate,0.3969986357435198,0.3333333333333333,n4000_seed0
cifar10,geo_pca,7,0.5,1024,probe_weight,0.38098449089683073,0.3333333333333333,n4000_seed0
cifar10,geo_pca,8,0.05,102,magnitude,0.2,0.02553830746119179,n4000_seed0
cifar10,geo_pca,8,0.05,102,variance,0.2289156626506024,0.02553830746119179,n4000_seed0
cifar10,geo_pca,8,0.05,102,rate,0.1270718232044199,0.02553830746119179,n4000_seed0
cifar10,geo_pca,8,0.05,102,probe_weight,0.1590909090909091,0.02553830746119179,n4000_seed0
cifar10,geo_pca,8,0.1,204,magnitude,0.1558073654390935,0.052415210688591986,n4000_seed0
cifar10,geo_pca,8,0.1,204,variance,0.1623931623931624,0.052415210688591986,n4000_seed0
cifar10,geo_pca,8,0.1,204,rate,0.13649025069637882,0.052415210688591986,n4000_seed0
cifar10,geo_pca,8,0.1,204,probe_weight,0.12396694214876033,0.052415210688591986,n4000_seed0
cifar10,geo_pca,8,0.2,409,magnitude,0.19416058394160585,0.11093029563330621,n4000_seed0
cifar10,geo_pca,8,0.2,409,variance,0.21364985163204747,0.11093029563330621,n4000_seed0
cifar10,geo_pca,8,0.2,409,rate,0.16358463726884778,0.11093029563330621,n4000_seed0
cifar10,geo_pca,8,0.2,409,probe_weight,0.20471281296023564,0.11093029563330621,n4000_seed0
cifar10,geo_pca,8,0.5,1024,magnitude,0.2197736748064324,0.3333333333333333,n4000_seed0
cifar10,geo_pca,8,0.5,1024,variance,0.22634730538922157,0.3333333333333333,n4000_seed0
cifar10,geo_pca,8,0.5,1024,rate,0.22122838401908168,0.3333333333333333,n4000_seed0
cifar10,geo_pca,8,0.5,1024,probe_weight,0.28080050031269543,0.3333333333333333,n4000_seed0
cifar10,geo_pca,9,0.05,102,magnitude,0.21428571428571427,0.02553830746119179,n4000_seed0
cifar10,geo_pca,9,0.05,102,variance,0.2215568862275449,0.02553830746119179,n4000_seed0
cifar10,geo_pca,9,0.05,102,rate,0.1270718232044199,0.02553830746119179,n4000_seed0
cifar10,geo_pca,9,0.05,102,probe_weight,0.15254237288135594,0.02553830746119179,n4000_seed0
cifar10,geo_pca,9,0.1,204,magnitude,0.3076923076923077,0.052415210688591986,n4000_seed0
cifar10,geo_pca,9,0.1,204,variance,0.2911392405063291,0.052415210688591986,n4000_seed0
cifar10,geo_pca,9,0.1,204,rate,0.2670807453416149,0.052415210688591986,n4000_seed0
cifar10,geo_pca,9,0.1,204,probe_weight,0.2215568862275449,0.052415210688591986,n4000_seed0
cifar10,geo_pca,9,0.2,409,magnitude,0.3543046357615894,0.11093029563330621,n4000_seed0
cifar10,geo_pca,9,0.2,409,variance,0.37478991596638656,0.11093029563330621,n4000_seed0
cifar10,geo_pca,9,0.2,409,rate,0.292259083728278,0.11093029563330621,n4000_seed0
cifar10,geo_pca,9,0.2,409,probe_weight,0.2450532724505327,0.11093029563330621,n4000_seed0
cifar10,geo_pca,9,0.5,1024,magnitude,0.4182825484764543,0.3333333333333333,n4000_seed0
cifar10,geo_pca,9,0.5,1024,variance,0.41632088520055327,0.3333333333333333,n4000_seed0
cifar10,geo_pca,9,0.5,1024,rate,0.4056280027453672,0.3333333333333333,n4000_seed0
cifar10,geo_pca,9,0.5,1024,probe_weight,0.35181518151815183,0.3333333333333333,n4000_seed0
cifar10,geo_m,0,0.05,102,magnitude,0.3076923076923077,0.02553830746119179,n4000_seed1
cifar10,geo_m,0,0.05,102,variance,0.5338345864661654,0.02553830746119179,n4000_seed1
cifar10,geo_m,0,0.05,102,rate,0.14606741573033707,0.02553830746119179,n4000_seed1
cifar10,geo_m,0,0.05,102,probe_weight,0.3076923076923077,0.02553830746119179,n4000_seed1
cifar10,geo_m,0,0.1,204,magnitude,0.4166666666666667,0.052415210688591986,n4000_seed1
cifar10,geo_m,0,0.1,204,variance,0.5875486381322957,0.052415210688591986,n4000_seed1
cifar10,geo_m,0,0.1,204,rate,0.2326283987915408,0.052415210688591986,n4000_seed1
cifar10,geo_m,0,0.1,204,probe_weight,0.29936305732484075,0.052415210688591986,n4000_seed1
cifar10,geo_m,0,0.2,409,magnitude,0.4103448275862069,0.11093029563330621,n4000_seed1
cifar10,geo_m,0,0.2,409,variance,0.5375939849624061,0.11093029563330621,n4000_seed1
cifar10,geo_m,0,0.2,409,rate,0.24695121951219512,0.11093029563330621,n4000_seed1
cifar10,geo_m,0,0.2,409,probe_weight,0.32362459546925565,0.11093029563330621,n4000_seed1
cifar10,geo_m,0,0.5,1024,magnitude,0.7195633921074727,0.3333333333333333,n4000_seed1
cifar10,geo_m,0,0.5,1024,variance,0.8059964726631393,0.3333333333333333,n4000_seed1
cifar10,geo_m,0,0.5,1024,rate,0.6062745098039216,0.3333333333333333,n4000_seed1
cifar10,geo_m,0,0.5,1024,probe_weight,0.48729121278140886,0.3333333333333333,n4000_seed1
cifar10,geo_m,1,0.05,102,magnitude,0.29936305732484075,0.02553830746119179,n4000_seed1
cifar10,geo_m,1,0.05,102,variance,0.5223880597014925,0.02553830746119179,n4000_seed1
cifar10,geo_m,1,0.05,102,rate,0.12087912087912088,0.02553830746119179,n4000_seed1
cifar10,geo_m,1,0.05,102,probe_weight,0.3161290322580645,0.02553830746119179,n4000_seed1
cifar10,geo_m,1,0.1,204,magnitude,0.38305084745762713,0.052415210688591986,n4000_seed1
cifar10,geo_m,1,0.1,204,variance,0.5338345864661654,0.052415210688591986,n4000_seed1
cifar10,geo_m,1,0.1,204,rate,0.2215568862275449,0.052415210688591986,n4000_seed1
cifar10,geo_m,1,0.1,204,probe_weight,0.29936305732484075,0.052415210688591986,n4000_seed1
cifar10,geo_m,1,0.2,409,magnitude,0.6070726915520629,0.11093029563330621,n4000_seed1
cifar10,geo_m,1,0.2,409,variance,0.793859649122807,0.11093029563330621,n4000_seed1
cifar10,geo_m,1,0.2,409,rate,0.39590443686006827,0.11093029563330621,n4000_seed1
cifar10,geo_m,1,0.2,409,probe_weight,0.34761120263591433,0.11093029563330621,n4000_seed1
cifar10,geo_m,1,0.5,1024,magnitude,0.7504273504273504,0.3333333333333333,n4000_seed1
cifar10,geo_m,1,0.5,1024,variance,0.8318425760286225,0.3333333333333333,n4000_seed1
cifar10,geo_m,1,0.5,1024,rate,0.6331738437001595,0.3333333333333333,n4000_seed1
cifar10,geo_m,1,0.5,1024,probe_weight,0.4787003610108303,0.3333333333333333,n4000_seed1
cifar10,geo_m,2,0.05,102,magnitude,0.44680851063829785,0.02553830746119179,n4000_seed1
cifar10,geo_m,2,0.05,102,variance,0.7142857142857143,0.02553830746119179,n4000_seed1
cifar10,geo_m,2,0.05,102,rate,0.2,0.02553830746119179,n4000_seed1
cifar10,geo_m,2,0.05,102,probe_weight,0.29936305732484075,0.02553830746119179,n4000_seed1
cifar10,geo_m,2,0.1,204,magnitude,0.5111111111111111,0.052415210688591986,n4000_seed1
cifar10,geo_m,2,0.1,204,variance,0.7142857142857143,0.052415210688591986,n4000_seed1
cifar10,geo_m,2,0.1,204,rate,0.2911392405063291,0.052415210688591986,n4000_seed1
cifar10,geo_m,2,0.1,204,probe_weight,0.31189710610932475,0.052415210688591986,n4000_seed1
cifar10,geo_m,2,0.2,409,magnitude,0.4927007299270073,0.11093029563330621,n4000_seed1
cifar10,geo_m,2,0.2,409,variance,0.6392785571142284,0.11093029563330621,n4000_seed1
cifar10,geo_m,2,0.2,409,rate,0.3130016051364366,0.11093029563330621,n4000_seed1
cifar10,geo_m,2,0.2,409,probe_weight,0.34318555008210183,0.11093029563330621,n4000_seed1
cifar10,geo_m,2,0.5,1024,magnitude,0.6911643270024773,0.3333333333333333,n4000_seed1
cifar10,geo_m,2,0.5,1024,variance,0.7716262975778547,0.3333333333333333,n4000_seed1
cifar10,geo_m,2,0.5,1024,rate,0.5839133797370456,0.3333333333333333,n4000_seed1
cifar10,geo_m,2,0.5,1024,probe_weight,0.47338129496402875,0.3333333333333333,n4000_seed1
cifar10,geo_m,3,0.05,102,magnitude,0.18604651162790697,0.02553830746119179,n4000_seed1
cifar10,geo_m,3,0.05,102,variance,0.36,0.02553830746119179,n4000_seed1
cifar10,geo_m,3,0.05,102,rate,0.02512562814070352,0.02553830746119179,n4000_seed1
cifar10,geo_m,3,0.05,102,probe_weight,0.2215568862275449,0.02553830746119179,n4000_seed1
cifar10,geo_m,3,0.1,204,magnitude,0.4945054945054945,0.052415210688591986,n4000_seed1
cifar10,geo_m,3,0.1,204,variance,0.7071129707112971,0.052415210688591986,n4000_seed1
cifar10,geo_m,3,0.1,204,rate,0.25925925925925924,0.052415210688591986,n4000_seed1
cifar10,geo_m,3,0.1,204,probe_weight,0.3076923076923077,0.052415210688591986,n4000_seed1
cifar10,geo_m,3,0.2,409,magnitude,0.6626016260162602,0.11093029563330621,n4000_seed1
cifar10,geo_m,3,0.2,409,variance,0.8423423423423423,0.11093029563330621,n4000_seed1
cifar10,geo_m,3,0.2,409,rate,0.43257443082311736,0.11093029563330621,n4000_seed1
cifar10,geo_m,3,0.2,409,probe_weight,0.3543046357615894,0.11093029563330621,n4000_seed1
cifar10,geo_m,3,0.5,1024,magnitude,0.8720292504570384,0.3333333333333333,n4000_seed1
cifar10,geo_m,3,0.5,1024,variance,0.9412322274881516,0.3333333333333333,n4000_seed1
cifar10,geo_m,3,0.5,1024,rate,0.7429787234042553,0.3333333333333333,n4000_seed1
cifar10,geo_m,3,0.5,1024,probe_weight,0.4894545454545455,0.3333333333333333,n4000_seed1
cifar10,geo_m,4,0.05,102,magnitude,0.07936507936507936,0.02553830746119179,n4000_seed1
cifar10,geo_m,4,0.05,102,variance,0.2215568862275449,0.02553830746119179,n4000_seed1
cifar10,geo_m,4,0.05,102,rate,0.0,0.02553830746119179,n4000_seed1
cifar10,geo_m,4,0.05,102,probe_weight,0.20710059171597633,0.02553830746119179,n4000_seed1
cifar10,geo_m,4,0.1,204,magnitude,0.4782608695652174,0.052415210688591986,n4000_seed1
cifar10,geo_m,4,0.1,204,variance,0.6585365853658537,0.052415210688591986,n4000_seed1
cifar10,geo_m,4,0.1,204,rate,0.2631578947368421,0.052415210688591986,n4000_seed1
cifar10,geo_m,4,0.1,204,probe_weight,0.3161290322580645,0.052415210688591986,n4000_seed1
cifar10,geo_m,4,0.2,409,magnitude,0.5036764705882353,0.11093029563330621,n4000_seed1
cifar10,geo_m,4,0.2,409,variance,0.6491935483870968,0.11093029563330621,n4000_seed1
cifar10,geo_m,4,0.2,409,rate,0.3172302737520129,0.11093029563330621,n4000_seed1
cifar10,geo_m,4,0.2,409,probe_weight,0.34539473684210525,0.11093029563330621,n4000_seed1
cifar10,geo_m,4,0.5,1024,magnitude,0.8823529411764706,0.3333333333333333,n4000_seed1
cifar10,geo_m,4,0.5,1024,variance,0.9212007504690432,0.3333333333333333,n4000_seed1
cifar10,geo_m,4,0.5,1024,rate,0.7549271636675235,0.3333333333333333,n4000_seed1
cifar10,geo_m,4,0.5,1024,probe_weight,0.4938001458789205,0.3333333333333333,n4000_seed1
cifar10,geo_m,5,0.05,102,magnitude,0.10869565217391304,0.02553830746119179,n4000_seed1
cifar10,geo_m,5,0.05,102,variance,0.2670807453416149,0.02553830746119179,n4000_seed1
cifar10,geo_m,5,0.05,102,rate,0.009900990099009901,0.02553830746119179,n4000_seed1
cifar10,geo_m,5,0.05,102,probe_weight,0.21428571428571427,0.02553830746119179,n4000_seed1
cifar10,geo_m,5,0.1,204,magnitude,0.3377049180327869,0.052415210688591986,n4000_seed1
cifar10,geo_m,5,0.1,204,variance,0.4945054945054945,0.052415210688591986,n4000_seed1
cifar10,geo_m,5,0.1,204,rate,0.1724137931034483,0.052415210688591986,n4000_seed1
cifar10,geo_m,5,0.1,204,probe_weight,0.2830188679245283,0.052415210688591986,n4000_seed1
cifar10,geo_m,5,0.2,409,magnitude,0.636,0.11093029563330621,n4000_seed1
cifar10,geo_m,5,0.2,409,variance,0.793859649122807,0.11093029563330621,n4000_seed1
cifar10,geo_m,5,0.2,409,rate,0.4079173838209983,0.11093029563330621,n4000_seed1
cifar10,geo_m,5,0.2,409,probe_weight,0.34983498349834985,0.11093029563330621,n4000_seed1
cifar10,geo_m,5,0.5,1024,magnitude,0.7793223284100782,0.3333333333333333,n4000_seed1
cifar10,geo_m,5,0.5,1024,variance,0.8669097538742023,0.3333333333333333,n4000_seed1
cifar10,geo_m,5,0.5,1024,rate,0.6596434359805511,0.3333333333333333,n4000_seed1
cifar10,geo_m,5,0.5,1024,probe_weight,0.49162418062636565,0.3333333333333333,n4000_seed1
cifar10,geo_m,6,0.05,102,magnitude,0.1657142857142857,0.02553830746119179,n4000_seed1
cifar10,geo_m,6,0.05,102,variance,0.34210526315789475,0.02553830746119179,n4000_seed1
cifar10,geo_m,6,0.05,102,rate,0.03553299492385787,0.02553830746119179,n4000_seed1
cifar10,geo_m,6,0.05,102,probe_weight,0.23636363636363636,0.02553830746119179,n4000_seed1
cifar10,geo_m,6,0.1,204,magnitude,0.43157894736842106,0.052415210688591986,n4000_seed1
cifar10,geo_m,6,0.1,204,variance,0.6126482213438735,0.052415210688591986,n4000_seed1
cifar10,geo_m,6,0.1,204,rate,0.23636363636363636,0.052415210688591986,n4000_seed1
cifar10,geo_m,6,0.1,204,probe_weight,0.3161290322580645,0.052415210688591986,n4000_seed1
cifar10,geo_m,6,0.2,409,magnitude,0.59765625,0.11093029563330621,n4000_seed1
cifar10,geo_m,6,0.2,409,variance,0.7705627705627706,0.11093029563330621,n4000_seed1
cifar10,geo_m,6,0.2,409,rate,0.391156462585034,0.11093029563330621,n4000_seed1
cifar10,geo_m,6,0.2,409,probe_weight,0.3543046357615894,0.11093029563330621,n4000_seed1
cifar10,geo_m,6,0.5,1024,magnitude,0.6318725099601593,0.3333333333333333,n4000_seed1
cifar10,geo_m,6,0.5,1024,variance,0.7080900750625522,0.3333333333333333,n4000_seed1
cifar10,geo_m,6,0.5,1024,rate,0.5306427503736921,0.3333333333333333,n4000_seed1
cifar10,geo_m,6,0.5,1024,probe_weight,0.4586894586894587,0.3333333333333333,n4000_seed1
cifar10,geo_m,7,0.05,102,magnitude,0.24390243902439024,0.02553830746119179,n4000_seed1
cifar10,geo_m,7,0.05,102,variance,0.45714285714285713,0.02553830746119179,n4000_seed1
cifar10,geo_m,7,0.05,102,rate,0.10270270270270271,0.02553830746119179,n4000_seed1
cifar10,geo_m,7,0.05,102,probe_weight,0.2830188679245283,0.02553830746119179,n4000_seed1
cifar10,geo_m,7,0.1,204,magnitude,0.45195729537366547,0.052415210688591986,n4000_seed1
cifar10,geo_m,7,0.1,204,variance,0.6385542168674698,0.052415210688591986,n4000_seed1
cifar10,geo_m,7,0.1,204,rate,0.24012158054711247,0.052415210688591986,n4000_seed1
cifar10,geo_m,7,0.1,204,probe_weight,0.3076923076923077,0.052415210688591986,n4000_seed1
cifar10,geo_m,7,0.2,409,magnitude,0.7293868921775899,0.11093029563330621,n4000_seed1
cifar10,geo_m,7,0.2,409,variance,0.8633257403189066,0.11093029563330621,n4000_seed1
cifar10,geo_m,7,0.2,409,rate,0.4899817850637523,0.11093029563330621,n4000_seed1
cifar10,geo_m,7,0.2,409,probe_weight,0.35206611570247937,0.11093029563330621,n4000_seed1
cifar10,geo_m,7,0.5,1024,magnitude,0.8998144712430427,0.3333333333333333,n4000_seed1
cifar10,geo_m,7,0.5,1024,variance,0.7996485061511424,0.3333333333333333,n4000_seed1
cifar10,geo_m,7,0.5,1024,rate,0.9212007504690432,0.3333333333333333,n4000_seed1
cifar10,geo_m,7,0.5,1024,probe_weight,0.49053857350800584,0.3333333333333333,n4000_seed1
cifar10,geo_m,8,0.05,102,magnitude,0.0049261083743842365,0.02553830746119179,n4000_seed1
cifar10,geo_m,8,0.05,102,variance,0.10869565217391304,0.02553830746119179,n4000_seed1
cifar10,geo_m,8,0.05,102,rate,0.0,0.02553830746119179,n4000_seed1
cifar10,geo_m,8,0.05,102,probe_weight,0.1724137931034483,0.02553830746119179,n4000_seed1
cifar10,geo_m,8,0.1,204,magnitude,0.2553846153846154,0.052415210688591986,n4000_seed1
cifar10,geo_m,8,0.1,204,variance,0.3877551020408163,0.052415210688591986,n4000_seed1
cifar10,geo_m,8,0.1,204,rate,0.12396694214876033,0.052415210688591986,n4000_seed1
cifar10,geo_m,8,0.1,204,probe_weight,0.2670807453416149,0.052415210688591986,n4000_seed1
cifar10,geo_m,8,0.2,409,magnitude,0.642570281124498,0.11093029563330621,n4000_seed1
cifar10,geo_m,8,0.2,409,variance,0.8299776286353467,0.11093029563330621,n4000_seed1
cifar10,geo_m,8,0.2,409,rate,0.4250871080139373,0.11093029563330621,n4000_seed1
cifar10,geo_m,8,0.2,409,probe_weight,0.34761120263591433,0.11093029563330621,n4000_seed1
cifar10,geo_m,8,0.5,1024,magnitude,0.7239057239057239,0.3333333333333333,n4000_seed1
cifar10,geo_m,8,0.5,1024,variance,0.8075904677846425,0.3333333333333333,n4000_seed1
cifar10,geo_m,8,0.5,1024,rate,0.610062893081761,0.3333333333333333,n4000_seed1
cifar10,geo_m,8,0.5,1024,probe_weight,0.48191027496382055,0.3333333333333333,n4000_seed1
cifar10,geo_m,9,0.05,102,magnitude,0.3076923076923077,0.02553830746119179,n4000_seed1
cifar10,geo_m,9,0.05,102,variance,0.5338345864661654,0.02553830746119179,n4000_seed1
cifar10,geo_m,9,0.05,102,rate,0.14606741573033707,0.02553830746119179,n4000_seed1
cifar10,geo_m,9,0.05,102,probe_weight,0.29936305732484075,0.02553830746119179,n4000_seed1
cifar10,geo_m,9,0.1,204,magnitude,0.4020618556701031,0.052415210688591986,n4000_seed1
cifar10,geo_m,9,0.1,204,variance,0.5813953488372093,0.052415210688591986,n4000_seed1
cifar10,geo_m,9,0.1,204,rate,0.21428571428571427,0.052415210688591986,n4000_seed1
cifar10,geo_m,9,0.1,204,probe_weight,0.31189710610932475,0.052415210688591986,n4000_seed1
cifar10,geo_m,9,0.2,409,magnitude,0.4954296160877514,0.11093029563330621,n4000_seed1
cifar10,geo_m,9,0.2,409,variance,0.6294820717131474,0.11093029563330621,n4000_seed1
cifar10,geo_m,9,0.2,409,rate,0.30670926517571884,0.11093029563330621,n4000_seed1
cifar10,geo_m,9,0.2,409,probe_weight,0.34318555008210183,0.11093029563330621,n4000_seed1
cifar10,geo_m,9,0.5,1024,magnitude,0.9033457249070632,0.3333333333333333,n4000_seed1
cifar10,geo_m,9,0.5,1024,variance,0.9320754716981132,0.3333333333333333,n4000_seed1
cifar10,geo_m,9,0.5,1024,rate,0.7731601731601732,0.3333333333333333,n4000_seed1
cifar10,geo_m,9,0.5,1024,probe_weight,0.4948905109489051,0.3333333333333333,n4000_seed1
cifar10,geo_r,0,0.05,102,magnitude,0.19298245614035087,0.02553830746119179,n4000_seed1
cifar10,geo_r,0,0.05,102,variance,0.1724137931034483,0.02553830746119179,n4000_seed1
cifar10,geo_r,0,0.05,102,rate,0.14606741573033707,0.02553830746119179,n4000_seed1
cifar10,geo_r,0,0.05,102,probe_weight,0.12087912087912088,0.02553830746119179,n4000_seed1
cifar10,geo_r,0,0.1,204,magnitude,0.36454849498327757,0.052415210688591986,n4000_seed1
cifar10,geo_r,0,0.1,204,variance,0.31189710610932475,0.052415210688591986,n4000_seed1
cifar10,geo_r,0,0.1,204,rate,0.3377049180327869,0.052415210688591986,n4000_seed1
cifar10,geo_r,0,0.1,204,probe_weight,0.1791907514450867,0.052415210688591986,n4000_seed1
cifar10,geo_r,0,0.2,409,magnitude,0.41522491349480967,0.11093029563330621,n4000_seed1
cifar10,geo_r,0,0.2,409,variance,0.38175675675675674,0.11093029563330621,n4000_seed1
cifar10,geo_r,0,0.2,409,rate,0.4250871080139373,0.11093029563330621,n4000_seed1
cifar10,geo_r,0,0.2,409,probe_weight,0.21364985163204747,0.11093029563330621,n4000_seed1
cifar10,geo_r,0,0.5,1024,magnitude,0.5294996265870052,0.3333333333333333,n4000_seed1
cifar10,geo_r,0,0.5,1024,variance,0.5092114959469418,0.3333333333333333,n4000_seed1
cifar10,geo_r,0,0.5,1024,rate,0.5306427503736921,0.3333333333333333,n4000_seed1
cifar10,geo_r,0,0.5,1024,probe_weight,0.41926541926541927,0.3333333333333333,n4000_seed1
cifar10,geo_r,1,0.05,102,magnitude,0.2,0.02553830746119179,n4000_seed1
cifar10,geo_r,1,0.05,102,variance,0.2289156626506024,0.02553830746119179,n4000_seed1
cifar10,geo_r,1,0.05,102,rate,0.13966480446927373,0.02553830746119179,n4000_seed1
cifar10,geo_r,1,0.05,102,probe_weight,0.14606741573033707,0.02553830746119179,n4000_seed1
cifar10,geo_r,1,0.1,204,magnitude,0.4020618556701031,0.052415210688591986,n4000_seed1
cifar10,geo_r,1,0.1,204,variance,0.37373737373737376,0.052415210688591986,n4000_seed1
cifar10,geo_r,1,0.1,204,rate,0.3377049180327869,0.052415210688591986,n4000_seed1
cifar10,geo_r,1,0.1,204,probe_weight,0.20710059171597633,0.052415210688591986,n4000_seed1
cifar10,geo_r,1,0.2,409,magnitude,0.450354609929078,0.11093029563330621,n4000_seed1
cifar10,geo_r,1,0.2,409,variance,0.42757417102966844,0.11093029563330621,n4000_seed1
cifar10,geo_r,1,0.2,409,rate,0.41522491349480967,0.11093029563330621,n4000_seed1
cifar10,geo_r,1,0.2,409,probe_weight,0.254601226993865,0.11093029563330621,n4000_seed1
cifar10,geo_r,1,0.5,1024,magnitude,0.6331738437001595,0.3333333333333333,n4000_seed1
cifar10,geo_r,1,0.5,1024,variance,0.6253968253968254,0.3333333333333333,n4000_seed1
cifar10,geo_r,1,0.5,1024,rate,0.6062745098039216,0.3333333333333333,n4000_seed1
cifar10,geo_r,1,0.5,1024,probe_weight,0.4242002781641168,0.3333333333333333,n4000_seed1
cifar10,geo_r,2,0.05,102,magnitude,0.23636363636363636,0.02553830746119179,n4000_seed1
cifar10,geo_r,2,0.05,102,variance,0.23636363636363636,0.02553830746119179,n4000_seed1
cifar10,geo_r,2,0.05,102,rate,0.18604651162790697,0.02553830746119179,n4000_seed1
cifar10,geo_r,2,0.05,102,probe_weight,0.13966480446927373,0.02553830746119179,n4000_seed1
cifar10,geo_r,2,0.1,204,magnitude,0.2670807453416149,0.052415210688591986,n4000_seed1
cifar10,geo_r,2,0.1,204,variance,0.2830188679245283,0.052415210688591986,n4000_seed1
cifar10,geo_r,2,0.1,204,rate,0.2326283987915408,0.052415210688591986,n4000_seed1
cifar10,geo_r,2,0.1,204,probe_weight,0.1590909090909091,0.052415210688591986,n4000_seed1
cifar10,geo_r,2,0.2,409,magnitude,0.278125,0.11093029563330621,n4000_seed1
cifar10,geo_r,2,0.2,409,variance,0.2861635220125786,0.11093029563330621,n4000_seed1
cifar10,geo_r,2,0.2,409,rate,0.25076452599388377,0.11093029563330621,n4000_seed1
cifar10,geo_r,2,0.2,409,probe_weight,0.19068413391557495,0.11093029563330621,n4000_seed1
cifar10,geo_r,2,0.5,1024,magnitude,0.43116701607267643,0.3333333333333333,n4000_seed1
cifar10,geo_r,2,0.5,1024,variance,0.4291695743196092,0.3333333333333333,n4000_seed1
cifar10,geo_r,2,0.5,1024,rate,0.4232105628908965,0.3333333333333333,n4000_seed1
cifar10,geo_r,2,0.5,1024,probe_weight,0.36442371752165226,0.3333333333333333,n4000_seed1
cifar10,geo_r,3,0.05,102,magnitude,0.2670807453416149,0.02553830746119179,n4000_seed1
cifar10,geo_r,3,0.05,102,variance,0.23636363636363636,0.02553830746119179,n4000_seed1
cifar10,geo_r,3,0.05,102,rate,0.25925925925925924,0.02553830746119179,n4000_seed1
cifar10,geo_r,3,0.05,102,probe_weight,0.13966480446927373,0.02553830746119179,n4000_seed1
cifar10,geo_r,3,0.1,204,magnitude,0.3924914675767918,0.052415210688591986,n4000_seed1
cifar10,geo_r,3,0.1,204,variance,0.36454849498327757,0.052415210688591986,n4000_seed1
cifar10,geo_r,3,0.1,204,rate,0.3465346534653465,0.052415210688591986,n4000_seed1
cifar10,geo_r,3,0.1,204,probe_weight,0.21791044776119403,0.052415210688591986,n4000_seed1
cifar10,geo_r,3,0.2,409,magnitude,0.48188405797101447,0.11093029563330621,n4000_seed1
cifar10,geo_r,3,0.2,409,variance,0.45811051693404636,0.11093029563330621,n4000_seed1
cifar10,geo_r,3,0.2,409,rate,0.437609841827768,0.11093029563330621,n4000_seed1
cifar10,geo_r,3,0.2,409,probe_weight,0.30254777070063693,0.11093029563330621,n4000_seed1
cifar10,geo_r,3,0.5,1024,magnitude,0.5103244837758112,0.3333333333333333,n4000_seed1
cifar10,geo_r,3,0.5,1024,variance,0.508100147275405,0.3333333333333333,n4000_seed1
cifar10,geo_r,3,0.5,1024,rate,0.4959824689554419,0.3333333333333333,n4000_seed1
cifar10,geo_r,3,0.5,1024,probe_weight,0.4124137931034483,0.3333333333333333,n4000_seed1
cifar10,geo_r,4,0.05,102,magnitude,0.2289156626506024,0.02553830746119179,n4000_seed1
cifar10,geo_r,4,0.05,102,variance,0.20710059171597633,0.02553830746119179,n4000_seed1
cifar10,geo_r,4,0.05,102,rate,0.21428571428571427,0.02553830746119179,n4000_seed1
cifar10,geo_r,4,0.05,102,probe_weight,0.1590909090909091,0.02553830746119179,n4000_seed1
cifar10,geo_r,4,0.1,204,magnitude,0.23636363636363636,0.052415210688591986,n4000_seed1
cifar10,geo_r,4,0.1,204,variance,0.23636363636363636,0.052415210688591986,n4000_seed1
cifar10,geo_r,4,0.1,204,rate,0.20710059171597633,0.052415210688591986,n4000_seed1
cifar10,geo_r,4,0.1,204,probe_weight,0.17579250720461095,0.052415210688591986,n4000_seed1
cifar10,geo_r,4,0.2,409,magnitude,0.31511254019292606,0.11093029563330621,n4000_seed1
cifar10,geo_r,4,0.2,409,variance,0.30462519936204147,0.11093029563330621,n4000_seed1
cifar10,geo_r,4,0.2,409,rate,0.27414330218068533,0.11093029563330621,n4000_seed1
cifar10,geo_r,4,0.2,409,probe_weight,0.20294117647058824,0.11093029563330621,n4000_seed1
cifar10,geo_r,4,0.5,1024,magnitude,0.3960463531015678,0.3333333333333333,n4000_seed1
cifar10,geo_r,4,0.5,1024,variance,0.39319727891156464,0.3333333333333333,n4000_seed1
cifar10,geo_r,4,0.5,1024,rate,0.39509536784741145,0.3333333333333333,n4000_seed1
cifar10,geo_r,4,0.5,1024,probe_weight,0.3671562082777036,0.3333333333333333,n4000_seed1
cifar10,geo_r,5,0.05,102,magnitude,0.23636363636363636,0.02553830746119179,n4000_seed1
cifar10,geo_r,5,0.05,102,variance,0.24390243902439024,0.02553830746119179,n4000_seed1
cifar10,geo_r,5,0.05,102,rate,0.1791907514450867,0.02553830746119179,n4000_seed1
cifar10,geo_r,5,0.05,102,probe_weight,0.1270718232044199,0.02553830746119179,n4000_seed1
cifar10,geo_r,5,0.1,204,magnitude,0.21791044776119403,0.052415210688591986,n4000_seed1
cifar10,geo_r,5,0.1,204,variance,0.2326283987915408,0.052415210688591986,n4000_seed1
cifar10,geo_r,5,0.1,204,rate,0.1826086956521739,0.052415210688591986,n4000_seed1
cifar10,geo_r,5,0.1,204,probe_weight,0.14285714285714285,0.052415210688591986,n4000_seed1
cifar10,geo_r,5,0.2,409,magnitude,0.32576985413290116,0.11093029563330621,n4000_seed1
cifar10,geo_r,5,0.2,409,variance,0.3322475570032573,0.11093029563330621,n4000_seed1
cifar10,geo_r,5,0.2,409,rate,0.27613104524180965,0.11093029563330621,n4000_seed1
cifar10,geo_r,5,0.2,409,probe_weight,0.22638680659670166,0.11093029563330621,n4000_seed1
cifar10,geo_r,5,0.5,1024,magnitude,0.3772696704774714,0.3333333333333333,n4000_seed1
cifar10,geo_r,5,0.5,1024,variance,0.3781965006729475,0.3333333333333333,n4000_seed1
cifar10,geo_r,5,0.5,1024,rate,0.3708165997322624,0.3333333333333333,n4000_seed1
cifar10,geo_r,5,0.5,1024,probe_weight,0.3772696704774714,0.3333333333333333,n4000_seed1
cifar10,geo_r,6,0.05,102,magnitude,0.11475409836065574,0.02553830746119179,n4000_seed1
cifar10,geo_r,6,0.05,102,variance,0.14606741573033707,0.02553830746119179,n4000_seed1
cifar10,geo_r,6,0.05,102,rate,0.0851063829787234,0.02553830746119179,n4000_seed1
cifar10,geo_r,6,0.05,102,probe_weight,0.09090909090909091,0.02553830746119179,n4000_seed1
cifar10,geo_r,6,0.1,204,magnitude,0.2289156626506024,0.052415210688591986,n4000_seed1
cifar10,geo_r,6,0.1,204,variance,0.21428571428571427,0.052415210688591986,n4000_seed1
cifar10,geo_r,6,0.1,204,rate,0.18604651162790697,0.052415210688591986,n4000_seed1
cifar10,geo_r,6,0.1,204,probe_weight,0.1623931623931624,0.052415210688591986,n4000_seed1
cifar10,geo_r,6,0.2,409,magnitude,0.278125,0.11093029563330621,n4000_seed1
cifar10,geo_r,6,0.2,409,variance,0.28213166144200624,0.11093029563330621,n4000_seed1
cifar10,geo_r,6,0.2,409,rate,0.26625386996904027,0.11093029563330621,n4000_seed1
cifar10,geo_r,6,0.2,409,probe_weight,0.19416058394160585,0.11093029563330621,n4000_seed1
cifar10,geo_r,6,0.5,1024,magnitude,0.4331700489853044,0.3333333333333333,n4000_seed1
cifar10,geo_r,6,0.5,1024,variance,0.42618384401114207,0.3333333333333333,n4000_seed1
cifar10,geo_r,6,0.5,1024,rate,0.4351786965662228,0.3333333333333333,n4000_seed1
cifar10,geo_r,6,0.5,1024,probe_weight,0.37912457912457914,0.3333333333333333,n4000_seed1
cifar10,geo_r,7,0.05,102,magnitude,0.29936305732484075,0.02553830746119179,n4000_seed1
cifar10,geo_r,7,0.05,102,variance,0.3246753246753247,0.02553830746119179,n4000_seed1
cifar10,geo_r,7,0.05,102,rate,0.23636363636363636,0.02553830746119179,n4000_seed1
cifar10,geo_r,7,0.05,102,probe_weight,0.1791907514450867,0.02553830746119179,n4000_seed1
cifar10,geo_r,7,0.1,204,magnitude,0.3076923076923077,0.052415210688591986,n4000_seed1
cifar10,geo_r,7,0.1,204,variance,0.3377049180327869,0.052415210688591986,n4000_seed1
cifar10,geo_r,7,0.1,204,rate,0.25153374233128833,0.052415210688591986,n4000_seed1
cifar10,geo_r,7,0.1,204,probe_weight,0.21428571428571427,0.052415210688591986,n4000_seed1
cifar10,geo_r,7,0.2,409,magnitude,0.41278065630397237,0.11093029563330621,n4000_seed1
cifar10,geo_r,7,0.2,409,variance,0.4226086956521739,0.11093029563330621,n4000_seed1
cifar10,geo_r,7,0.2,409,rate,0.3588039867109635,0.11093029563330621,n4000_seed1
cifar10,geo_r,7,0.2,409,probe_weight,0.27613104524180965,0.11093029563330621,n4000_seed1
cifar10,geo_r,7,0.5,1024,magnitude,0.4883720930232558,0.3333333333333333,n4000_seed1
cifar10,geo_r,7,0.5,1024,variance,0.48191027496382055,0.3333333333333333,n4000_seed1
cifar10,geo_r,7,0.5,1024,rate,0.4670487106017192,0.3333333333333333,n4000_seed1
cifar10,geo_r,7,0.5,1024,probe_weight,0.41338854382332646,0.3333333333333333,n4000_seed1
cifar10,geo_r,8,0.05,102,magnitude,0.2670807453416149,0.02553830746119179,n4000_seed1
cifar10,geo_r,8,0.05,102,variance,0.3246753246753247,0.02553830746119179,n4000_seed1
cifar10,geo_r,8,0.05,102,rate,0.19298245614035087,0.02553830746119179,n4000_seed1
cifar10,geo_r,8,0.05,102,probe_weight,0.18604651162790697,0.02553830746119179,n4000_seed1
cifar10,geo_r,8,0.1,204,magnitude,0.31189710610932475,0.052415210688591986,n4000_seed1
cifar10,geo_r,8,0.1,204,variance,0.3161290322580645,0.052415210688591986,n4000_seed1
cifar10,geo_r,8,0.1,204,rate,0.2830188679245283,0.052415210688591986,n4000_seed1
cifar10,geo_r,8,0.1,204,probe_weight,0.18950437317784258,0.052415210688591986,n4000_seed1
cifar10,geo_r,8,0.2,409,magnitude,0.4079173838209983,0.11093029563330621,n4000_seed1
cifar10,geo_r,8,0.2,409,variance,0.4006849315068493,0.11093029563330621,n4000_seed1
cifar10,geo_r,8,0.2,409,rate,0.3724832214765101,0.11093029563330621,n4000_seed1
cifar10,geo_r,8,0.2,409,probe_weight,0.2565284178187404,0.11093029563330621,n4000_seed1
cifar10,geo_r,8,0.5,1024,magnitude,0.5802469135802469,0.3333333333333333,n4000_seed1
cifar10,geo_r,8,0.5,1024,variance,0.5863671572424477,0.3333333333333333,n4000_seed1
cifar10,geo_r,8,0.5,1024,rate,0.5562310030395137,0.3333333333333333,n4000_seed1
cifar10,geo_r,8,0.5,1024,probe_weight,0.4281729428172943,0.3333333333333333,n4000_seed1
cifar10,geo_r,9,0.05,102,magnitude,0.10869565217391304,0.02553830746119179,n4000_seed1
cifar10,geo_r,9,0.05,102,variance,0.1270718232044199,0.02553830746119179,n4000_seed1
cifar10,geo_r,9,0.05,102,rate,0.09090909090909091,0.02553830746119179,n4000_seed1
cifar10,geo_r,9,0.05,102,probe_weight,0.1270718232044199,0.02553830746119179,n4000_seed1
cifar10,geo_r,9,0.1,204,magnitude,0.2289156626506024,0.052415210688591986,n4000_seed1
cifar10,geo_r,9,0.1,204,variance,0.23636363636363636,0.052415210688591986,n4000_seed1
cifar10,geo_r,9,0.1,204,rate,0.18950437317784258,0.052415210688591986,n4000_seed1
cifar10,geo_r,9,0.1,204,probe_weight,0.18604651162790697,0.052415210688591986,n4000_seed1
cifar10,geo_r,9,0.2,409,magnitude,0.2623456790123457,0.11093029563330621,n4000_seed1
cifar10,geo_r,9,0.2,409,variance,0.28213166144200624,0.11093029563330621,n4000_seed1
cifar10,geo_r,9,0.2,409,rate,0.25076452599388377,0.11093029563330621,n4000_seed1
cifar10,geo_r,9,0.2,409,probe_weight,0.21545319465081725,0.11093029563330621,n4000_seed1
cifar10,geo_r,9,0.5,1024,magnitude,0.5294996265870052,0.3333333333333333,n4000_seed1
cifar10,geo_r,9,0.5,1024,variance,0.5181616011860638,0.3333333333333333,n4000_seed1
cifar10,geo_r,9,0.5,1024,rate,0.5294996265870052,0.3333333333333333,n4000_seed1
cifar10,geo_r,9,0.5,1024,probe_weight,0.4056280027453672,0.3333333333333333,n4000_seed1
cifar10,geo_pca,0,0.05,102,magnitude,0.2670807453416149,0.02553830746119179,n4000_seed1
cifar10,geo_pca,0,0.05,102,variance,0.3076923076923077,0.02553830746119179,n4000_seed1
cifar10,geo_pca,0,0.05,102,rate,0.20710059171597633,0.02553830746119179,n4000_seed1
cifar10,geo_pca,0,0.05,102,probe_weight,0.1724137931034483,0.02553830746119179,n4000_seed1
cifar10,geo_pca,0,0.1,204,magnitude,0.24012158054711247,0.052415210688591986,n4000_seed1
cifar10,geo_pca,0,0.1,204,variance,0.24390243902439024,0.052415210688591986,n4000_seed1
cifar10,geo_pca,0,0.1,204,rate,0.20710059171597633,0.052415210688591986,n4000_seed1
cifar10,geo_pca,0,0.1,204,probe_weight,0.18604651162790697,0.052415210688591986,n4000_seed1
cifar10,geo_pca,0,0.2,409,magnitude,0.3004769475357711,0.11093029563330621,n4000_seed1
cifar10,geo_pca,0,0.2,409,variance,0.30670926517571884,0.11093029563330621,n4000_seed1
cifar10,geo_pca,0,0.2,409,rate,0.2902208201892745,0.11093029563330621,n4000_seed1
cifar10,geo_pca,0,0.2,409,probe_weight,0.21185185185185185,0.11093029563330621,n4000_seed1
cifar10,geo_pca,0,0.5,1024,magnitude,0.24878048780487805,0.3333333333333333,n4000_seed1
cifar10,geo_pca,0,0.5,1024,variance,0.25644171779141106,0.3333333333333333,n4000_seed1
cifar10,geo_pca,0,0.5,1024,rate,0.2397094430992736,0.3333333333333333,n4000_seed1
cifar10,geo_pca,0,0.5,1024,probe_weight,0.2864321608040201,0.3333333333333333,n4000_seed1
cifar10,geo_pca,1,0.05,102,magnitude,0.21428571428571427,0.02553830746119179,n4000_seed1
cifar10,geo_pca,1,0.05,102,variance,0.25925925925925924,0.02553830746119179,n4000_seed1
cifar10,geo_pca,1,0.05,102,rate,0.15254237288135594,0.02553830746119179,n4000_seed1
cifar10,geo_pca,1,0.05,102,probe_weight,0.15254237288135594,0.02553830746119179,n4000_seed1
cifar10,geo_pca,1,0.1,204,magnitude,0.1590909090909091,0.052415210688591986,n4000_seed1
cifar10,geo_pca,1,0.1,204,variance,0.1791907514450867,0.052415210688591986,n4000_seed1
cifar10,geo_pca,1,0.1,204,rate,0.0938337801608579,0.052415210688591986,n4000_seed1
cifar10,geo_pca,1,0.1,204,probe_weight,0.14606741573033707,0.052415210688591986,n4000_seed1
cifar10,geo_pca,1,0.2,409,magnitude,0.391156462585034,0.11093029563330621,n4000_seed1
cifar10,geo_pca,1,0.2,409,variance,0.3610648918469218,0.11093029563330621,n4000_seed1
cifar10,geo_pca,1,0.2,409,rate,0.4103448275862069,0.11093029563330621,n4000_seed1
cifar10,geo_pca,1,0.2,409,probe_weight,0.23378582202111614,0.11093029563330621,n4000_seed1
cifar10,geo_pca,1,0.5,1024,magnitude,0.2704714640198511,0.3333333333333333,n4000_seed1
cifar10,geo_pca,1,0.5,1024,variance,0.2816020025031289,0.3333333333333333,n4000_seed1
cifar10,geo_pca,1,0.5,1024,rate,0.2587584511370621,0.3333333333333333,n4000_seed1
cifar10,geo_pca,1,0.5,1024,probe_weight,0.301143583227446,0.3333333333333333,n4000_seed1
cifar10,geo_pca,2,0.05,102,magnitude,0.3246753246753247,0.02553830746119179,n4000_seed1
cifar10,geo_pca,2,0.05,102,variance,0.2830188679245283,0.02553830746119179,n4000_seed1
cifar10,geo_pca,2,0.05,102,rate,0.20710059171597633,0.02553830746119179,n4000_seed1
cifar10,geo_pca,2,0.05,102,probe_weight,0.21428571428571427,0.02553830746119179,n4000_seed1
cifar10,geo_pca,2,0.1,204,magnitude,0.37373737373737376,0.052415210688591986,n4000_seed1
cifar10,geo_pca,2,0.1,204,variance,0.3465346534653465,0.052415210688591986,n4000_seed1
cifar10,geo_pca,2,0.1,204,rate,0.36454849498327757,0.052415210688591986,n4000_seed1
cifar10,geo_pca,2,0.1,204,probe_weight,0.25153374233128833,0.052415210688591986,n4000_seed1
cifar10,geo_pca,2,0.2,409,magnitude,0.437609841827768,0.11093029563330621,n4000_seed1
cifar10,geo_pca,2,0.2,409,variance,0.41278065630397237,0.11093029563330621,n4000_seed1
cifar10,geo_pca,2,0.2,409,rate,0.37478991596638656,0.11093029563330621,n4000_seed1
cifar10,geo_pca,2,0.2,409,probe_weight,0.2682170542635659,0.11093029563330621,n4000_seed1
cifar10,geo_pca,2,0.5,1024,magnitude,0.35181518151815183,0.3333333333333333,n4000_seed1
cifar10,geo_pca,2,0.5,1024,variance,0.34648257725180803,0.3333333333333333,n4000_seed1
cifar10,geo_pca,2,0.5,1024,rate,0.34648257725180803,0.3333333333333333,n4000_seed1
cifar10,geo_pca,2,0.5,1024,probe_weight,0.338562091503268,0.3333333333333333,n4000_seed1
cifar10,geo_pca,3,0.05,102,magnitude,0.23636363636363636,0.02553830746119179,n4000_seed1
cifar10,geo_pca,3,0.05,102,variance,0.2215568862275449,0.02553830746119179,n4000_seed1
cifar10,geo_pca,3,0.05,102,rate,0.18604651162790697,0.02553830746119179,n4000_seed1
cifar10,geo_pca,3,0.05,102,probe_weight,0.15254237288135594,0.02553830746119179,n4000_seed1
cifar10,geo_pca,3,0.1,204,magnitude,0.36454849498327757,0.052415210688591986,n4000_seed1
cifar10,geo_pca,3,0.1,204,variance,0.3035143769968051,0.052415210688591986,n4000_seed1
cifar10,geo_pca,3,0.1,204,rate,0.36,0.052415210688591986,n4000_seed1
cifar10,geo_pca,3,0.1,204,probe_weight,0.1724137931034483,0.052415210688591986,n4000_seed1
cifar10,geo_pca,3,0.2,409,magnitude,0.39829059829059826,0.11093029563330621,n4000_seed1
cifar10,geo_pca,3,0.2,409,variance,0.37478991596638656,0.11093029563330621,n4000_seed1
cifar10,geo_pca,3,0.2,409,rate,0.38175675675675674,0.11093029563330621,n4000_seed1
cifar10,geo_pca,3,0.2,409,probe_weight,0.24127465857359637,0.11093029563330621,n4000_seed1
cifar10,geo_pca,3,0.5,1024,magnitude,0.5491679273827534,0.3333333333333333,n4000_seed1
cifar10,geo_pca,3,0.5,1024,variance,0.5352323838080959,0.3333333333333333,n4000_seed1
cifar10,geo_pca,3,0.5,1024,rate,0.5375375375375375,0.3333333333333333,n4000_seed1
cifar10,geo_pca,3,0.5,1024,probe_weight,0.42717770034843205,0.3333333333333333,n4000_seed1
cifar10,geo_pca,4,0.05,102,magnitude,0.10869565217391304,0.02553830746119179,n4000_seed1
cifar10,geo_pca,4,0.05,102,variance,0.1791907514450867,0.02553830746119179,n4000_seed1
cifar10,geo_pca,4,0.05,102,rate,0.0625,0.02553830746119179,n4000_seed1
cifar10,geo_pca,4,0.05,102,probe_weight,0.1657142857142857,0.02553830746119179,n4000_seed1
cifar10,geo_pca,4,0.1,204,magnitude,0.23636363636363636,0.052415210688591986,n4000_seed1
cifar10,geo_pca,4,0.1,204,variance,0.2553846153846154,0.052415210688591986,n4000_seed1
cifar10,geo_pca,4,0.1,204,rate,0.17579250720461095,0.052415210688591986,n4000_seed1
cifar10,geo_pca,4,0.1,204,probe_weight,0.21791044776119403,0.052415210688591986,n4000_seed1
cifar10,geo_pca,4,0.2,409,magnitude,0.32148626817447495,0.11093029563330621,n4000_seed1
cifar10,geo_pca,4,0.2,409,variance,0.3366013071895425,0.11093029563330621,n4000_seed1
cifar10,geo_pca,4,0.2,409,rate,0.25846153846153846,0.11093029563330621,n4000_seed1
cifar10,geo_pca,4,0.2,409,probe_weight,0.2623456790123457,0.11093029563330621,n4000_seed1
cifar10,geo_pca,4,0.5,1024,magnitude,0.3763440860215054,0.3333333333333333,n4000_seed1
cifar10,geo_pca,4,0.5,1024,variance,0.3763440860215054,0.3333333333333333,n4000_seed1
cifar10,geo_pca,4,0.5,1024,rate,0.3772696704774714,0.3333333333333333,n4000_seed1
cifar10,geo_pca,4,0.5,1024,probe_weight,0.3708165997322624,0.3333333333333333,n4000_seed1
cifar10,geo_pca,5,0.05,102,magnitude,0.3076923076923077,0.02553830746119179,n4000_seed1
cifar10,geo_pca,5,0.05,102,variance,0.3333333333333333,0.02553830746119179,n4000_seed1
cifar10,geo_pca,5,0.05,102,rate,0.20710059171597633,0.02553830746119179,n4000_seed1
cifar10,geo_pca,5,0.05,102,probe_weight,0.2215568862275449,0.02553830746119179,n4000_seed1
cifar10,geo_pca,5,0.1,204,magnitude,0.37373737373737376,0.052415210688591986,n4000_seed1
cifar10,geo_pca,5,0.1,204,variance,0.3509933774834437,0.052415210688591986,n4000_seed1
cifar10,geo_pca,5,0.1,204,rate,0.3877551020408163,0.052415210688591986,n4000_seed1
cifar10,geo_pca,5,0.1,204,probe_weight,0.21791044776119403,0.052415210688591986,n4000_seed1
cifar10,geo_pca,5,0.2,409,magnitude,0.3724832214765101,0.11093029563330621,n4000_seed1
cifar10,geo_pca,5,0.2,409,variance,0.3656093489148581,0.11093029563330621,n4000_seed1
cifar10,geo_pca,5,0.2,409,rate,0.36789297658862874,0.11093029563330621,n4000_seed1
cifar10,geo_pca,5,0.2,409,probe_weight,0.23378582202111614,0.11093029563330621,n4000_seed1
cifar10,geo_pca,5,0.5,1024,magnitude,0.5479969765684052,0.3333333333333333,n4000_seed1
cifar10,geo_pca,5,0.5,1024,variance,0.536384096024006,0.3333333333333333,n4000_seed1
cifar10,geo_pca,5,0.5,1024,rate,0.558599695585997,0.3333333333333333,n4000_seed1
cifar10,geo_pca,5,0.5,1024,probe_weight,0.42519137091162146,0.3333333333333333,n4000_seed1
cifar10,geo_pca,6,0.05,102,magnitude,0.046153846153846156,0.02553830746119179,n4000_seed1
cifar10,geo_pca,6,0.05,102,variance,0.07936507936507936,0.02553830746119179,n4000_seed1
cifar10,geo_pca,6,0.05,102,rate,0.04081632653061224,0.02553830746119179,n4000_seed1
cifar10,geo_pca,6,0.05,102,probe_weight,0.11475409836065574,0.02553830746119179,n4000_seed1
cifar10,geo_pca,6,0.1,204,magnitude,0.42160278745644597,0.052415210688591986,n4000_seed1
cifar10,geo_pca,6,0.1,204,variance,0.37373737373737376,0.052415210688591986,n4000_seed1
cifar10,geo_pca,6,0.1,204,rate,0.4020618556701031,0.052415210688591986,n4000_seed1
cifar10,geo_pca,6,0.1,204,probe_weight,0.2631578947368421,0.052415210688591986,n4000_seed1
cifar10,geo_pca,6,0.2,409,magnitude,0.3004769475357711,0.11093029563330621,n4000_seed1
cifar10,geo_pca,6,0.2,409,variance,0.30670926517571884,0.11093029563330621,n4000_seed1
cifar10,geo_pca,6,0.2,409,rate,0.27414330218068533,0.11093029563330621,n4000_seed1
cifar10,geo_pca,6,0.2,409,probe_weight,0.23378582202111614,0.11093029563330621,n4000_seed1
cifar10,geo_pca,6,0.5,1024,magnitude,0.28240450845335,0.3333333333333333,n4000_seed1
cifar10,geo_pca,6,0.5,1024,variance,0.2880503144654088,0.3333333333333333,n4000_seed1
cifar10,geo_pca,6,0.5,1024,rate,0.2641975308641975,0.3333333333333333,n4000_seed1
cifar10,geo_pca,6,0.5,1024,probe_weight,0.3161953727506427,0.3333333333333333,n4000_seed1
cifar10,geo_pca,7,0.05,102,magnitude,0.275,0.02553830746119179,n4000_seed1
cifar10,geo_pca,7,0.05,102,variance,0.3161290322580645,0.02553830746119179,n4000_seed1
cifar10,geo_pca,7,0.05,102,rate,0.18604651162790697,0.02553830746119179,n4000_seed1
cifar10,geo_pca,7,0.05,102,probe_weight,0.24390243902439024,0.02553830746119179,n4000_seed1
cifar10,geo_pca,7,0.1,204,magnitude,0.24390243902439024,0.052415210688591986,n4000_seed1
cifar10,geo_pca,7,0.1,204,variance,0.27899686520376177,0.052415210688591986,n4000_seed1
cifar10,geo_pca,7,0.1,204,rate,0.1724137931034483,0.052415210688591986,n4000_seed1
cifar10,geo_pca,7,0.1,204,probe_weight,0.20710059171597633,0.052415210688591986,n4000_seed1
cifar10,geo_pca,7,0.2,409,magnitude,0.3130016051364366,0.11093029563330621,n4000_seed1
cifar10,geo_pca,7,0.2,409,variance,0.33442088091353994,0.11093029563330621,n4000_seed1
cifar10,geo_pca,7,0.2,409,rate,0.254601226993865,0.11093029563330621,n4000_seed1
cifar10,geo_pca,7,0.2,409,probe_weight,0.25267993874425726,0.11093029563330621,n4000_seed1
cifar10,geo_pca,7,0.5,1024,magnitude,0.40756013745704467,0.3333333333333333,n4000_seed1
cifar10,geo_pca,7,0.5,1024,variance,0.40949759119064005,0.3333333333333333,n4000_seed1
cifar10,geo_pca,7,0.5,1024,rate,0.39509536784741145,0.3333333333333333,n4000_seed1
cifar10,geo_pca,7,0.5,1024,probe_weight,0.3772696704774714,0.3333333333333333,n4000_seed1
cifar10,geo_pca,8,0.05,102,magnitude,0.18604651162790697,0.02553830746119179,n4000_seed1
cifar10,geo_pca,8,0.05,102,variance,0.24390243902439024,0.02553830746119179,n4000_seed1
cifar10,geo_pca,8,0.05,102,rate,0.1270718232044199,0.02553830746119179,n4000_seed1
cifar10,geo_pca,8,0.05,102,probe_weight,0.15254237288135594,0.02553830746119179,n4000_seed1
cifar10,geo_pca,8,0.1,204,magnitude,0.15254237288135594,0.052415210688591986,n4000_seed1
cifar10,geo_pca,8,0.1,204,variance,0.1623931623931624,0.052415210688591986,n4000_seed1
cifar10,geo_pca,8,0.1,204,rate,0.13333333333333333,0.052415210688591986,n4000_seed1
cifar10,geo_pca,8,0.1,204,probe_weight,0.11475409836065574,0.052415210688591986,n4000_seed1
cifar10,geo_pca,8,0.2,409,magnitude,0.18895348837209303,0.11093029563330621,n4000_seed1
cifar10,geo_pca,8,0.2,409,variance,0.21005917159763313,0.11093029563330621,n4000_seed1
cifar10,geo_pca,8,0.2,409,rate,0.16690442225392296,0.11093029563330621,n4000_seed1
cifar10,geo_pca,8,0.2,409,probe_weight,0.18722786647314948,0.11093029563330621,n4000_seed1
cifar10,geo_pca,8,0.5,1024,magnitude,0.2197736748064324,0.3333333333333333,n4000_seed1
cifar10,geo_pca,8,0.5,1024,variance,0.22341696535244923,0.3333333333333333,n4000_seed1
cifar10,geo_pca,8,0.5,1024,rate,0.22195704057279236,0.3333333333333333,n4000_seed1
cifar10,geo_pca,8,0.5,1024,probe_weight,0.2634176434299815,0.3333333333333333,n4000_seed1
cifar10,geo_pca,9,0.05,102,magnitude,0.19298245614035087,0.02553830746119179,n4000_seed1
cifar10,geo_pca,9,0.05,102,variance,0.2215568862275449,0.02553830746119179,n4000_seed1
cifar10,geo_pca,9,0.05,102,rate,0.12087912087912088,0.02553830746119179,n4000_seed1
cifar10,geo_pca,9,0.05,102,probe_weight,0.15254237288135594,0.02553830746119179,n4000_seed1
cifar10,geo_pca,9,0.1,204,magnitude,0.3076923076923077,0.052415210688591986,n4000_seed1
cifar10,geo_pca,9,0.1,204,variance,0.2911392405063291,0.052415210688591986,n4000_seed1
cifar10,geo_pca,9,0.1,204,rate,0.27899686520376177,0.052415210688591986,n4000_seed1
cifar10,geo_pca,9,0.1,204,probe_weight,0.20353982300884957,0.052415210688591986,n4000_seed1
cifar10,geo_pca,9,0.2,409,magnitude,0.34983498349834985,0.11093029563330621,n4000_seed1
cifar10,geo_pca,9,0.2,409,variance,0.37478991596638656,0.11093029563330621,n4000_seed1
cifar10,geo_pca,9,0.2,409,rate,0.2902208201892745,0.11093029563330621,n4000_seed1
cifar10,geo_pca,9,0.2,409,probe_weight,0.27216174183514774,0.11093029563330621,n4000_seed1
cifar10,geo_pca,9,0.5,1024,magnitude,0.4143646408839779,0.3333333333333333,n4000_seed1
cifar10,geo_pca,9,0.5,1024,variance,0.41730103806228375,0.3333333333333333,n4000_seed1
cifar10,geo_pca,9,0.5,1024,rate,0.40949759119064005,0.3333333333333333,n4000_seed1
cifar10,geo_pca,9,0.5,1024,probe_weight,0.3689839572192513,0.3333333333333333,n4000_seed1
cifar10,geo_m,0,0.05,102,magnitude,0.2911392405063291,0.02553830746119179,n4000_seed2
cifar10,geo_m,0,0.05,102,variance,0.5111111111111111,0.02553830746119179,n4000_seed2
cifar10,geo_m,0,0.05,102,rate,0.1590909090909091,0.02553830746119179,n4000_seed2
cifar10,geo_m,0,0.05,102,probe_weight,0.275,0.02553830746119179,n4000_seed2
cifar10,geo_m,0,0.1,204,magnitude,0.4166666666666667,0.052415210688591986,n4000_seed2
cifar10,geo_m,0,0.1,204,variance,0.6062992125984252,0.052415210688591986,n4000_seed2
cifar10,geo_m,0,0.1,204,rate,0.2289156626506024,0.052415210688591986,n4000_seed2
cifar10,geo_m,0,0.1,204,probe_weight,0.275,0.052415210688591986,n4000_seed2
cifar10,geo_m,0,0.2,409,magnitude,0.4054982817869416,0.11093029563330621,n4000_seed2
cifar10,geo_m,0,0.2,409,variance,0.5375939849624061,0.11093029563330621,n4000_seed2
cifar10,geo_m,0,0.2,409,rate,0.23939393939393938,0.11093029563330621,n4000_seed2
cifar10,geo_m,0,0.2,409,probe_weight,0.3108974358974359,0.11093029563330621,n4000_seed2
cifar10,geo_m,0,0.5,1024,magnitude,0.7166806370494552,0.3333333333333333,n4000_seed2
cifar10,geo_m,0,0.5,1024,variance,0.8044052863436123,0.3333333333333333,n4000_seed2
cifar10,geo_m,0,0.5,1024,rate,0.6025039123630673,0.3333333333333333,n4000_seed2
cifar10,geo_m,0,0.5,1024,probe_weight,0.4938001458789205,0.3333333333333333,n4000_seed2
cifar10,geo_m,1,0.05,102,magnitude,0.2830188679245283,0.02553830746119179,n4000_seed2
cifar10,geo_m,1,0.05,102,variance,0.5,0.02553830746119179,n4000_seed2
cifar10,geo_m,1,0.05,102,rate,0.13333333333333333,0.02553830746119179,n4000_seed2
cifar10,geo_m,1,0.05,102,probe_weight,0.23636363636363636,0.02553830746119179,n4000_seed2
cifar10,geo_m,1,0.1,204,magnitude,0.3783783783783784,0.052415210688591986,n4000_seed2
cifar10,geo_m,1,0.1,204,variance,0.5513307984790875,0.052415210688591986,n4000_seed2
cifar10,geo_m,1,0.1,204,rate,0.21791044776119403,0.052415210688591986,n4000_seed2
cifar10,geo_m,1,0.1,204,probe_weight,0.2631578947368421,0.052415210688591986,n4000_seed2
cifar10,geo_m,1,0.2,409,magnitude,0.6070726915520629,0.11093029563330621,n4000_seed2
cifar10,geo_m,1,0.2,409,variance,0.7821350762527233,0.11093029563330621,n4000_seed2
cifar10,geo_m,1,0.2,409,rate,0.3840947546531303,0.11093029563330621,n4000_seed2
cifar10,geo_m,1,0.2,409,probe_weight,0.3610648918469218,0.11093029563330621,n4000_seed2
cifar10,geo_m,1,0.5,1024,magnitude,0.7534246575342466,0.3333333333333333,n4000_seed2
cifar10,geo_m,1,0.5,1024,variance,0.8367713004484305,0.3333333333333333,n4000_seed2
cifar10,geo_m,1,0.5,1024,rate,0.6305732484076433,0.3333333333333333,n4000_seed2
cifar10,geo_m,1,0.5,1024,probe_weight,0.4948905109489051,0.3333333333333333,n4000_seed2
cifar10,geo_m,2,0.05,102,magnitude,0.44680851063829785,0.02553830746119179,n4000_seed2
cifar10,geo_m,2,0.05,102,variance,0.7,0.02553830746119179,n4000_seed2
cifar10,geo_m,2,0.05,102,rate,0.20710059171597633,0.02553830746119179,n4000_seed2
cifar10,geo_m,2,0.05,102,probe_weight,0.23636363636363636,0.02553830746119179,n4000_seed2
cifar10,geo_m,2,0.1,204,magnitude,0.5111111111111111,0.052415210688591986,n4000_seed2
cifar10,geo_m,2,0.1,204,variance,0.7435897435897436,0.052415210688591986,n4000_seed2
cifar10,geo_m,2,0.1,204,rate,0.275,0.052415210688591986,n4000_seed2
cifar10,geo_m,2,0.1,204,probe_weight,0.27899686520376177,0.052415210688591986,n4000_seed2
cifar10,geo_m,2,0.2,409,magnitude,0.48727272727272725,0.11093029563330621,n4000_seed2
cifar10,geo_m,2,0.2,409,variance,0.6392785571142284,0.11093029563330621,n4000_seed2
cifar10,geo_m,2,0.2,409,rate,0.30462519936204147,0.11093029563330621,n4000_seed2
cifar10,geo_m,2,0.2,409,probe_weight,0.3322475570032573,0.11093029563330621,n4000_seed2
cifar10,geo_m,2,0.5,1024,magnitude,0.6925619834710743,0.3333333333333333,n4000_seed2
cifar10,geo_m,2,0.5,1024,variance,0.768566493955095,0.3333333333333333,n4000_seed2
cifar10,geo_m,2,0.5,1024,rate,0.5826893353941267,0.3333333333333333,n4000_seed2
cifar10,geo_m,2,0.5,1024,probe_weight,0.48729121278140886,0.3333333333333333,n4000_seed2
cifar10,geo_m,3,0.05,102,magnitude,0.1791907514450867,0.02553830746119179,n4000_seed2
cifar10,geo_m,3,0.05,102,variance,0.34210526315789475,0.02553830746119179,n4000_seed2
cifar10,geo_m,3,0.05,102,rate,0.030303030303030304,0.02553830746119179,n4000_seed2
cifar10,geo_m,3,0.05,102,probe_weight,0.1791907514450867,0.02553830746119179,n4000_seed2
cifar10,geo_m,3,0.1,204,magnitude,0.48905109489051096,0.052415210688591986,n4000_seed2
cifar10,geo_m,3,0.1,204,variance,0.7288135593220338,0.052415210688591986,n4000_seed2
cifar10,geo_m,3,0.1,204,rate,0.24390243902439024,0.052415210688591986,n4000_seed2
cifar10,geo_m,3,0.1,204,probe_weight,0.24770642201834864,0.052415210688591986,n4000_seed2
cifar10,geo_m,3,0.2,409,magnitude,0.6592292089249493,0.11093029563330621,n4000_seed2
cifar10,geo_m,3,0.2,409,variance,0.8382022471910112,0.11093029563330621,n4000_seed2
cifar10,geo_m,3,0.2,409,rate,0.4201388888888889,0.11093029563330621,n4000_seed2
cifar10,geo_m,3,0.2,409,probe_weight,0.3610648918469218,0.11093029563330621,n4000_seed2
cifar10,geo_m,3,0.5,1024,magnitude,0.8737419945105215,0.3333333333333333,n4000_seed2
cifar10,geo_m,3,0.5,1024,variance,0.9486203615604186,0.3333333333333333,n4000_seed2
cifar10,geo_m,3,0.5,1024,rate,0.7414965986394558,0.3333333333333333,n4000_seed2
cifar10,geo_m,3,0.5,1024,probe_weight,0.5136733185513673,0.3333333333333333,n4000_seed2
cifar10,geo_m,4,0.05,102,magnitude,0.06806282722513089,0.02553830746119179,n4000_seed2
cifar10,geo_m,4,0.05,102,variance,0.20710059171597633,0.02553830746119179,n4000_seed2
cifar10,geo_m,4,0.05,102,rate,0.0,0.02553830746119179,n4000_seed2
cifar10,geo_m,4,0.05,102,probe_weight,0.18604651162790697,0.02553830746119179,n4000_seed2
cifar10,geo_m,4,0.1,204,magnitude,0.4782608695652174,0.052415210688591986,n4000_seed2
cifar10,geo_m,4,0.1,204,variance,0.6859504132231405,0.052415210688591986,n4000_seed2
cifar10,geo_m,4,0.1,204,rate,0.24770642201834864,0.052415210688591986,n4000_seed2
cifar10,geo_m,4,0.1,204,probe_weight,0.2911392405063291,0.052415210688591986,n4000_seed2
cifar10,geo_m,4,0.2,409,magnitude,0.4954296160877514,0.11093029563330621,n4000_seed2
cifar10,geo_m,4,0.2,409,variance,0.6525252525252525,0.11093029563330621,n4000_seed2
cifar10,geo_m,4,0.2,409,rate,0.30670926517571884,0.11093029563330621,n4000_seed2
cifar10,geo_m,4,0.2,409,probe_weight,0.3172302737520129,0.11093029563330621,n4000_seed2
cifar10,geo_m,4,0.5,1024,magnitude,0.8806244260789715,0.3333333333333333,n4000_seed2
cifar10,geo_m,4,0.5,1024,variance,0.924812030075188,0.3333333333333333,n4000_seed2
cifar10,geo_m,4,0.5,1024,rate,0.748932536293766,0.3333333333333333,n4000_seed2
cifar10,geo_m,4,0.5,1024,probe_weight,0.5226765799256505,0.3333333333333333,n4000_seed2
cifar10,geo_m,5,0.05,102,magnitude,0.0967741935483871,0.02553830746119179,n4000_seed2
cifar10,geo_m,5,0.05,102,variance,0.25153374233128833,0.02553830746119179,n4000_seed2
cifar10,geo_m,5,0.05,102,rate,0.009900990099009901,0.02553830746119179,n4000_seed2
cifar10,geo_m,5,0.05,102,probe_weight,0.1791907514450867,0.02553830746119179,n4000_seed2
cifar10,geo_m,5,0.1,204,magnitude,0.3377049180327869,0.052415210688591986,n4000_seed2
cifar10,geo_m,5,0.1,204,variance,0.516728624535316,0.052415210688591986,n4000_seed2
cifar10,geo_m,5,0.1,204,rate,0.16905444126074498,0.052415210688591986,n4000_seed2
cifar10,geo_m,5,0.1,204,probe_weight,0.2631578947368421,0.052415210688591986,n4000_seed2
cifar10,geo_m,5,0.2,409,magnitude,0.636,0.11093029563330621,n4000_seed2
cifar10,geo_m,5,0.2,409,variance,0.801762114537445,0.11093029563330621,n4000_seed2
cifar10,geo_m,5,0.2,409,rate,0.39590443686006827,0.11093029563330621,n4000_seed2
cifar10,geo_m,5,0.2,409,probe_weight,0.34983498349834985,0.11093029563330621,n4000_seed2
cifar10,geo_m,5,0.5,1024,magnitude,0.7777777777777778,0.3333333333333333,n4000_seed2
cifar10,geo_m,5,0.5,1024,variance,0.8652094717668488,0.3333333333333333,n4000_seed2
cifar10,geo_m,5,0.5,1024,rate,0.6556184316895716,0.3333333333333333,n4000_seed2
cifar10,geo_m,5,0.5,1024,probe_weight,0.5047759000734754,0.3333333333333333,n4000_seed2
cifar10,geo_m,6,0.05,102,magnitude,0.15254237288135594,0.02553830746119179,n4000_seed2
cifar10,geo_m,6,0.05,102,variance,0.3246753246753247,0.02553830746119179,n4000_seed2
cifar10,geo_m,6,0.05,102,rate,0.046153846153846156,0.02553830746119179,n4000_seed2
cifar10,geo_m,6,0.05,102,probe_weight,0.19298245614035087,0.02553830746119179,n4000_seed2
cifar10,geo_m,6,0.1,204,magnitude,0.43157894736842106,0.052415210688591986,n4000_seed2
cifar10,geo_m,6,0.1,204,variance,0.6451612903225806,0.052415210688591986,n4000_seed2
cifar10,geo_m,6,0.1,204,rate,0.2215568862275449,0.052415210688591986,n4000_seed2
cifar10,geo_m,6,0.1,204,probe_weight,0.2830188679245283,0.052415210688591986,n4000_seed2
cifar10,geo_m,6,0.2,409,magnitude,0.594541910331384,0.11093029563330621,n4000_seed2
cifar10,geo_m,6,0.2,409,variance,0.7744034707158352,0.11093029563330621,n4000_seed2
cifar10,geo_m,6,0.2,409,rate,0.3794266441821248,0.11093029563330621,n4000_seed2
cifar10,geo_m,6,0.2,409,probe_weight,0.35206611570247937,0.11093029563330621,n4000_seed2
cifar10,geo_m,6,0.5,1024,magnitude,0.6331738437001595,0.3333333333333333,n4000_seed2
cifar10,geo_m,6,0.5,1024,variance,0.7095158597662772,0.3333333333333333,n4000_seed2
cifar10,geo_m,6,0.5,1024,rate,0.5294996265870052,0.3333333333333333,n4000_seed2
cifar10,geo_m,6,0.5,1024,probe_weight,0.46915351506456243,0.3333333333333333,n4000_seed2
cifar10,geo_m,7,0.05,102,magnitude,0.2289156626506024,0.02553830746119179,n4000_seed2
cifar10,geo_m,7,0.05,102,variance,0.43661971830985913,0.02553830746119179,n4000_seed2
cifar10,geo_m,7,0.05,102,rate,0.11475409836065574,0.02553830746119179,n4000_seed2
cifar10,geo_m,7,0.05,102,probe_weight,0.23636363636363636,0.02553830746119179,n4000_seed2
cifar10,geo_m,7,0.1,204,magnitude,0.45195729537366547,0.052415210688591986,n4000_seed2
cifar10,geo_m,7,0.1,204,variance,0.6721311475409836,0.052415210688591986,n4000_seed2
cifar10,geo_m,7,0.1,204,rate,0.22522522522522523,0.052415210688591986,n4000_seed2
cifar10,geo_m,7,0.1,204,probe_weight,0.2670807453416149,0.052415210688591986,n4000_seed2
cifar10,geo_m,7,0.2,409,magnitude,0.7148846960167715,0.11093029563330621,n4000_seed2
cifar10,geo_m,7,0.2,409,variance,0.8718535469107551,0.11093029563330621,n4000_seed2
cifar10,geo_m,7,0.2,409,rate,0.47653429602888087,0.11093029563330621,n4000_seed2
cifar10,geo_m,7,0.2,409,probe_weight,0.34318555008210183,0.11093029563330621,n4000_seed2
cifar10,geo_m,7,0.5,1024,magnitude,0.9015784586815228,0.3333333333333333,n4000_seed2
cifar10,geo_m,7,0.5,1024,variance,0.8044052863436123,0.3333333333333333,n4000_seed2
cifar10,geo_m,7,0.5,1024,rate,0.9176029962546817,0.3333333333333333,n4000_seed2
cifar10,geo_m,7,0.5,1024,probe_weight,0.5215453194650818,0.3333333333333333,n4000_seed2
cifar10,geo_m,8,0.05,102,magnitude,0.0049261083743842365,0.02553830746119179,n4000_seed2
cifar10,geo_m,8,0.05,102,variance,0.10270270270270271,0.02553830746119179,n4000_seed2
cifar10,geo_m,8,0.05,102,rate,0.0,0.02553830746119179,n4000_seed2
cifar10,geo_m,8,0.05,102,probe_weight,0.15254237288135594,0.02553830746119179,n4000_seed2
cifar10,geo_m,8,0.1,204,magnitude,0.2553846153846154,0.052415210688591986,n4000_seed2
cifar10,geo_m,8,0.1,204,variance,0.4068965517241379,0.052415210688591986,n4000_seed2
cifar10,geo_m,8,0.1,204,rate,0.12087912087912088,0.052415210688591986,n4000_seed2
cifar10,geo_m,8,0.1,204,probe_weight,0.2326283987915408,0.052415210688591986,n4000_seed2
cifar10,geo_m,8,0.2,409,magnitude,0.642570281124498,0.11093029563330621,n4000_seed2
cifar10,geo_m,8,0.2,409,variance,0.8382022471910112,0.11093029563330621,n4000_seed2
cifar10,geo_m,8,0.2,409,rate,0.4103448275862069,0.11093029563330621,n4000_seed2
cifar10,geo_m,8,0.2,409,probe_weight,0.34983498349834985,0.11093029563330621,n4000_seed2
cifar10,geo_m,8,0.5,1024,magnitude,0.7195633921074727,0.3333333333333333,n4000_seed2
cifar10,geo_m,8,0.5,1024,variance,0.8044052863436123,0.3333333333333333,n4000_seed2
cifar10,geo_m,8,0.5,1024,rate,0.6075353218210361,0.3333333333333333,n4000_seed2
cifar10,geo_m,8,0.5,1024,probe_weight,0.48729121278140886,0.3333333333333333,n4000_seed2
cifar10,geo_m,9,0.05,102,magnitude,0.2911392405063291,0.02553830746119179,n4000_seed2
cifar10,geo_m,9,0.05,102,variance,0.5111111111111111,0.02553830746119179,n4000_seed2
cifar10,geo_m,9,0.05,102,rate,0.1590909090909091,0.02553830746119179,n4000_seed2
cifar10,geo_m,9,0.05,102,probe_weight,0.25153374233128833,0.02553830746119179,n4000_seed2
cifar10,geo_m,9,0.1,204,magnitude,0.4020618556701031,0.052415210688591986,n4000_seed2
cifar10,geo_m,9,0.1,204,variance,0.59375,0.052415210688591986,n4000_seed2
cifar10,geo_m,9,0.1,204,rate,0.2,0.052415210688591986,n4000_seed2
cifar10,geo_m,9,0.1,204,probe_weight,0.2870662460567823,0.052415210688591986,n4000_seed2
cifar10,geo_m,9,0.2,409,magnitude,0.4899817850637523,0.11093029563330621,n4000_seed2
cifar10,geo_m,9,0.2,409,variance,0.6262425447316103,0.11093029563330621,n4000_seed2
cifar10,geo_m,9,0.2,409,rate,0.2984126984126984,0.11093029563330621,n4000_seed2
cifar10,geo_m,9,0.2,409,probe_weight,0.32148626817447495,0.11093029563330621,n4000_seed2
cifar10,geo_m,9,0.5,1024,magnitude,0.9015784586815228,0.3333333333333333,n4000_seed2
cifar10,geo_m,9,0.5,1024,variance,0.9302544769085768,0.3333333333333333,n4000_seed2
cifar10,geo_m,9,0.5,1024,rate,0.7716262975778547,0.3333333333333333,n4000_seed2
cifar10,geo_m,9,0.5,1024,probe_weight,0.5272184936614467,0.3333333333333333,n4000_seed2
cifar10,geo_r,0,0.05,102,magnitude,0.2,0.02553830746119179,n4000_seed2
cifar10,geo_r,0,0.05,102,variance,0.1724137931034483,0.02553830746119179,n4000_seed2
cifar10,geo_r,0,0.05,102,rate,0.13966480446927373,0.02553830746119179,n4000_seed2
cifar10,geo_r,0,0.05,102,probe_weight,0.10869565217391304,0.02553830746119179,n4000_seed2
cifar10,geo_r,0,0.1,204,magnitude,0.3691275167785235,0.052415210688591986,n4000_seed2
cifar10,geo_r,0,0.1,204,variance,0.3161290322580645,0.052415210688591986,n4000_seed2
cifar10,geo_r,0,0.1,204,rate,0.3289902280130293,0.052415210688591986,n4000_seed2
cifar10,geo_r,0,0.1,204,probe_weight,0.1590909090909091,0.052415210688591986,n4000_seed2
cifar10,geo_r,0,0.2,409,magnitude,0.4103448275862069,0.11093029563330621,n4000_seed2
cifar10,geo_r,0,0.2,409,variance,0.3794266441821248,0.11093029563330621,n4000_seed2
cifar10,geo_r,0,0.2,409,rate,0.4226086956521739,0.11093029563330621,n4000_seed2
cifar10,geo_r,0,0.2,409,probe_weight,0.24885496183206107,0.11093029563330621,n4000_seed2
cifar10,geo_r,0,0.5,1024,magnitude,0.5283582089552239,0.3333333333333333,n4000_seed2
cifar10,geo_r,0,0.5,1024,variance,0.5103244837758112,0.3333333333333333,n4000_seed2
cifar10,geo_r,0,0.5,1024,rate,0.5283582089552239,0.3333333333333333,n4000_seed2
cifar10,geo_r,0,0.5,1024,probe_weight,0.41926541926541927,0.3333333333333333,n4000_seed2
cifar10,geo_r,1,0.05,102,magnitude,0.19298245614035087,0.02553830746119179,n4000_seed2
cifar10,geo_r,1,0.05,102,variance,0.2215568862275449,0.02553830746119179,n4000_seed2
cifar10,geo_r,1,0.05,102,rate,0.1270718232044199,0.02553830746119179,n4000_seed2
cifar10,geo_r,1,0.05,102,probe_weight,0.10270270270270271,0.02553830746119179,n4000_seed2
cifar10,geo_r,1,0.1,204,magnitude,0.4068965517241379,0.052415210688591986,n4000_seed2
cifar10,geo_r,1,0.1,204,variance,0.3691275167785235,0.052415210688591986,n4000_seed2
cifar10,geo_r,1,0.1,204,rate,0.3377049180327869,0.052415210688591986,n4000_seed2
cifar10,geo_r,1,0.1,204,probe_weight,0.2,0.052415210688591986,n4000_seed2
cifar10,geo_r,1,0.2,409,magnitude,0.450354609929078,0.11093029563330621,n4000_seed2
cifar10,geo_r,1,0.2,409,variance,0.43508771929824563,0.11093029563330621,n4000_seed2
cifar10,geo_r,1,0.2,409,rate,0.4103448275862069,0.11093029563330621,n4000_seed2
cifar10,geo_r,1,0.2,409,probe_weight,0.2701863354037267,0.11093029563330621,n4000_seed2
cifar10,geo_r,1,0.5,1024,magnitude,0.6344772545889864,0.3333333333333333,n4000_seed2
cifar10,geo_r,1,0.5,1024,variance,0.6253968253968254,0.3333333333333333,n4000_seed2
cifar10,geo_r,1,0.5,1024,rate,0.6062745098039216,0.3333333333333333,n4000_seed2
cifar10,geo_r,1,0.5,1024,probe_weight,0.4576512455516014,0.3333333333333333,n4000_seed2
cifar10,geo_r,2,0.05,102,magnitude,0.2289156626506024,0.02553830746119179,n4000_seed2
cifar10,geo_r,2,0.05,102,variance,0.23636363636363636,0.02553830746119179,n4000_seed2
cifar10,geo_r,2,0.05,102,rate,0.1724137931034483,0.02553830746119179,n4000_seed2
cifar10,geo_r,2,0.05,102,probe_weight,0.13966480446927373,0.02553830746119179,n4000_seed2
cifar10,geo_r,2,0.1,204,magnitude,0.2670807453416149,0.052415210688591986,n4000_seed2
cifar10,geo_r,2,0.1,204,variance,0.27102803738317754,0.052415210688591986,n4000_seed2
cifar10,geo_r,2,0.1,204,rate,0.2289156626506024,0.052415210688591986,n4000_seed2
cifar10,geo_r,2,0.1,204,probe_weight,0.13966480446927373,0.052415210688591986,n4000_seed2
cifar10,geo_r,2,0.2,409,magnitude,0.27613104524180965,0.11093029563330621,n4000_seed2
cifar10,geo_r,2,0.2,409,variance,0.2902208201892745,0.11093029563330621,n4000_seed2
cifar10,geo_r,2,0.2,409,rate,0.2565284178187404,0.11093029563330621,n4000_seed2
cifar10,geo_r,2,0.2,409,probe_weight,0.19068413391557495,0.11093029563330621,n4000_seed2
cifar10,geo_r,2,0.5,1024,magnitude,0.43116701607267643,0.3333333333333333,n4000_seed2
cifar10,geo_r,2,0.5,1024,variance,0.43216783216783217,0.3333333333333333,n4000_seed2
cifar10,geo_r,2,0.5,1024,rate,0.42519137091162146,0.3333333333333333,n4000_seed2
cifar10,geo_r,2,0.5,1024,probe_weight,0.35719019218025183,0.3333333333333333,n4000_seed2
cifar10,geo_r,3,0.05,102,magnitude,0.275,0.02553830746119179,n4000_seed2
cifar10,geo_r,3,0.05,102,variance,0.25153374233128833,0.02553830746119179,n4000_seed2
cifar10,geo_r,3,0.05,102,rate,0.25153374233128833,0.02553830746119179,n4000_seed2
cifar10,geo_r,3,0.05,102,probe_weight,0.1270718232044199,0.02553830746119179,n4000_seed2
cifar10,geo_r,3,0.1,204,magnitude,0.3972602739726027,0.052415210688591986,n4000_seed2
cifar10,geo_r,3,0.1,204,variance,0.3554817275747508,0.052415210688591986,n4000_seed2
cifar10,geo_r,3,0.1,204,rate,0.3289902280130293,0.052415210688591986,n4000_seed2
cifar10,geo_r,3,0.1,204,probe_weight,0.21791044776119403,0.052415210688591986,n4000_seed2
cifar10,geo_r,3,0.2,409,magnitude,0.484573502722323,0.11093029563330621,n4000_seed2
cifar10,geo_r,3,0.2,409,variance,0.4659498207885305,0.11093029563330621,n4000_seed2
cifar10,geo_r,3,0.2,409,rate,0.4426807760141093,0.11093029563330621,n4000_seed2
cifar10,geo_r,3,0.2,409,probe_weight,0.28213166144200624,0.11093029563330621,n4000_seed2
cifar10,geo_r,3,0.5,1024,magnitude,0.508100147275405,0.3333333333333333,n4000_seed2
cifar10,geo_r,3,0.5,1024,variance,0.5036710719530103,0.3333333333333333,n4000_seed2
cifar10,geo_r,3,0.5,1024,rate,0.5003663003663004,0.3333333333333333,n4000_seed2
cifar10,geo_r,3,0.5,1024,probe_weight,0.4222222222222222,0.3333333333333333,n4000_seed2
cifar10,geo_r,4,0.05,102,magnitude,0.2215568862275449,0.02553830746119179,n4000_seed2
cifar10,geo_r,4,0.05,102,variance,0.2215568862275449,0.02553830746119179,n4000_seed2
cifar10,geo_r,4,0.05,102,rate,0.21428571428571427,0.02553830746119179,n4000_seed2
cifar10,geo_r,4,0.05,102,probe_weight,0.1724137931034483,0.02553830746119179,n4000_seed2
cifar10,geo_r,4,0.1,204,magnitude,0.23636363636363636,0.052415210688591986,n4000_seed2
cifar10,geo_r,4,0.1,204,variance,0.24012158054711247,0.052415210688591986,n4000_seed2
cifar10,geo_r,4,0.1,204,rate,0.2,0.052415210688591986,n4000_seed2
cifar10,geo_r,4,0.1,204,probe_weight,0.19648093841642228,0.052415210688591986,n4000_seed2
cifar10,geo_r,4,0.2,409,magnitude,0.3193548387096774,0.11093029563330621,n4000_seed2
cifar10,geo_r,4,0.2,409,variance,0.3130016051364366,0.11093029563330621,n4000_seed2
cifar10,geo_r,4,0.2,409,rate,0.27414330218068533,0.11093029563330621,n4000_seed2
cifar10,geo_r,4,0.2,409,probe_weight,0.20827178729689808,0.11093029563330621,n4000_seed2
cifar10,geo_r,4,0.5,1024,magnitude,0.3989071038251366,0.3333333333333333,n4000_seed2
cifar10,geo_r,4,0.5,1024,variance,0.39509536784741145,0.3333333333333333,n4000_seed2
cifar10,geo_r,4,0.5,1024,rate,0.3960463531015678,0.3333333333333333,n4000_seed2
cifar10,geo_r,4,0.5,1024,probe_weight,0.36442371752165226,0.3333333333333333,n4000_seed2
cifar10,geo_r,5,0.05,102,magnitude,0.2289156626506024,0.02553830746119179,n4000_seed2
cifar10,geo_r,5,0.05,102,variance,0.23636363636363636,0.02553830746119179,n4000_seed2
cifar10,geo_r,5,0.05,102,rate,0.1657142857142857,0.02553830746119179,n4000_seed2
cifar10,geo_r,5,0.05,102,probe_weight,0.10869565217391304,0.02553830746119179,n4000_seed2
cifar10,geo_r,5,0.1,204,magnitude,0.21791044776119403,0.052415210688591986,n4000_seed2
cifar10,geo_r,5,0.1,204,variance,0.2215568862275449,0.052415210688591986,n4000_seed2
cifar10,geo_r,5,0.1,204,rate,0.17579250720461095,0.052415210688591986,n4000_seed2
cifar10,geo_r,5,0.1,204,probe_weight,0.13333333333333333,0.052415210688591986,n4000_seed2
cifar10,geo_r,5,0.2,409,magnitude,0.32362459546925565,0.11093029563330621,n4000_seed2
cifar10,geo_r,5,0.2,409,variance,0.32576985413290116,0.11093029563330621,n4000_seed2
cifar10,geo_r,5,0.2,409,rate,0.28012519561815336,0.11093029563330621,n4000_seed2
cifar10,geo_r,5,0.2,409,probe_weight,0.23751891074130105,0.11093029563330621,n4000_seed2
cifar10,geo_r,5,0.5,1024,magnitude,0.3726541554959786,0.3333333333333333,n4000_seed2
cifar10,geo_r,5,0.5,1024,variance,0.38098449089683073,0.3333333333333333,n4000_seed2
cifar10,geo_r,5,0.5,1024,rate,0.36989966555183945,0.3333333333333333,n4000_seed2
cifar10,geo_r,5,0.5,1024,probe_weight,0.3562913907284768,0.3333333333333333,n4000_seed2
cifar10,geo_r,6,0.05,102,magnitude,0.12087912087912088,0.02553830746119179,n4000_seed2
cifar10,geo_r,6,0.05,102,variance,0.15254237288135594,0.02553830746119179,n4000_seed2
cifar10,geo_r,6,0.05,102,rate,0.0851063829787234,0.02553830746119179,n4000_seed2
cifar10,geo_r,6,0.05,102,probe_weight,0.12087912087912088,0.02553830746119179,n4000_seed2
cifar10,geo_r,6,0.1,204,magnitude,0.2326283987915408,0.052415210688591986,n4000_seed2
cifar10,geo_r,6,0.1,204,variance,0.2215568862275449,0.052415210688591986,n4000_seed2
cifar10,geo_r,6,0.1,204,rate,0.17579250720461095,0.052415210688591986,n4000_seed2
cifar10,geo_r,6,0.1,204,probe_weight,0.1724137931034483,0.052415210688591986,n4000_seed2
cifar10,geo_r,6,0.2,409,magnitude,0.28012519561815336,0.11093029563330621,n4000_seed2
cifar10,geo_r,6,0.2,409,variance,0.2902208201892745,0.11093029563330621,n4000_seed2
cifar10,geo_r,6,0.2,409,rate,0.25846153846153846,0.11093029563330621,n4000_seed2
cifar10,geo_r,6,0.2,409,probe_weight,0.21185185185185185,0.11093029563330621,n4000_seed2
cifar10,geo_r,6,0.5,1024,magnitude,0.4351786965662228,0.3333333333333333,n4000_seed2
cifar10,geo_r,6,0.5,1024,variance,0.4301675977653631,0.3333333333333333,n4000_seed2
cifar10,geo_r,6,0.5,1024,rate,0.4341736694677871,0.3333333333333333,n4000_seed2
cifar10,geo_r,6,0.5,1024,probe_weight,0.3708165997322624,0.3333333333333333,n4000_seed2
cifar10,geo_r,7,0.05,102,magnitude,0.3076923076923077,0.02553830746119179,n4000_seed2
cifar10,geo_r,7,0.05,102,variance,0.3076923076923077,0.02553830746119179,n4000_seed2
cifar10,geo_r,7,0.05,102,rate,0.25153374233128833,0.02553830746119179,n4000_seed2
cifar10,geo_r,7,0.05,102,probe_weight,0.14606741573033707,0.02553830746119179,n4000_seed2
cifar10,geo_r,7,0.1,204,magnitude,0.31189710610932475,0.052415210688591986,n4000_seed2
cifar10,geo_r,7,0.1,204,variance,0.3377049180327869,0.052415210688591986,n4000_seed2
cifar10,geo_r,7,0.1,204,rate,0.24770642201834864,0.052415210688591986,n4000_seed2
cifar10,geo_r,7,0.1,204,probe_weight,0.18604651162790697,0.052415210688591986,n4000_seed2
cifar10,geo_r,7,0.2,409,magnitude,0.4079173838209983,0.11093029563330621,n4000_seed2
cifar10,geo_r,7,0.2,409,variance,0.41767764298093585,0.11093029563330621,n4000_seed2
cifar10,geo_r,7,0.2,409,rate,0.3610648918469218,0.11093029563330621,n4000_seed2
cifar10,geo_r,7,0.2,409,probe_weight,0.2682170542635659,0.11093029563330621,n4000_seed2
cifar10,geo_r,7,0.5,1024,magnitude,0.4883720930232558,0.3333333333333333,n4000_seed2
cifar10,geo_r,7,0.5,1024,variance,0.4797687861271676,0.3333333333333333,n4000_seed2
cifar10,geo_r,7,0.5,1024,rate,0.4659985683607731,0.3333333333333333,n4000_seed2
cifar10,geo_r,7,0.5,1024,probe_weight,0.4242002781641168,0.3333333333333333,n4000_seed2
cifar10,geo_r,8,0.05,102,magnitude,0.2670807453416149,0.02553830746119179,n4000_seed2
cifar10,geo_r,8,0.05,102,variance,0.3161290322580645,0.02553830746119179,n4000_seed2
cifar10,geo_r,8,0.05,102,rate,0.20710059171597633,0.02553830746119179,n4000_seed2
cifar10,geo_r,8,0.05,102,probe_weight,0.1657142857142857,0.02553830746119179,n4000_seed2
cifar10,geo_r,8,0.1,204,magnitude,0.32038834951456313,0.052415210688591986,n4000_seed2
cifar10,geo_r,8,0.1,204,variance,0.32038834951456313,0.052415210688591986,n4000_seed2
cifar10,geo_r,8,0.1,204,rate,0.27899686520376177,0.052415210688591986,n4000_seed2
cifar10,geo_r,8,0.1,204,probe_weight,0.1724137931034483,0.052415210688591986,n4000_seed2
cifar10,geo_r,8,0.2,409,magnitude,0.40308747855917665,0.11093029563330621,n4000_seed2
cifar10,geo_r,8,0.2,409,variance,0.39590443686006827,0.11093029563330621,n4000_seed2
cifar10,geo_r,8,0.2,409,rate,0.36789297658862874,0.11093029563330621,n4000_seed2
cifar10,geo_r,8,0.2,409,probe_weight,0.2701863354037267,0.11093029563330621,n4000_seed2
cifar10,geo_r,8,0.5,1024,magnitude,0.5790285273708559,0.3333333333333333,n4000_seed2
cifar10,geo_r,8,0.5,1024,variance,0.5802469135802469,0.3333333333333333,n4000_seed2
cifar10,geo_r,8,0.5,1024,rate,0.5550493545937737,0.3333333333333333,n4000_seed2
cifar10,geo_r,8,0.5,1024,probe_weight,0.4566145092460882,0.3333333333333333,n4000_seed2
cifar10,geo_r,9,0.05,102,magnitude,0.11475409836065574,0.02553830746119179,n4000_seed2
cifar10,geo_r,9,0.05,102,variance,0.12087912087912088,0.02553830746119179,n4000_seed2
cifar10,geo_r,9,0.05,102,rate,0.0851063829787234,0.02553830746119179,n4000_seed2
cifar10,geo_r,9,0.05,102,probe_weight,0.10869565217391304,0.02553830746119179,n4000_seed2
cifar10,geo_r,9,0.1,204,magnitude,0.2215568862275449,0.052415210688591986,n4000_seed2
cifar10,geo_r,9,0.1,204,variance,0.23636363636363636,0.052415210688591986,n4000_seed2
cifar10,geo_r,9,0.1,204,rate,0.1826086956521739,0.052415210688591986,n4000_seed2
cifar10,geo_r,9,0.1,204,probe_weight,0.17579250720461095,0.052415210688591986,n4000_seed2
cifar10,geo_r,9,0.2,409,magnitude,0.26625386996904027,0.11093029563330621,n4000_seed2
cifar10,geo_r,9,0.2,409,variance,0.27414330218068533,0.11093029563330621,n4000_seed2
cifar10,geo_r,9,0.2,409,rate,0.25076452599388377,0.11093029563330621,n4000_seed2
cifar10,geo_r,9,0.2,409,probe_weight,0.2208955223880597,0.11093029563330621,n4000_seed2
cifar10,geo_r,9,0.5,1024,magnitude,0.5249441548771407,0.3333333333333333,n4000_seed2
cifar10,geo_r,9,0.5,1024,variance,0.5125553914327917,0.3333333333333333,n4000_seed2
cifar10,geo_r,9,0.5,1024,rate,0.5283582089552239,0.3333333333333333,n4000_seed2
cifar10,geo_r,9,0.5,1024,probe_weight,0.420249653259362,0.3333333333333333,n4000_seed2
cifar10,geo_pca,0,0.05,102,magnitude,0.2830188679245283,0.02553830746119179,n4000_seed2
cifar10,geo_pca,0,0.05,102,variance,0.3076923076923077,0.02553830746119179,n4000_seed2
cifar10,geo_pca,0,0.05,102,rate,0.21428571428571427,0.02553830746119179,n4000_seed2
cifar10,geo_pca,0,0.05,102,probe_weight,0.1791907514450867,0.02553830746119179,n4000_seed2
cifar10,geo_pca,0,0.1,204,magnitude,0.24390243902439024,0.052415210688591986,n4000_seed2
cifar10,geo_pca,0,0.1,204,variance,0.2326283987915408,0.052415210688591986,n4000_seed2
cifar10,geo_pca,0,0.1,204,rate,0.20710059171597633,0.052415210688591986,n4000_seed2
cifar10,geo_pca,0,0.1,204,probe_weight,0.15254237288135594,0.052415210688591986,n4000_seed2
cifar10,geo_pca,0,0.2,409,magnitude,0.2984126984126984,0.11093029563330621,n4000_seed2
cifar10,geo_pca,0,0.2,409,variance,0.3108974358974359,0.11093029563330621,n4000_seed2
cifar10,geo_pca,0,0.2,409,rate,0.2902208201892745,0.11093029563330621,n4000_seed2
cifar10,geo_pca,0,0.2,409,probe_weight,0.21726190476190477,0.11093029563330621,n4000_seed2
cifar10,geo_pca,0,0.5,1024,magnitude,0.2510690287110568,0.3333333333333333,n4000_seed2
cifar10,geo_pca,0,0.5,1024,variance,0.25644171779141106,0.3333333333333333,n4000_seed2
cifar10,geo_pca,0,0.5,1024,rate,0.23821039903264812,0.3333333333333333,n4000_seed2
cifar10,geo_pca,0,0.5,1024,probe_weight,0.271260086902545,0.3333333333333333,n4000_seed2
cifar10,geo_pca,1,0.05,102,magnitude,0.2215568862275449,0.02553830746119179,n4000_seed2
cifar10,geo_pca,1,0.05,102,variance,0.24390243902439024,0.02553830746119179,n4000_seed2
cifar10,geo_pca,1,0.05,102,rate,0.1590909090909091,0.02553830746119179,n4000_seed2
cifar10,geo_pca,1,0.05,102,probe_weight,0.15254237288135594,0.02553830746119179,n4000_seed2
cifar10,geo_pca,1,0.1,204,magnitude,0.1558073654390935,0.052415210688591986,n4000_seed2
cifar10,geo_pca,1,0.1,204,variance,0.18604651162790697,0.052415210688591986,n4000_seed2
cifar10,geo_pca,1,0.1,204,rate,0.088,0.052415210688591986,n4000_seed2
cifar10,geo_pca,1,0.1,204,probe_weight,0.14606741573033707,0.052415210688591986,n4000_seed2
cifar10,geo_pca,1,0.2,409,magnitude,0.39590443686006827,0.11093029563330621,n4000_seed2
cifar10,geo_pca,1,0.2,409,variance,0.34761120263591433,0.11093029563330621,n4000_seed2
cifar10,geo_pca,1,0.2,409,rate,0.41278065630397237,0.11093029563330621,n4000_seed2
cifar10,geo_pca,1,0.2,409,probe_weight,0.26040061633281975,0.11093029563330621,n4000_seed2
cifar10,geo_pca,1,0.5,1024,magnitude,0.26889714993804215,0.3333333333333333,n4000_seed2
cifar10,geo_pca,1,0.5,1024,variance,0.27920049968769517,0.3333333333333333,n4000_seed2
cifar10,geo_pca,1,0.5,1024,rate,0.257985257985258,0.3333333333333333,n4000_seed2
cifar10,geo_pca,1,0.5,1024,probe_weight,0.3128205128205128,0.3333333333333333,n4000_seed2
cifar10,geo_pca,2,0.05,102,magnitude,0.3246753246753247,0.02553830746119179,n4000_seed2
cifar10,geo_pca,2,0.05,102,variance,0.2911392405063291,0.02553830746119179,n4000_seed2
cifar10,geo_pca,2,0.05,102,rate,0.20710059171597633,0.02553830746119179,n4000_seed2
cifar10,geo_pca,2,0.05,102,probe_weight,0.19298245614035087,0.02553830746119179,n4000_seed2
cifar10,geo_pca,2,0.1,204,magnitude,0.37373737373737376,0.052415210688591986,n4000_seed2
cifar10,geo_pca,2,0.1,204,variance,0.3333333333333333,0.052415210688591986,n4000_seed2
cifar10,geo_pca,2,0.1,204,rate,0.3465346534653465,0.052415210688591986,n4000_seed2
cifar10,geo_pca,2,0.1,204,probe_weight,0.20353982300884957,0.052415210688591986,n4000_seed2
cifar10,geo_pca,2,0.2,409,magnitude,0.44014084507042256,0.11093029563330621,n4000_seed2
cifar10,geo_pca,2,0.2,409,variance,0.43006993006993005,0.11093029563330621,n4000_seed2
cifar10,geo_pca,2,0.2,409,rate,0.37018425460636517,0.11093029563330621,n4000_seed2
cifar10,geo_pca,2,0.2,409,probe_weight,0.2861635220125786,0.11093029563330621,n4000_seed2
cifar10,geo_pca,2,0.5,1024,magnitude,0.3536021150033047,0.3333333333333333,n4000_seed2
cifar10,geo_pca,2,0.5,1024,variance,0.3473684210526316,0.3333333333333333,n4000_seed2
cifar10,geo_pca,2,0.5,1024,rate,0.34295081967213115,0.3333333333333333,n4000_seed2
cifar10,geo_pca,2,0.5,1024,probe_weight,0.3333333333333333,0.3333333333333333,n4000_seed2
cifar10,geo_pca,3,0.05,102,magnitude,0.2289156626506024,0.02553830746119179,n4000_seed2
cifar10,geo_pca,3,0.05,102,variance,0.2289156626506024,0.02553830746119179,n4000_seed2
cifar10,geo_pca,3,0.05,102,rate,0.1724137931034483,0.02553830746119179,n4000_seed2
cifar10,geo_pca,3,0.05,102,probe_weight,0.13966480446927373,0.02553830746119179,n4000_seed2
cifar10,geo_pca,3,0.1,204,magnitude,0.36,0.052415210688591986,n4000_seed2
cifar10,geo_pca,3,0.1,204,variance,0.29523809523809524,0.052415210688591986,n4000_seed2
cifar10,geo_pca,3,0.1,204,rate,0.36454849498327757,0.052415210688591986,n4000_seed2
cifar10,geo_pca,3,0.1,204,probe_weight,0.1623931623931624,0.052415210688591986,n4000_seed2
cifar10,geo_pca,3,0.2,409,magnitude,0.39590443686006827,0.11093029563330621,n4000_seed2
cifar10,geo_pca,3,0.2,409,variance,0.37478991596638656,0.11093029563330621,n4000_seed2
cifar10,geo_pca,3,0.2,409,rate,0.3840947546531303,0.11093029563330621,n4000_seed2
cifar10,geo_pca,3,0.2,409,probe_weight,0.23007518796992482,0.11093029563330621,n4000_seed2
cifar10,geo_pca,3,0.5,1024,magnitude,0.5538694992412747,0.3333333333333333,n4000_seed2
cifar10,geo_pca,3,0.5,1024,variance,0.5352323838080959,0.3333333333333333,n4000_seed2
cifar10,geo_pca,3,0.5,1024,rate,0.5398496240601504,0.3333333333333333,n4000_seed2
cifar10,geo_pca,3,0.5,1024,probe_weight,0.4301675977653631,0.3333333333333333,n4000_seed2
cifar10,geo_pca,4,0.05,102,magnitude,0.10869565217391304,0.02553830746119179,n4000_seed2
cifar10,geo_pca,4,0.05,102,variance,0.1724137931034483,0.02553830746119179,n4000_seed2
cifar10,geo_pca,4,0.05,102,rate,0.05699481865284974,0.02553830746119179,n4000_seed2
cifar10,geo_pca,4,0.05,102,probe_weight,0.14606741573033707,0.02553830746119179,n4000_seed2
cifar10,geo_pca,4,0.1,204,magnitude,0.23636363636363636,0.052415210688591986,n4000_seed2
cifar10,geo_pca,4,0.1,204,variance,0.25153374233128833,0.052415210688591986,n4000_seed2
cifar10,geo_pca,4,0.1,204,rate,0.1724137931034483,0.052415210688591986,n4000_seed2
cifar10,geo_pca,4,0.1,204,probe_weight,0.16905444126074498,0.052415210688591986,n4000_seed2
cifar10,geo_pca,4,0.2,409,magnitude,0.3172302737520129,0.11093029563330621,n4000_seed2
cifar10,geo_pca,4,0.2,409,variance,0.34539473684210525,0.11093029563330621,n4000_seed2
cifar10,geo_pca,4,0.2,409,rate,0.2565284178187404,0.11093029563330621,n4000_seed2
cifar10,geo_pca,4,0.2,409,probe_weight,0.278125,0.11093029563330621,n4000_seed2
cifar10,geo_pca,4,0.5,1024,magnitude,0.38098449089683073,0.3333333333333333,n4000_seed2
cifar10,geo_pca,4,0.5,1024,variance,0.3828494260634706,0.3333333333333333,n4000_seed2
cifar10,geo_pca,4,0.5,1024,rate,0.37912457912457914,0.3333333333333333,n4000_seed2
cifar10,geo_pca,4,0.5,1024,probe_weight,0.33768778576094055,0.3333333333333333,n4000_seed2
cifar10,geo_pca,5,0.05,102,magnitude,0.3161290322580645,0.02553830746119179,n4000_seed2
cifar10,geo_pca,5,0.05,102,variance,0.3246753246753247,0.02553830746119179,n4000_seed2
cifar10,geo_pca,5,0.05,102,rate,0.21428571428571427,0.02553830746119179,n4000_seed2
cifar10,geo_pca,5,0.05,102,probe_weight,0.1657142857142857,0.02553830746119179,n4000_seed2
cifar10,geo_pca,5,0.1,204,magnitude,0.37373737373737376,0.052415210688591986,n4000_seed2
cifar10,geo_pca,5,0.1,204,variance,0.3289902280130293,0.052415210688591986,n4000_seed2
cifar10,geo_pca,5,0.1,204,rate,0.37373737373737376,0.052415210688591986,n4000_seed2
cifar10,geo_pca,5,0.1,204,probe_weight,0.17579250720461095,0.052415210688591986,n4000_seed2
cifar10,geo_pca,5,0.2,409,magnitude,0.3656093489148581,0.11093029563330621,n4000_seed2
cifar10,geo_pca,5,0.2,409,variance,0.3588039867109635,0.11093029563330621,n4000_seed2
cifar10,geo_pca,5,0.2,409,rate,0.37018425460636517,0.11093029563330621,n4000_seed2
cifar10,geo_pca,5,0.2,409,probe_weight,0.254601226993865,0.11093029563330621,n4000_seed2
cifar10,geo_pca,5,0.5,1024,magnitude,0.5515151515151515,0.3333333333333333,n4000_seed2
cifar10,geo_pca,5,0.5,1024,variance,0.5272184936614467,0.3333333333333333,n4000_seed2
cifar10,geo_pca,5,0.5,1024,rate,0.5621662852784134,0.3333333333333333,n4000_seed2
cifar10,geo_pca,5,0.5,1024,probe_weight,0.4281729428172943,0.3333333333333333,n4000_seed2
cifar10,geo_pca,6,0.05,102,magnitude,0.04081632653061224,0.02553830746119179,n4000_seed2
cifar10,geo_pca,6,0.05,102,variance,0.07936507936507936,0.02553830746119179,n4000_seed2
cifar10,geo_pca,6,0.05,102,rate,0.03553299492385787,0.02553830746119179,n4000_seed2
cifar10,geo_pca,6,0.05,102,probe_weight,0.12087912087912088,0.02553830746119179,n4000_seed2
cifar10,geo_pca,6,0.1,204,magnitude,0.42160278745644597,0.052415210688591986,n4000_seed2
cifar10,geo_pca,6,0.1,204,variance,0.3554817275747508,0.052415210688591986,n4000_seed2
cifar10,geo_pca,6,0.1,204,rate,0.38305084745762713,0.052415210688591986,n4000_seed2
cifar10,geo_pca,6,0.1,204,probe_weight,0.20353982300884957,0.052415210688591986,n4000_seed2
cifar10,geo_pca,6,0.2,409,magnitude,0.2984126984126984,0.11093029563330621,n4000_seed2
cifar10,geo_pca,6,0.2,409,variance,0.3004769475357711,0.11093029563330621,n4000_seed2
cifar10,geo_pca,6,0.2,409,rate,0.27216174183514774,0.11093029563330621,n4000_seed2
cifar10,geo_pca,6,0.2,409,probe_weight,0.21185185185185185,0.11093029563330621,n4000_seed2
cifar10,geo_pca,6,0.5,1024,magnitude,0.28562460765850595,0.3333333333333333,n4000_seed2
cifar10,geo_pca,6,0.5,1024,variance,0.28886091881686593,0.3333333333333333,n4000_seed2
cifar10,geo_pca,6,0.5,1024,rate,0.2634176434299815,0.3333333333333333,n4000_seed2
cifar10,geo_pca,6,0.5,1024,probe_weight,0.30445859872611464,0.3333333333333333,n4000_seed2
cifar10,geo_pca,7,0.05,102,magnitude,0.2830188679245283,0.02553830746119179,n4000_seed2
cifar10,geo_pca,7,0.05,102,variance,0.3246753246753247,0.02553830746119179,n4000_seed2
cifar10,geo_pca,7,0.05,102,rate,0.18604651162790697,0.02553830746119179,n4000_seed2
cifar10,geo_pca,7,0.05,102,probe_weight,0.2,0.02553830746119179,n4000_seed2
cifar10,geo_pca,7,0.1,204,magnitude,0.24390243902439024,0.052415210688591986,n4000_seed2
cifar10,geo_pca,7,0.1,204,variance,0.2870662460567823,0.052415210688591986,n4000_seed2
cifar10,geo_pca,7,0.1,204,rate,0.1791907514450867,0.052415210688591986,n4000_seed2
cifar10,geo_pca,7,0.1,204,probe_weight,0.18950437317784258,0.052415210688591986,n4000_seed2
cifar10,geo_pca,7,0.2,409,magnitude,0.30670926517571884,0.11093029563330621,n4000_seed2
cifar10,geo_pca,7,0.2,409,variance,0.34539473684210525,0.11093029563330621,n4000_seed2
cifar10,geo_pca,7,0.2,409,rate,0.254601226993865,0.11093029563330621,n4000_seed2
cifar10,geo_pca,7,0.2,409,probe_weight,0.2642967542503864,0.11093029563330621,n4000_seed2
cifar10,geo_pca,7,0.5,1024,magnitude,0.4056280027453672,0.3333333333333333,n4000_seed2
cifar10,geo_pca,7,0.5,1024,variance,0.40370116518163124,0.3333333333333333,n4000_seed2
cifar10,geo_pca,7,0.5,1024,rate,0.39414567733151806,0.3333333333333333,n4000_seed2
cifar10,geo_pca,7,0.5,1024,probe_weight,0.3894165535956581,0.3333333333333333,n4000_seed2
cifar10,geo_pca,8,0.05,102,magnitude,0.18604651162790697,0.02553830746119179,n4000_seed2
cifar10,geo_pca,8,0.05,102,variance,0.2215568862275449,0.02553830746119179,n4000_seed2
cifar10,geo_pca,8,0.05,102,rate,0.1270718232044199,0.02553830746119179,n4000_seed2
cifar10,geo_pca,8,0.05,102,probe_weight,0.13333333333333333,0.02553830746119179,n4000_seed2
cifar10,geo_pca,8,0.1,204,magnitude,0.1558073654390935,0.052415210688591986,n4000_seed2
cifar10,geo_pca,8,0.1,204,variance,0.1623931623931624,0.052415210688591986,n4000_seed2
cifar10,geo_pca,8,0.1,204,rate,0.13333333333333333,0.052415210688591986,n4000_seed2
cifar10,geo_pca,8,0.1,204,probe_weight,0.10569105691056911,0.052415210688591986,n4000_seed2
cifar10,geo_pca,8,0.2,409,magnitude,0.1855072463768116,0.11093029563330621,n4000_seed2
cifar10,geo_pca,8,0.2,409,variance,0.21005917159763313,0.11093029563330621,n4000_seed2
cifar10,geo_pca,8,0.2,409,rate,0.16028368794326242,0.11093029563330621,n4000_seed2
cifar10,geo_pca,8,0.2,409,probe_weight,0.19416058394160585,0.11093029563330621,n4000_seed2
cifar10,geo_pca,8,0.5,1024,magnitude,0.21904761904761905,0.3333333333333333,n4000_seed2
cifar10,geo_pca,8,0.5,1024,variance,0.21904761904761905,0.3333333333333333,n4000_seed2
cifar10,geo_pca,8,0.5,1024,rate,0.2197736748064324,0.3333333333333333,n4000_seed2
cifar10,geo_pca,8,0.5,1024,probe_weight,0.2784019975031211,0.3333333333333333,n4000_seed2
cifar10,geo_pca,9,0.05,102,magnitude,0.2,0.02553830746119179,n4000_seed2
cifar10,geo_pca,9,0.05,102,variance,0.20710059171597633,0.02553830746119179,n4000_seed2
cifar10,geo_pca,9,0.05,102,rate,0.13333333333333333,0.02553830746119179,n4000_seed2
cifar10,geo_pca,9,0.05,102,probe_weight,0.13966480446927373,0.02553830746119179,n4000_seed2
cifar10,geo_pca,9,0.1,204,magnitude,0.3076923076923077,0.052415210688591986,n4000_seed2
cifar10,geo_pca,9,0.1,204,variance,0.2911392405063291,0.052415210688591986,n4000_seed2
cifar10,geo_pca,9,0.1,204,rate,0.27102803738317754,0.052415210688591986,n4000_seed2
cifar10,geo_pca,9,0.1,204,probe_weight,0.1791907514450867,0.052415210688591986,n4000_seed2
cifar10,geo_pca,9,0.2,409,magnitude,0.34318555008210183,0.11093029563330621,n4000_seed2
cifar10,geo_pca,9,0.2,409,variance,0.3724832214765101,0.11093029563330621,n4000_seed2
cifar10,geo_pca,9,0.2,409,rate,0.2902208201892745,0.11093029563330621,n4000_seed2
cifar10,geo_pca,9,0.2,409,probe_weight,0.25267993874425726,0.11093029563330621,n4000_seed2
cifar10,geo_pca,9,0.5,1024,magnitude,0.421235253296322,0.3333333333333333,n4000_seed2
cifar10,geo_pca,9,0.5,1024,variance,0.41632088520055327,0.3333333333333333,n4000_seed2
cifar10,geo_pca,9,0.5,1024,rate,0.4114403859407305,0.3333333333333333,n4000_seed2
cifar10,geo_pca,9,0.5,1024,probe_weight,0.33768778576094055,0.3333333333333333,n4000_seed2
cifar10,geo_m,0,0.05,102,magnitude,0.29936305732484075,0.02553830746119179,n4000_seed3
cifar10,geo_m,0,0.05,102,variance,0.5223880597014925,0.02553830746119179,n4000_seed3
cifar10,geo_m,0,0.05,102,rate,0.15254237288135594,0.02553830746119179,n4000_seed3
cifar10,geo_m,0,0.05,102,probe_weight,0.36,0.02553830746119179,n4000_seed3
cifar10,geo_m,0,0.1,204,magnitude,0.4020618556701031,0.052415210688591986,n4000_seed3
cifar10,geo_m,0,0.1,204,variance,0.5875486381322957,0.052415210688591986,n4000_seed3
cifar10,geo_m,0,0.1,204,rate,0.2326283987915408,0.052415210688591986,n4000_seed3
cifar10,geo_m,0,0.1,204,probe_weight,0.29523809523809524,0.052415210688591986,n4000_seed3
cifar10,geo_m,0,0.2,409,magnitude,0.41278065630397237,0.11093029563330621,n4000_seed3
cifar10,geo_m,0,0.2,409,variance,0.5261194029850746,0.11093029563330621,n4000_seed3
cifar10,geo_m,0,0.2,409,rate,0.24316109422492402,0.11093029563330621,n4000_seed3
cifar10,geo_m,0,0.2,409,probe_weight,0.31511254019292606,0.11093029563330621,n4000_seed3
cifar10,geo_m,0,0.5,1024,magnitude,0.7138075313807531,0.3333333333333333,n4000_seed3
cifar10,geo_m,0,0.5,1024,variance,0.8044052863436123,0.3333333333333333,n4000_seed3
cifar10,geo_m,0,0.5,1024,rate,0.6087981146897093,0.3333333333333333,n4000_seed3
cifar10,geo_m,0,0.5,1024,probe_weight,0.48083875632682577,0.3333333333333333,n4000_seed3
cifar10,geo_m,1,0.05,102,magnitude,0.2911392405063291,0.02553830746119179,n4000_seed3
cifar10,geo_m,1,0.05,102,variance,0.5111111111111111,0.02553830746119179,n4000_seed3
cifar10,geo_m,1,0.05,102,rate,0.1270718232044199,0.02553830746119179,n4000_seed3
cifar10,geo_m,1,0.05,102,probe_weight,0.3509933774834437,0.02553830746119179,n4000_seed3
cifar10,geo_m,1,0.1,204,magnitude,0.3691275167785235,0.052415210688591986,n4000_seed3
cifar10,geo_m,1,0.1,204,variance,0.539622641509434,0.052415210688591986,n4000_seed3
cifar10,geo_m,1,0.1,204,rate,0.2215568862275449,0.052415210688591986,n4000_seed3
cifar10,geo_m,1,0.1,204,probe_weight,0.3161290322580645,0.052415210688591986,n4000_seed3
cifar10,geo_m,1,0.2,409,magnitude,0.610236220472441,0.11093029563330621,n4000_seed3
cifar10,geo_m,1,0.2,409,variance,0.7782608695652173,0.11093029563330621,n4000_seed3
cifar10,geo_m,1,0.2,409,rate,0.391156462585034,0.11093029563330621,n4000_seed3
cifar10,geo_m,1,0.2,409,probe_weight,0.3366013071895425,0.11093029563330621,n4000_seed3
cifar10,geo_m,1,0.5,1024,magnitude,0.7504273504273504,0.3333333333333333,n4000_seed3
cifar10,geo_m,1,0.5,1024,variance,0.8351254480286738,0.3333333333333333,n4000_seed3
cifar10,geo_m,1,0.5,1024,rate,0.6370903277378097,0.3333333333333333,n4000_seed3
cifar10,geo_m,1,0.5,1024,probe_weight,0.4948905109489051,0.3333333333333333,n4000_seed3
cifar10,geo_m,2,0.05,102,magnitude,0.45714285714285713,0.02553830746119179,n4000_seed3
cifar10,geo_m,2,0.05,102,variance,0.7288135593220338,0.02553830746119179,n4000_seed3
cifar10,geo_m,2,0.05,102,rate,0.2,0.02553830746119179,n4000_seed3
cifar10,geo_m,2,0.05,102,probe_weight,0.3076923076923077,0.02553830746119179,n4000_seed3
cifar10,geo_m,2,0.1,204,magnitude,0.4945054945054945,0.052415210688591986,n4000_seed3
cifar10,geo_m,2,0.1,204,variance,0.7215189873417721,0.052415210688591986,n4000_seed3
cifar10,geo_m,2,0.1,204,rate,0.2870662460567823,0.052415210688591986,n4000_seed3
cifar10,geo_m,2,0.1,204,probe_weight,0.2911392405063291,0.052415210688591986,n4000_seed3
cifar10,geo_m,2,0.2,409,magnitude,0.4981684981684982,0.11093029563330621,n4000_seed3
cifar10,geo_m,2,0.2,409,variance,0.623015873015873,0.11093029563330621,n4000_seed3
cifar10,geo_m,2,0.2,409,rate,0.3108974358974359,0.11093029563330621,n4000_seed3
cifar10,geo_m,2,0.2,409,probe_weight,0.32576985413290116,0.11093029563330621,n4000_seed3
cifar10,geo_m,2,0.5,1024,magnitude,0.6883759274525969,0.3333333333333333,n4000_seed3
cifar10,geo_m,2,0.5,1024,variance,0.7716262975778547,0.3333333333333333,n4000_seed3
cifar10,geo_m,2,0.5,1024,rate,0.5875968992248062,0.3333333333333333,n4000_seed3
cifar10,geo_m,2,0.5,1024,probe_weight,0.4787003610108303,0.3333333333333333,n4000_seed3
cifar10,geo_m,3,0.05,102,magnitude,0.18604651162790697,0.02553830746119179,n4000_seed3
cifar10,geo_m,3,0.05,102,variance,0.3691275167785235,0.02553830746119179,n4000_seed3
cifar10,geo_m,3,0.05,102,rate,0.030303030303030304,0.02553830746119179,n4000_seed3
cifar10,geo_m,3,0.05,102,probe_weight,0.25925925925925924,0.02553830746119179,n4000_seed3
cifar10,geo_m,3,0.1,204,magnitude,0.48363636363636364,0.052415210688591986,n4000_seed3
cifar10,geo_m,3,0.1,204,variance,0.7142857142857143,0.052415210688591986,n4000_seed3
cifar10,geo_m,3,0.1,204,rate,0.2553846153846154,0.052415210688591986,n4000_seed3
cifar10,geo_m,3,0.1,204,probe_weight,0.2830188679245283,0.052415210688591986,n4000_seed3
cifar10,geo_m,3,0.2,409,magnitude,0.6659877800407332,0.11093029563330621,n4000_seed3
cifar10,geo_m,3,0.2,409,variance,0.8299776286353467,0.11093029563330621,n4000_seed3
cifar10,geo_m,3,0.2,409,rate,0.42757417102966844,0.11093029563330621,n4000_seed3
cifar10,geo_m,3,0.2,409,probe_weight,0.3366013071895425,0.11093029563330621,n4000_seed3
cifar10,geo_m,3,0.5,1024,magnitude,0.8703196347031964,0.3333333333333333,n4000_seed3
cifar10,geo_m,3,0.5,1024,variance,0.9375591296121097,0.3333333333333333,n4000_seed3
cifar10,geo_m,3,0.5,1024,rate,0.7459505541346974,0.3333333333333333,n4000_seed3
cifar10,geo_m,3,0.5,1024,probe_weight,0.4959824689554419,0.3333333333333333,n4000_seed3
cifar10,geo_m,4,0.05,102,magnitude,0.07368421052631578,0.02553830746119179,n4000_seed3
cifar10,geo_m,4,0.05,102,variance,0.21428571428571427,0.02553830746119179,n4000_seed3
cifar10,geo_m,4,0.05,102,rate,0.0,0.02553830746119179,n4000_seed3
cifar10,geo_m,4,0.05,102,probe_weight,0.24390243902439024,0.02553830746119179,n4000_seed3
cifar10,geo_m,4,0.1,204,magnitude,0.46236559139784944,0.052415210688591986,n4000_seed3
cifar10,geo_m,4,0.1,204,variance,0.6721311475409836,0.052415210688591986,n4000_seed3
cifar10,geo_m,4,0.1,204,rate,0.25925925925925924,0.052415210688591986,n4000_seed3
cifar10,geo_m,4,0.1,204,probe_weight,0.2911392405063291,0.052415210688591986,n4000_seed3
cifar10,geo_m,4,0.2,409,magnitude,0.5036764705882353,0.11093029563330621,n4000_seed3
cifar10,geo_m,4,0.2,409,variance,0.6491935483870968,0.11093029563330621,n4000_seed3
cifar10,geo_m,4,0.2,409,rate,0.3130016051364366,0.11093029563330621,n4000_seed3
cifar10,geo_m,4,0.2,409,probe_weight,0.3172302737520129,0.11093029563330621,n4000_seed3
cifar10,geo_m,4,0.5,1024,magnitude,0.8737419945105215,0.3333333333333333,n4000_seed3
cifar10,geo_m,4,0.5,1024,variance,0.928436911487759,0.3333333333333333,n4000_seed3
cifar10,geo_m,4,0.5,1024,rate,0.7549271636675235,0.3333333333333333,n4000_seed3
cifar10,geo_m,4,0.5,1024,probe_weight,0.4981711777615216,0.3333333333333333,n4000_seed3
cifar10,geo_m,5,0.05,102,magnitude,0.10270270270270271,0.02553830746119179,n4000_seed3
cifar10,geo_m,5,0.05,102,variance,0.25925925925925924,0.02553830746119179,n4000_seed3
cifar10,geo_m,5,0.05,102,rate,0.0049261083743842365,0.02553830746119179,n4000_seed3
cifar10,geo_m,5,0.05,102,probe_weight,0.2670807453416149,0.02553830746119179,n4000_seed3
cifar10,geo_m,5,0.1,204,magnitude,0.3246753246753247,0.052415210688591986,n4000_seed3
cifar10,geo_m,5,0.1,204,variance,0.5,0.052415210688591986,n4000_seed3
cifar10,geo_m,5,0.1,204,rate,0.1724137931034483,0.052415210688591986,n4000_seed3
cifar10,geo_m,5,0.1,204,probe_weight,0.31189710610932475,0.052415210688591986,n4000_seed3
cifar10,geo_m,5,0.2,409,magnitude,0.6392785571142284,0.11093029563330621,n4000_seed3
cifar10,geo_m,5,0.2,409,variance,0.7978021978021979,0.11093029563330621,n4000_seed3
cifar10,geo_m,5,0.2,409,rate,0.40308747855917665,0.11093029563330621,n4000_seed3
cifar10,geo_m,5,0.2,409,probe_weight,0.32792207792207795,0.11093029563330621,n4000_seed3
cifar10,geo_m,5,0.5,1024,magnitude,0.7731601731601732,0.3333333333333333,n4000_seed3
cifar10,geo_m,5,0.5,1024,variance,0.8635122838944495,0.3333333333333333,n4000_seed3
cifar10,geo_m,5,0.5,1024,rate,0.6623376623376623,0.3333333333333333,n4000_seed3
cifar10,geo_m,5,0.5,1024,probe_weight,0.5003663003663004,0.3333333333333333,n4000_seed3
cifar10,geo_m,6,0.05,102,magnitude,0.1590909090909091,0.02553830746119179,n4000_seed3
cifar10,geo_m,6,0.05,102,variance,0.3333333333333333,0.02553830746119179,n4000_seed3
cifar10,geo_m,6,0.05,102,rate,0.04081632653061224,0.02553830746119179,n4000_seed3
cifar10,geo_m,6,0.05,102,probe_weight,0.275,0.02553830746119179,n4000_seed3
cifar10,geo_m,6,0.1,204,magnitude,0.4166666666666667,0.052415210688591986,n4000_seed3
cifar10,geo_m,6,0.1,204,variance,0.632,0.052415210688591986,n4000_seed3
cifar10,geo_m,6,0.1,204,rate,0.2326283987915408,0.052415210688591986,n4000_seed3
cifar10,geo_m,6,0.1,204,probe_weight,0.3035143769968051,0.052415210688591986,n4000_seed3
cifar10,geo_m,6,0.2,409,magnitude,0.59765625,0.11093029563330621,n4000_seed3
cifar10,geo_m,6,0.2,409,variance,0.7667386609071274,0.11093029563330621,n4000_seed3
cifar10,geo_m,6,0.2,409,rate,0.3864406779661017,0.11093029563330621,n4000_seed3
cifar10,geo_m,6,0.2,409,probe_weight,0.3366013071895425,0.11093029563330621,n4000_seed3
cifar10,geo_m,6,0.5,1024,magnitude,0.6305732484076433,0.3333333333333333,n4000_seed3
cifar10,geo_m,6,0.5,1024,variance,0.7080900750625522,0.3333333333333333,n4000_seed3
cifar10,geo_m,6,0.5,1024,rate,0.5340823970037453,0.3333333333333333,n4000_seed3
cifar10,geo_m,6,0.5,1024,probe_weight,0.46810035842293907,0.3333333333333333,n4000_seed3
cifar10,geo_m,7,0.05,102,magnitude,0.23636363636363636,0.02553830746119179,n4000_seed3
cifar10,geo_m,7,0.05,102,variance,0.43661971830985913,0.02553830746119179,n4000_seed3
cifar10,geo_m,7,0.05,102,rate,0.10869565217391304,0.02553830746119179,n4000_seed3
cifar10,geo_m,7,0.05,102,probe_weight,0.3161290322580645,0.02553830746119179,n4000_seed3
cifar10,geo_m,7,0.1,204,magnitude,0.43661971830985913,0.052415210688591986,n4000_seed3
cifar10,geo_m,7,0.1,204,variance,0.6585365853658537,0.052415210688591986,n4000_seed3
cifar10,geo_m,7,0.1,204,rate,0.23636363636363636,0.052415210688591986,n4000_seed3
cifar10,geo_m,7,0.1,204,probe_weight,0.27899686520376177,0.052415210688591986,n4000_seed3
cifar10,geo_m,7,0.2,409,magnitude,0.7221052631578947,0.11093029563330621,n4000_seed3
cifar10,geo_m,7,0.2,409,variance,0.8847926267281107,0.11093029563330621,n4000_seed3
cifar10,geo_m,7,0.2,409,rate,0.484573502722323,0.11093029563330621,n4000_seed3
cifar10,geo_m,7,0.2,409,probe_weight,0.32576985413290116,0.11093029563330621,n4000_seed3
cifar10,geo_m,7,0.5,1024,magnitude,0.9033457249070632,0.3333333333333333,n4000_seed3
cifar10,geo_m,7,0.5,1024,variance,0.8028169014084507,0.3333333333333333,n4000_seed3
cifar10,geo_m,7,0.5,1024,rate,0.924812030075188,0.3333333333333333,n4000_seed3
cifar10,geo_m,7,0.5,1024,probe_weight,0.48083875632682577,0.3333333333333333,n4000_seed3
cifar10,geo_m,8,0.05,102,magnitude,0.0049261083743842365,0.02553830746119179,n4000_seed3
cifar10,geo_m,8,0.05,102,variance,0.10270270270270271,0.02553830746119179,n4000_seed3
cifar10,geo_m,8,0.05,102,rate,0.0,0.02553830746119179,n4000_seed3
cifar10,geo_m,8,0.05,102,probe_weight,0.1791907514450867,0.02553830746119179,n4000_seed3
cifar10,geo_m,8,0.1,204,magnitude,0.24390243902439024,0.052415210688591986,n4000_seed3
cifar10,geo_m,8,0.1,204,variance,0.3972602739726027,0.052415210688591986,n4000_seed3
cifar10,geo_m,8,0.1,204,rate,0.12396694214876033,0.052415210688591986,n4000_seed3
cifar10,geo_m,8,0.1,204,probe_weight,0.275,0.052415210688591986,n4000_seed3
cifar10,geo_m,8,0.2,409,magnitude,0.6458752515090543,0.11093029563330621,n4000_seed3
cifar10,geo_m,8,0.2,409,variance,0.821826280623608,0.11093029563330621,n4000_seed3
cifar10,geo_m,8,0.2,409,rate,0.4201388888888889,0.11093029563330621,n4000_seed3
cifar10,geo_m,8,0.2,409,probe_weight,0.34098360655737703,0.11093029563330621,n4000_seed3
cifar10,geo_m,8,0.5,1024,magnitude,0.7195633921074727,0.3333333333333333,n4000_seed3
cifar10,geo_m,8,0.5,1024,variance,0.8075904677846425,0.3333333333333333,n4000_seed3
cifar10,geo_m,8,0.5,1024,rate,0.6125984251968504,0.3333333333333333,n4000_seed3
cifar10,geo_m,8,0.5,1024,probe_weight,0.49053857350800584,0.3333333333333333,n4000_seed3
cifar10,geo_m,9,0.05,102,magnitude,0.29936305732484075,0.02553830746119179,n4000_seed3
cifar10,geo_m,9,0.05,102,variance,0.5223880597014925,0.02553830746119179,n4000_seed3
cifar10,geo_m,9,0.05,102,rate,0.15254237288135594,0.02553830746119179,n4000_seed3
cifar10,geo_m,9,0.05,102,probe_weight,0.3509933774834437,0.02553830746119179,n4000_seed3
cifar10,geo_m,9,0.1,204,magnitude,0.3877551020408163,0.052415210688591986,n4000_seed3
cifar10,geo_m,9,0.1,204,variance,0.5752895752895753,0.052415210688591986,n4000_seed3
cifar10,geo_m,9,0.1,204,rate,0.21068249258160238,0.052415210688591986,n4000_seed3
cifar10,geo_m,9,0.1,204,probe_weight,0.3076923076923077,0.052415210688591986,n4000_seed3
cifar10,geo_m,9,0.2,409,magnitude,0.4954296160877514,0.11093029563330621,n4000_seed3
cifar10,geo_m,9,0.2,409,variance,0.6070726915520629,0.11093029563330621,n4000_seed3
cifar10,geo_m,9,0.2,409,rate,0.30462519936204147,0.11093029563330621,n4000_seed3
cifar10,geo_m,9,0.2,409,probe_weight,0.3172302737520129,0.11093029563330621,n4000_seed3
cifar10,geo_m,9,0.5,1024,magnitude,0.9015784586815228,0.3333333333333333,n4000_seed3
cifar10,geo_m,9,0.5,1024,variance,0.928436911487759,0.3333333333333333,n4000_seed3
cifar10,geo_m,9,0.5,1024,rate,0.7762359063313097,0.3333333333333333,n4000_seed3
cifar10,geo_m,9,0.5,1024,probe_weight,0.49271137026239065,0.3333333333333333,n4000_seed3
cifar10,geo_r,0,0.05,102,magnitude,0.2,0.02553830746119179,n4000_seed3
cifar10,geo_r,0,0.05,102,variance,0.1724137931034483,0.02553830746119179,n4000_seed3
cifar10,geo_r,0,0.05,102,rate,0.14606741573033707,0.02553830746119179,n4000_seed3
cifar10,geo_r,0,0.05,102,probe_weight,0.10869565217391304,0.02553830746119179,n4000_seed3
cifar10,geo_r,0,0.1,204,magnitude,0.36454849498327757,0.052415210688591986,n4000_seed3
cifar10,geo_r,0,0.1,204,variance,0.3076923076923077,0.052415210688591986,n4000_seed3
cifar10,geo_r,0,0.1,204,rate,0.34210526315789475,0.052415210688591986,n4000_seed3
cifar10,geo_r,0,0.1,204,probe_weight,0.13966480446927373,0.052415210688591986,n4000_seed3
cifar10,geo_r,0,0.2,409,magnitude,0.4201388888888889,0.11093029563330621,n4000_seed3
cifar10,geo_r,0,0.2,409,variance,0.3864406779661017,0.11093029563330621,n4000_seed3
cifar10,geo_r,0,0.2,409,rate,0.41767764298093585,0.11093029563330621,n4000_seed3
cifar10,geo_r,0,0.2,409,probe_weight,0.2227204783258595,0.11093029563330621,n4000_seed3
cifar10,geo_r,0,0.5,1024,magnitude,0.531787584143605,0.3333333333333333,n4000_seed3
cifar10,geo_r,0,0.5,1024,variance,0.5114391143911439,0.3333333333333333,n4000_seed3
cifar10,geo_r,0,0.5,1024,rate,0.5306427503736921,0.3333333333333333,n4000_seed3
cifar10,geo_r,0,0.5,1024,probe_weight,0.40273972602739727,0.3333333333333333,n4000_seed3
cifar10,geo_r,1,0.05,102,magnitude,0.2,0.02553830746119179,n4000_seed3
cifar10,geo_r,1,0.05,102,variance,0.2289156626506024,0.02553830746119179,n4000_seed3
cifar10,geo_r,1,0.05,102,rate,0.13333333333333333,0.02553830746119179,n4000_seed3
cifar10,geo_r,1,0.05,102,probe_weight,0.12087912087912088,0.02553830746119179,n4000_seed3
cifar10,geo_r,1,0.1,204,magnitude,0.3924914675767918,0.052415210688591986,n4000_seed3
cifar10,geo_r,1,0.1,204,variance,0.37373737373737376,0.052415210688591986,n4000_seed3
cifar10,geo_r,1,0.1,204,rate,0.34210526315789475,0.052415210688591986,n4000_seed3
cifar10,geo_r,1,0.1,204,probe_weight,0.20710059171597633,0.052415210688591986,n4000_seed3
cifar10,geo_r,1,0.2,409,magnitude,0.44778761061946903,0.11093029563330621,n4000_seed3
cifar10,geo_r,1,0.2,409,variance,0.437609841827768,0.11093029563330621,n4000_seed3
cifar10,geo_r,1,0.2,409,rate,0.4226086956521739,0.11093029563330621,n4000_seed3
cifar10,geo_r,1,0.2,409,probe_weight,0.24885496183206107,0.11093029563330621,n4000_seed3
cifar10,geo_r,1,0.5,1024,magnitude,0.6331738437001595,0.3333333333333333,n4000_seed3
cifar10,geo_r,1,0.5,1024,variance,0.6228209191759112,0.3333333333333333,n4000_seed3
cifar10,geo_r,1,0.5,1024,rate,0.6113296616837136,0.3333333333333333,n4000_seed3
cifar10,geo_r,1,0.5,1024,probe_weight,0.43116701607267643,0.3333333333333333,n4000_seed3
cifar10,geo_r,2,0.05,102,magnitude,0.23636363636363636,0.02553830746119179,n4000_seed3
cifar10,geo_r,2,0.05,102,variance,0.25925925925925924,0.02553830746119179,n4000_seed3
cifar10,geo_r,2,0.05,102,rate,0.1657142857142857,0.02553830746119179,n4000_seed3
cifar10,geo_r,2,0.05,102,probe_weight,0.14606741573033707,0.02553830746119179,n4000_seed3
cifar10,geo_r,2,0.1,204,magnitude,0.2670807453416149,0.052415210688591986,n4000_seed3
cifar10,geo_r,2,0.1,204,variance,0.27899686520376177,0.052415210688591986,n4000_seed3
cifar10,geo_r,2,0.1,204,rate,0.2326283987915408,0.052415210688591986,n4000_seed3
cifar10,geo_r,2,0.1,204,probe_weight,0.17579250720461095,0.052415210688591986,n4000_seed3
cifar10,geo_r,2,0.2,409,magnitude,0.2861635220125786,0.11093029563330621,n4000_seed3
cifar10,geo_r,2,0.2,409,variance,0.28818897637795277,0.11093029563330621,n4000_seed3
cifar10,geo_r,2,0.2,409,rate,0.25846153846153846,0.11093029563330621,n4000_seed3
cifar10,geo_r,2,0.2,409,probe_weight,0.20294117647058824,0.11093029563330621,n4000_seed3
cifar10,geo_r,2,0.5,1024,magnitude,0.4301675977653631,0.3333333333333333,n4000_seed3
cifar10,geo_r,2,0.5,1024,variance,0.43116701607267643,0.3333333333333333,n4000_seed3
cifar10,geo_r,2,0.5,1024,rate,0.4222222222222222,0.3333333333333333,n4000_seed3
cifar10,geo_r,2,0.5,1024,probe_weight,0.36442371752165226,0.3333333333333333,n4000_seed3
cifar10,geo_r,3,0.05,102,magnitude,0.275,0.02553830746119179,n4000_seed3
cifar10,geo_r,3,0.05,102,variance,0.25925925925925924,0.02553830746119179,n4000_seed3
cifar10,geo_r,3,0.05,102,rate,0.25153374233128833,0.02553830746119179,n4000_seed3
cifar10,geo_r,3,0.05,102,probe_weight,0.1270718232044199,0.02553830746119179,n4000_seed3
cifar10,geo_r,3,0.1,204,magnitude,0.3972602739726027,0.052415210688591986,n4000_seed3
cifar10,geo_r,3,0.1,204,variance,0.36454849498327757,0.052415210688591986,n4000_seed3
cifar10,geo_r,3,0.1,204,rate,0.34210526315789475,0.052415210688591986,n4000_seed3
cifar10,geo_r,3,0.1,204,probe_weight,0.20353982300884957,0.052415210688591986,n4000_seed3
cifar10,geo_r,3,0.2,409,magnitude,0.48727272727272725,0.11093029563330621,n4000_seed3
cifar10,geo_r,3,0.2,409,variance,0.4555160142348754,0.11093029563330621,n4000_seed3
cifar10,geo_r,3,0.2,409,rate,0.4452296819787986,0.11093029563330621,n4000_seed3
cifar10,geo_r,3,0.2,409,probe_weight,0.28213166144200624,0.11093029563330621,n4000_seed3
cifar10,geo_r,3,0.5,1024,magnitude,0.508100147275405,0.3333333333333333,n4000_seed3
cifar10,geo_r,3,0.5,1024,variance,0.5103244837758112,0.3333333333333333,n4000_seed3
cifar10,geo_r,3,0.5,1024,rate,0.501466275659824,0.3333333333333333,n4000_seed3
cifar10,geo_r,3,0.5,1024,probe_weight,0.4114403859407305,0.3333333333333333,n4000_seed3
cifar10,geo_r,4,0.05,102,magnitude,0.2289156626506024,0.02553830746119179,n4000_seed3
cifar10,geo_r,4,0.05,102,variance,0.21428571428571427,0.02553830746119179,n4000_seed3
cifar10,geo_r,4,0.05,102,rate,0.21428571428571427,0.02553830746119179,n4000_seed3
cifar10,geo_r,4,0.05,102,probe_weight,0.12087912087912088,0.02553830746119179,n4000_seed3
cifar10,geo_r,4,0.1,204,magnitude,0.24012158054711247,0.052415210688591986,n4000_seed3
cifar10,geo_r,4,0.1,204,variance,0.23636363636363636,0.052415210688591986,n4000_seed3
cifar10,geo_r,4,0.1,204,rate,0.21068249258160238,0.052415210688591986,n4000_seed3
cifar10,geo_r,4,0.1,204,probe_weight,0.1657142857142857,0.052415210688591986,n4000_seed3
cifar10,geo_r,4,0.2,409,magnitude,0.30670926517571884,0.11093029563330621,n4000_seed3
cifar10,geo_r,4,0.2,409,variance,0.3088,0.11093029563330621,n4000_seed3
cifar10,geo_r,4,0.2,409,rate,0.27414330218068533,0.11093029563330621,n4000_seed3
cifar10,geo_r,4,0.2,409,probe_weight,0.2011747430249633,0.11093029563330621,n4000_seed3
cifar10,geo_r,4,0.5,1024,magnitude,0.3989071038251366,0.3333333333333333,n4000_seed3
cifar10,geo_r,4,0.5,1024,variance,0.39795221843003414,0.3333333333333333,n4000_seed3
cifar10,geo_r,4,0.5,1024,rate,0.3960463531015678,0.3333333333333333,n4000_seed3
cifar10,geo_r,4,0.5,1024,probe_weight,0.38191632928475033,0.3333333333333333,n4000_seed3
cifar10,geo_r,5,0.05,102,magnitude,0.2289156626506024,0.02553830746119179,n4000_seed3
cifar10,geo_r,5,0.05,102,variance,0.23636363636363636,0.02553830746119179,n4000_seed3
cifar10,geo_r,5,0.05,102,rate,0.1657142857142857,0.02553830746119179,n4000_seed3
cifar10,geo_r,5,0.05,102,probe_weight,0.13333333333333333,0.02553830746119179,n4000_seed3
cifar10,geo_r,5,0.1,204,magnitude,0.21791044776119403,0.052415210688591986,n4000_seed3
cifar10,geo_r,5,0.1,204,variance,0.2326283987915408,0.052415210688591986,n4000_seed3
cifar10,geo_r,5,0.1,204,rate,0.1791907514450867,0.052415210688591986,n4000_seed3
cifar10,geo_r,5,0.1,204,probe_weight,0.13649025069637882,0.052415210688591986,n4000_seed3
cifar10,geo_r,5,0.2,409,magnitude,0.32576985413290116,0.11093029563330621,n4000_seed3
cifar10,geo_r,5,0.2,409,variance,0.32792207792207795,0.11093029563330621,n4000_seed3
cifar10,geo_r,5,0.2,409,rate,0.27613104524180965,0.11093029563330621,n4000_seed3
cifar10,geo_r,5,0.2,409,probe_weight,0.21726190476190477,0.11093029563330621,n4000_seed3
cifar10,geo_r,5,0.5,1024,magnitude,0.3772696704774714,0.3333333333333333,n4000_seed3
cifar10,geo_r,5,0.5,1024,variance,0.374496644295302,0.3333333333333333,n4000_seed3
cifar10,geo_r,5,0.5,1024,rate,0.3689839572192513,0.3333333333333333,n4000_seed3
cifar10,geo_r,5,0.5,1024,probe_weight,0.38005390835579517,0.3333333333333333,n4000_seed3
cifar10,geo_r,6,0.05,102,magnitude,0.1270718232044199,0.02553830746119179,n4000_seed3
cifar10,geo_r,6,0.05,102,variance,0.15254237288135594,0.02553830746119179,n4000_seed3
cifar10,geo_r,6,0.05,102,rate,0.09090909090909091,0.02553830746119179,n4000_seed3
cifar10,geo_r,6,0.05,102,probe_weight,0.0851063829787234,0.02553830746119179,n4000_seed3
cifar10,geo_r,6,0.1,204,magnitude,0.23636363636363636,0.052415210688591986,n4000_seed3
cifar10,geo_r,6,0.1,204,variance,0.21791044776119403,0.052415210688591986,n4000_seed3
cifar10,geo_r,6,0.1,204,rate,0.1826086956521739,0.052415210688591986,n4000_seed3
cifar10,geo_r,6,0.1,204,probe_weight,0.1558073654390935,0.052415210688591986,n4000_seed3
cifar10,geo_r,6,0.2,409,magnitude,0.278125,0.11093029563330621,n4000_seed3
cifar10,geo_r,6,0.2,409,variance,0.28818897637795277,0.11093029563330621,n4000_seed3
cifar10,geo_r,6,0.2,409,rate,0.2565284178187404,0.11093029563330621,n4000_seed3
cifar10,geo_r,6,0.2,409,probe_weight,0.18208092485549132,0.11093029563330621,n4000_seed3
cifar10,geo_r,6,0.5,1024,magnitude,0.43216783216783217,0.3333333333333333,n4000_seed3
cifar10,geo_r,6,0.5,1024,variance,0.43116701607267643,0.3333333333333333,n4000_seed3
cifar10,geo_r,6,0.5,1024,rate,0.4331700489853044,0.3333333333333333,n4000_seed3
cifar10,geo_r,6,0.5,1024,probe_weight,0.3772696704774714,0.3333333333333333,n4000_seed3
cifar10,geo_r,7,0.05,102,magnitude,0.3076923076923077,0.02553830746119179,n4000_seed3
cifar10,geo_r,7,0.05,102,variance,0.3333333333333333,0.02553830746119179,n4000_seed3
cifar10,geo_r,7,0.05,102,rate,0.24390243902439024,0.02553830746119179,n4000_seed3
cifar10,geo_r,7,0.05,102,probe_weight,0.19298245614035087,0.02553830746119179,n4000_seed3
cifar10,geo_r,7,0.1,204,magnitude,0.3161290322580645,0.052415210688591986,n4000_seed3
cifar10,geo_r,7,0.1,204,variance,0.3377049180327869,0.052415210688591986,n4000_seed3
cifar10,geo_r,7,0.1,204,rate,0.24390243902439024,0.052415210688591986,n4000_seed3
cifar10,geo_r,7,0.1,204,probe_weight,0.20353982300884957,0.052415210688591986,n4000_seed3
cifar10,geo_r,7,0.2,409,magnitude,0.4054982817869416,0.11093029563330621,n4000_seed3
cifar10,geo_r,7,0.2,409,variance,0.43508771929824563,0.11093029563330621,n4000_seed3
cifar10,geo_r,7,0.2,409,rate,0.35655058043117743,0.11093029563330621,n4000_seed3
cifar10,geo_r,7,0.2,409,probe_weight,0.2701863354037267,0.11093029563330621,n4000_seed3
cifar10,geo_r,7,0.5,1024,magnitude,0.4851341551849166,0.3333333333333333,n4000_seed3
cifar10,geo_r,7,0.5,1024,variance,0.48083875632682577,0.3333333333333333,n4000_seed3
cifar10,geo_r,7,0.5,1024,rate,0.46915351506456243,0.3333333333333333,n4000_seed3
cifar10,geo_r,7,0.5,1024,probe_weight,0.41046831955922863,0.3333333333333333,n4000_seed3
cifar10,geo_r,8,0.05,102,magnitude,0.2670807453416149,0.02553830746119179,n4000_seed3
cifar10,geo_r,8,0.05,102,variance,0.3246753246753247,0.02553830746119179,n4000_seed3
cifar10,geo_r,8,0.05,102,rate,0.20710059171597633,0.02553830746119179,n4000_seed3
cifar10,geo_r,8,0.05,102,probe_weight,0.1791907514450867,0.02553830746119179,n4000_seed3
cifar10,geo_r,8,0.1,204,magnitude,0.3161290322580645,0.052415210688591986,n4000_seed3
cifar10,geo_r,8,0.1,204,variance,0.3035143769968051,0.052415210688591986,n4000_seed3
cifar10,geo_r,8,0.1,204,rate,0.27899686520376177,0.052415210688591986,n4000_seed3
cifar10,geo_r,8,0.1,204,probe_weight,0.1623931623931624,0.052415210688591986,n4000_seed3
cifar10,geo_r,8,0.2,409,magnitude,0.41767764298093585,0.11093029563330621,n4000_seed3
cifar10,geo_r,8,0.2,409,variance,0.4054982817869416,0.11093029563330621,n4000_seed3
cifar10,geo_r,8,0.2,409,rate,0.3610648918469218,0.11093029563330621,n4000_seed3
cifar10,geo_r,8,0.2,409,probe_weight,0.27414330218068533,0.11093029563330621,n4000_seed3
cifar10,geo_r,8,0.5,1024,magnitude,0.5765973826020016,0.3333333333333333,n4000_seed3
cifar10,geo_r,8,0.5,1024,variance,0.5863671572424477,0.3333333333333333,n4000_seed3
cifar10,geo_r,8,0.5,1024,rate,0.5562310030395137,0.3333333333333333,n4000_seed3
cifar10,geo_r,8,0.5,1024,probe_weight,0.41338854382332646,0.3333333333333333,n4000_seed3
cifar10,geo_r,9,0.05,102,magnitude,0.11475409836065574,0.02553830746119179,n4000_seed3
cifar10,geo_r,9,0.05,102,variance,0.1270718232044199,0.02553830746119179,n4000_seed3
cifar10,geo_r,9,0.05,102,rate,0.0851063829787234,0.02553830746119179,n4000_seed3
cifar10,geo_r,9,0.05,102,probe_weight,0.10869565217391304,0.02553830746119179,n4000_seed3
cifar10,geo_r,9,0.1,204,magnitude,0.2326283987915408,0.052415210688591986,n4000_seed3
cifar10,geo_r,9,0.1,204,variance,0.2289156626506024,0.052415210688591986,n4000_seed3
cifar10,geo_r,9,0.1,204,rate,0.18604651162790697,0.052415210688591986,n4000_seed3
cifar10,geo_r,9,0.1,204,probe_weight,0.1623931623931624,0.052415210688591986,n4000_seed3
cifar10,geo_r,9,0.2,409,magnitude,0.2682170542635659,0.11093029563330621,n4000_seed3
cifar10,geo_r,9,0.2,409,variance,0.27414330218068533,0.11093029563330621,n4000_seed3
cifar10,geo_r,9,0.2,409,rate,0.254601226993865,0.11093029563330621,n4000_seed3
cifar10,geo_r,9,0.2,409,probe_weight,0.2011747430249633,0.11093029563330621,n4000_seed3
cifar10,geo_r,9,0.5,1024,magnitude,0.5238095238095238,0.3333333333333333,n4000_seed3
cifar10,geo_r,9,0.5,1024,variance,0.5114391143911439,0.3333333333333333,n4000_seed3
cifar10,geo_r,9,0.5,1024,rate,0.5329341317365269,0.3333333333333333,n4000_seed3
cifar10,geo_r,9,0.5,1024,probe_weight,0.4222222222222222,0.3333333333333333,n4000_seed3
cifar10,geo_pca,0,0.05,102,magnitude,0.2830188679245283,0.02553830746119179,n4000_seed3
cifar10,geo_pca,0,0.05,102,variance,0.29936305732484075,0.02553830746119179,n4000_seed3
cifar10,geo_pca,0,0.05,102,rate,0.21428571428571427,0.02553830746119179,n4000_seed3
cifar10,geo_pca,0,0.05,102,probe_weight,0.18604651162790697,0.02553830746119179,n4000_seed3
cifar10,geo_pca,0,0.1,204,magnitude,0.24390243902439024,0.052415210688591986,n4000_seed3
cifar10,geo_pca,0,0.1,204,variance,0.2289156626506024,0.052415210688591986,n4000_seed3
cifar10,geo_pca,0,0.1,204,rate,0.21428571428571427,0.052415210688591986,n4000_seed3
cifar10,geo_pca,0,0.1,204,probe_weight,0.14929577464788732,0.052415210688591986,n4000_seed3
cifar10,geo_pca,0,0.2,409,magnitude,0.3004769475357711,0.11093029563330621,n4000_seed3
cifar10,geo_pca,0,0.2,409,variance,0.3088,0.11093029563330621,n4000_seed3
cifar10,geo_pca,0,0.2,409,rate,0.28414442700156983,0.11093029563330621,n4000_seed3
cifar10,geo_pca,0,0.2,409,probe_weight,0.21364985163204747,0.11093029563330621,n4000_seed3
cifar10,geo_pca,0,0.5,1024,magnitude,0.24878048780487805,0.3333333333333333,n4000_seed3
cifar10,geo_pca,0,0.5,1024,variance,0.2587584511370621,0.3333333333333333,n4000_seed3
cifar10,geo_pca,0,0.5,1024,rate,0.2397094430992736,0.3333333333333333,n4000_seed3
cifar10,geo_pca,0,0.5,1024,probe_weight,0.2945638432364096,0.3333333333333333,n4000_seed3
cifar10,geo_pca,1,0.05,102,magnitude,0.2215568862275449,0.02553830746119179,n4000_seed3
cifar10,geo_pca,1,0.05,102,variance,0.25153374233128833,0.02553830746119179,n4000_seed3
cifar10,geo_pca,1,0.05,102,rate,0.15254237288135594,0.02553830746119179,n4000_seed3
cifar10,geo_pca,1,0.05,102,probe_weight,0.1590909090909091,0.02553830746119179,n4000_seed3
cifar10,geo_pca,1,0.1,204,magnitude,0.14929577464788732,0.052415210688591986,n4000_seed3
cifar10,geo_pca,1,0.1,204,variance,0.1791907514450867,0.052415210688591986,n4000_seed3
cifar10,geo_pca,1,0.1,204,rate,0.09090909090909091,0.052415210688591986,n4000_seed3
cifar10,geo_pca,1,0.1,204,probe_weight,0.1657142857142857,0.052415210688591986,n4000_seed3
cifar10,geo_pca,1,0.2,409,magnitude,0.3840947546531303,0.11093029563330621,n4000_seed3
cifar10,geo_pca,1,0.2,409,variance,0.3588039867109635,0.11093029563330621,n4000_seed3
cifar10,geo_pca,1,0.2,409,rate,0.40308747855917665,0.11093029563330621,n4000_seed3
cifar10,geo_pca,1,0.2,409,probe_weight,0.23564954682779457,0.11093029563330621,n4000_seed3
cifar10,geo_pca,1,0.5,1024,magnitude,0.2704714640198511,0.3333333333333333,n4000_seed3
cifar10,geo_pca,1,0.5,1024,variance,0.27920049968769517,0.3333333333333333,n4000_seed3
cifar10,geo_pca,1,0.5,1024,rate,0.25953259532595324,0.3333333333333333,n4000_seed3
cifar10,geo_pca,1,0.5,1024,probe_weight,0.31450577663671375,0.3333333333333333,n4000_seed3
cifar10,geo_pca,2,0.05,102,magnitude,0.3246753246753247,0.02553830746119179,n4000_seed3
cifar10,geo_pca,2,0.05,102,variance,0.275,0.02553830746119179,n4000_seed3
cifar10,geo_pca,2,0.05,102,rate,0.20710059171597633,0.02553830746119179,n4000_seed3
cifar10,geo_pca,2,0.05,102,probe_weight,0.1791907514450867,0.02553830746119179,n4000_seed3
cifar10,geo_pca,2,0.1,204,magnitude,0.3691275167785235,0.052415210688591986,n4000_seed3
cifar10,geo_pca,2,0.1,204,variance,0.3333333333333333,0.052415210688591986,n4000_seed3
cifar10,geo_pca,2,0.1,204,rate,0.36454849498327757,0.052415210688591986,n4000_seed3
cifar10,geo_pca,2,0.1,204,probe_weight,0.20710059171597633,0.052415210688591986,n4000_seed3
cifar10,geo_pca,2,0.2,409,magnitude,0.43257443082311736,0.11093029563330621,n4000_seed3
cifar10,geo_pca,2,0.2,409,variance,0.4103448275862069,0.11093029563330621,n4000_seed3
cifar10,geo_pca,2,0.2,409,rate,0.36789297658862874,0.11093029563330621,n4000_seed3
cifar10,geo_pca,2,0.2,409,probe_weight,0.2565284178187404,0.11093029563330621,n4000_seed3
cifar10,geo_pca,2,0.5,1024,magnitude,0.35181518151815183,0.3333333333333333,n4000_seed3
cifar10,geo_pca,2,0.5,1024,variance,0.3438320209973753,0.3333333333333333,n4000_seed3
cifar10,geo_pca,2,0.5,1024,rate,0.3447143795141169,0.3333333333333333,n4000_seed3
cifar10,geo_pca,2,0.5,1024,probe_weight,0.3438320209973753,0.3333333333333333,n4000_seed3
cifar10,geo_pca,3,0.05,102,magnitude,0.23636363636363636,0.02553830746119179,n4000_seed3
cifar10,geo_pca,3,0.05,102,variance,0.21428571428571427,0.02553830746119179,n4000_seed3
cifar10,geo_pca,3,0.05,102,rate,0.18604651162790697,0.02553830746119179,n4000_seed3
cifar10,geo_pca,3,0.05,102,probe_weight,0.1724137931034483,0.02553830746119179,n4000_seed3
cifar10,geo_pca,3,0.1,204,magnitude,0.36454849498327757,0.052415210688591986,n4000_seed3
cifar10,geo_pca,3,0.1,204,variance,0.2911392405063291,0.052415210688591986,n4000_seed3
cifar10,geo_pca,3,0.1,204,rate,0.37373737373737376,0.052415210688591986,n4000_seed3
cifar10,geo_pca,3,0.1,204,probe_weight,0.15254237288135594,0.052415210688591986,n4000_seed3
cifar10,geo_pca,3,0.2,409,magnitude,0.4006849315068493,0.11093029563330621,n4000_seed3
cifar10,geo_pca,3,0.2,409,variance,0.37018425460636517,0.11093029563330621,n4000_seed3
cifar10,geo_pca,3,0.2,409,rate,0.3771043771043771,0.11093029563330621,n4000_seed3
cifar10,geo_pca,3,0.2,409,probe_weight,0.2227204783258595,0.11093029563330621,n4000_seed3
cifar10,geo_pca,3,0.5,1024,magnitude,0.5468277945619335,0.3333333333333333,n4000_seed3
cifar10,geo_pca,3,0.5,1024,variance,0.5306427503736921,0.3333333333333333,n4000_seed3
cifar10,geo_pca,3,0.5,1024,rate,0.5410082768999247,0.3333333333333333,n4000_seed3
cifar10,geo_pca,3,0.5,1024,probe_weight,0.42519137091162146,0.3333333333333333,n4000_seed3
cifar10,geo_pca,4,0.05,102,magnitude,0.10869565217391304,0.02553830746119179,n4000_seed3
cifar10,geo_pca,4,0.05,102,variance,0.1657142857142857,0.02553830746119179,n4000_seed3
cifar10,geo_pca,4,0.05,102,rate,0.05699481865284974,0.02553830746119179,n4000_seed3
cifar10,geo_pca,4,0.05,102,probe_weight,0.1724137931034483,0.02553830746119179,n4000_seed3
cifar10,geo_pca,4,0.1,204,magnitude,0.24012158054711247,0.052415210688591986,n4000_seed3
cifar10,geo_pca,4,0.1,204,variance,0.25153374233128833,0.052415210688591986,n4000_seed3
cifar10,geo_pca,4,0.1,204,rate,0.1826086956521739,0.052415210688591986,n4000_seed3
cifar10,geo_pca,4,0.1,204,probe_weight,0.18604651162790697,0.052415210688591986,n4000_seed3
cifar10,geo_pca,4,0.2,409,magnitude,0.3172302737520129,0.11093029563330621,n4000_seed3
cifar10,geo_pca,4,0.2,409,variance,0.34318555008210183,0.11093029563330621,n4000_seed3
cifar10,geo_pca,4,0.2,409,rate,0.2642967542503864,0.11093029563330621,n4000_seed3
cifar10,geo_pca,4,0.2,409,probe_weight,0.26625386996904027,0.11093029563330621,n4000_seed3
cifar10,geo_pca,4,0.5,1024,magnitude,0.3772696704774714,0.3333333333333333,n4000_seed3
cifar10,geo_pca,4,0.5,1024,variance,0.38098449089683073,0.3333333333333333,n4000_seed3
cifar10,geo_pca,4,0.5,1024,rate,0.37912457912457914,0.3333333333333333,n4000_seed3
cifar10,geo_pca,4,0.5,1024,probe_weight,0.36989966555183945,0.3333333333333333,n4000_seed3
cifar10,geo_pca,5,0.05,102,magnitude,0.3246753246753247,0.02553830746119179,n4000_seed3
cifar10,geo_pca,5,0.05,102,variance,0.3333333333333333,0.02553830746119179,n4000_seed3
cifar10,geo_pca,5,0.05,102,rate,0.21428571428571427,0.02553830746119179,n4000_seed3
cifar10,geo_pca,5,0.05,102,probe_weight,0.2215568862275449,0.02553830746119179,n4000_seed3
cifar10,geo_pca,5,0.1,204,magnitude,0.3783783783783784,0.052415210688591986,n4000_seed3
cifar10,geo_pca,5,0.1,204,variance,0.3377049180327869,0.052415210688591986,n4000_seed3
cifar10,geo_pca,5,0.1,204,rate,0.3924914675767918,0.052415210688591986,n4000_seed3
cifar10,geo_pca,5,0.1,204,probe_weight,0.1826086956521739,0.052415210688591986,n4000_seed3
cifar10,geo_pca,5,0.2,409,magnitude,0.37018425460636517,0.11093029563330621,n4000_seed3
cifar10,geo_pca,5,0.2,409,variance,0.35655058043117743,0.11093029563330621,n4000_seed3
cifar10,geo_pca,5,0.2,409,rate,0.36333333333333334,0.11093029563330621,n4000_seed3
cifar10,geo_pca,5,0.2,409,probe_weight,0.2245508982035928,0.11093029563330621,n4000_seed3
cifar10,geo_pca,5,0.5,1024,magnitude,0.5491679273827534,0.3333333333333333,n4000_seed3
cifar10,geo_pca,5,0.5,1024,variance,0.5352323838080959,0.3333333333333333,n4000_seed3
cifar10,geo_pca,5,0.5,1024,rate,0.5609756097560976,0.3333333333333333,n4000_seed3
cifar10,geo_pca,5,0.5,1024,probe_weight,0.4046639231824417,0.3333333333333333,n4000_seed3
cifar10,geo_pca,6,0.05,102,magnitude,0.04081632653061224,0.02553830746119179,n4000_seed3
cifar10,geo_pca,6,0.05,102,variance,0.0967741935483871,0.02553830746119179,n4000_seed3
cifar10,geo_pca,6,0.05,102,rate,0.03553299492385787,0.02553830746119179,n4000_seed3
cifar10,geo_pca,6,0.05,102,probe_weight,0.0967741935483871,0.02553830746119179,n4000_seed3
cifar10,geo_pca,6,0.1,204,magnitude,0.4117647058823529,0.052415210688591986,n4000_seed3
cifar10,geo_pca,6,0.1,204,variance,0.3554817275747508,0.052415210688591986,n4000_seed3
cifar10,geo_pca,6,0.1,204,rate,0.4020618556701031,0.052415210688591986,n4000_seed3
cifar10,geo_pca,6,0.1,204,probe_weight,0.20710059171597633,0.052415210688591986,n4000_seed3
cifar10,geo_pca,6,0.2,409,magnitude,0.3088,0.11093029563330621,n4000_seed3
cifar10,geo_pca,6,0.2,409,variance,0.3108974358974359,0.11093029563330621,n4000_seed3
cifar10,geo_pca,6,0.2,409,rate,0.27613104524180965,0.11093029563330621,n4000_seed3
cifar10,geo_pca,6,0.2,409,probe_weight,0.23378582202111614,0.11093029563330621,n4000_seed3
cifar10,geo_pca,6,0.5,1024,magnitude,0.28240450845335,0.3333333333333333,n4000_seed3
cifar10,geo_pca,6,0.5,1024,variance,0.2880503144654088,0.3333333333333333,n4000_seed3
cifar10,geo_pca,6,0.5,1024,rate,0.2657601977750309,0.3333333333333333,n4000_seed3
cifar10,geo_pca,6,0.5,1024,probe_weight,0.31197950032030747,0.3333333333333333,n4000_seed3
cifar10,geo_pca,7,0.05,102,magnitude,0.2911392405063291,0.02553830746119179,n4000_seed3
cifar10,geo_pca,7,0.05,102,variance,0.3076923076923077,0.02553830746119179,n4000_seed3
cifar10,geo_pca,7,0.05,102,rate,0.18604651162790697,0.02553830746119179,n4000_seed3
cifar10,geo_pca,7,0.05,102,probe_weight,0.21428571428571427,0.02553830746119179,n4000_seed3
cifar10,geo_pca,7,0.1,204,magnitude,0.25153374233128833,0.052415210688591986,n4000_seed3
cifar10,geo_pca,7,0.1,204,variance,0.27899686520376177,0.052415210688591986,n4000_seed3
cifar10,geo_pca,7,0.1,204,rate,0.1826086956521739,0.052415210688591986,n4000_seed3
cifar10,geo_pca,7,0.1,204,probe_weight,0.21428571428571427,0.052415210688591986,n4000_seed3
cifar10,geo_pca,7,0.2,409,magnitude,0.3088,0.11093029563330621,n4000_seed3
cifar10,geo_pca,7,0.2,409,variance,0.3300813008130081,0.11093029563330621,n4000_seed3
cifar10,geo_pca,7,0.2,409,rate,0.25846153846153846,0.11093029563330621,n4000_seed3
cifar10,geo_pca,7,0.2,409,probe_weight,0.2565284178187404,0.11093029563330621,n4000_seed3
cifar10,geo_pca,7,0.5,1024,magnitude,0.4056280027453672,0.3333333333333333,n4000_seed3
cifar10,geo_pca,7,0.5,1024,variance,0.4046639231824417,0.3333333333333333,n4000_seed3
cifar10,geo_pca,7,0.5,1024,rate,0.39795221843003414,0.3333333333333333,n4000_seed3
cifar10,geo_pca,7,0.5,1024,probe_weight,0.3828494260634706,0.3333333333333333,n4000_seed3
cifar10,geo_pca,8,0.05,102,magnitude,0.19298245614035087,0.02553830746119179,n4000_seed3
cifar10,geo_pca,8,0.05,102,variance,0.2215568862275449,0.02553830746119179,n4000_seed3
cifar10,geo_pca,8,0.05,102,rate,0.12087912087912088,0.02553830746119179,n4000_seed3
cifar10,geo_pca,8,0.05,102,probe_weight,0.1791907514450867,0.02553830746119179,n4000_seed3
cifar10,geo_pca,8,0.1,204,magnitude,0.15254237288135594,0.052415210688591986,n4000_seed3
cifar10,geo_pca,8,0.1,204,variance,0.14929577464788732,0.052415210688591986,n4000_seed3
cifar10,geo_pca,8,0.1,204,rate,0.13019390581717452,0.052415210688591986,n4000_seed3
cifar10,geo_pca,8,0.1,204,probe_weight,0.10869565217391304,0.052415210688591986,n4000_seed3
cifar10,geo_pca,8,0.2,409,magnitude,0.18895348837209303,0.11093029563330621,n4000_seed3
cifar10,geo_pca,8,0.2,409,variance,0.20827178729689808,0.11093029563330621,n4000_seed3
cifar10,geo_pca,8,0.2,409,rate,0.16524216524216523,0.11093029563330621,n4000_seed3
cifar10,geo_pca,8,0.2,409,probe_weight,0.19416058394160585,0.11093029563330621,n4000_seed3
cifar10,geo_pca,8,0.5,1024,magnitude,0.21904761904761905,0.3333333333333333,n4000_seed3
cifar10,geo_pca,8,0.5,1024,variance,0.22195704057279236,0.3333333333333333,n4000_seed3
cifar10,geo_pca,8,0.5,1024,rate,0.2205005959475566,0.3333333333333333,n4000_seed3
cifar10,geo_pca,8,0.5,1024,probe_weight,0.271260086902545,0.3333333333333333,n4000_seed3
cifar10,geo_pca,9,0.05,102,magnitude,0.20710059171597633,0.02553830746119179,n4000_seed3
cifar10,geo_pca,9,0.05,102,variance,0.2215568862275449,0.02553830746119179,n4000_seed3
cifar10,geo_pca,9,0.05,102,rate,0.1270718232044199,0.02553830746119179,n4000_seed3
cifar10,geo_pca,9,0.05,102,probe_weight,0.1590909090909091,0.02553830746119179,n4000_seed3
cifar10,geo_pca,9,0.1,204,magnitude,0.3035143769968051,0.052415210688591986,n4000_seed3
cifar10,geo_pca,9,0.1,204,variance,0.2911392405063291,0.052415210688591986,n4000_seed3
cifar10,geo_pca,9,0.1,204,rate,0.2830188679245283,0.052415210688591986,n4000_seed3
cifar10,geo_pca,9,0.1,204,probe_weight,0.20353982300884957,0.052415210688591986,n4000_seed3
cifar10,geo_pca,9,0.2,409,magnitude,0.3543046357615894,0.11093029563330621,n4000_seed3
cifar10,geo_pca,9,0.2,409,variance,0.3771043771043771,0.11093029563330621,n4000_seed3
cifar10,geo_pca,9,0.2,409,rate,0.292259083728278,0.11093029563330621,n4000_seed3
cifar10,geo_pca,9,0.2,409,probe_weight,0.28414442700156983,0.11093029563330621,n4000_seed3
cifar10,geo_pca,9,0.5,1024,magnitude,0.41534208707671044,0.3333333333333333,n4000_seed3
cifar10,geo_pca,9,0.5,1024,variance,0.420249653259362,0.3333333333333333,n4000_seed3
cifar10,geo_pca,9,0.5,1024,rate,0.4114403859407305,0.3333333333333333,n4000_seed3
cifar10,geo_pca,9,0.5,1024,probe_weight,0.36533333333333334,0.3333333333333333,n4000_seed3
cifar10,geo_m,0,0.05,102,magnitude,0.29936305732484075,0.02553830746119179,n4000_seed4
cifar10,geo_m,0,0.05,102,variance,0.5223880597014925,0.02553830746119179,n4000_seed4
cifar10,geo_m,0,0.05,102,rate,0.15254237288135594,0.02553830746119179,n4000_seed4
cifar10,geo_m,0,0.05,102,probe_weight,0.3161290322580645,0.02553830746119179,n4000_seed4
cifar10,geo_m,0,0.1,204,magnitude,0.42657342657342656,0.052415210688591986,n4000_seed4
cifar10,geo_m,0,0.1,204,variance,0.6062992125984252,0.052415210688591986,n4000_seed4
cifar10,geo_m,0,0.1,204,rate,0.22522522522522523,0.052415210688591986,n4000_seed4
cifar10,geo_m,0,0.1,204,probe_weight,0.2911392405063291,0.052415210688591986,n4000_seed4
cifar10,geo_m,0,0.2,409,magnitude,0.41278065630397237,0.11093029563330621,n4000_seed4
cifar10,geo_m,0,0.2,409,variance,0.5521821631878557,0.11093029563330621,n4000_seed4
cifar10,geo_m,0,0.2,409,rate,0.23939393939393938,0.11093029563330621,n4000_seed4
cifar10,geo_m,0,0.2,409,probe_weight,0.32362459546925565,0.11093029563330621,n4000_seed4
cifar10,geo_m,0,0.5,1024,magnitude,0.7239057239057239,0.3333333333333333,n4000_seed4
cifar10,geo_m,0,0.5,1024,variance,0.8091872791519434,0.3333333333333333,n4000_seed4
cifar10,geo_m,0,0.5,1024,rate,0.6062745098039216,0.3333333333333333,n4000_seed4
cifar10,geo_m,0,0.5,1024,probe_weight,0.5114391143911439,0.3333333333333333,n4000_seed4
cifar10,geo_m,1,0.05,102,magnitude,0.2911392405063291,0.02553830746119179,n4000_seed4
cifar10,geo_m,1,0.05,102,variance,0.5111111111111111,0.02553830746119179,n4000_seed4
cifar10,geo_m,1,0.05,102,rate,0.1270718232044199,0.02553830746119179,n4000_seed4
cifar10,geo_m,1,0.05,102,probe_weight,0.2911392405063291,0.02553830746119179,n4000_seed4
cifar10,geo_m,1,0.1,204,magnitude,0.3924914675767918,0.052415210688591986,n4000_seed4
cifar10,geo_m,1,0.1,204,variance,0.5454545454545454,0.052415210688591986,n4000_seed4
cifar10,geo_m,1,0.1,204,rate,0.21428571428571427,0.052415210688591986,n4000_seed4
cifar10,geo_m,1,0.1,204,probe_weight,0.2830188679245283,0.052415210688591986,n4000_seed4
cifar10,geo_m,1,0.2,409,magnitude,0.6134122287968442,0.11093029563330621,n4000_seed4
cifar10,geo_m,1,0.2,409,variance,0.8057395143487859,0.11093029563330621,n4000_seed4
cifar10,geo_m,1,0.2,409,rate,0.3864406779661017,0.11093029563330621,n4000_seed4
cifar10,geo_m,1,0.2,409,probe_weight,0.34761120263591433,0.11093029563330621,n4000_seed4
cifar10,geo_m,1,0.5,1024,magnitude,0.7519247219846023,0.3333333333333333,n4000_seed4
cifar10,geo_m,1,0.5,1024,variance,0.8367713004484305,0.3333333333333333,n4000_seed4
cifar10,geo_m,1,0.5,1024,rate,0.6357827476038339,0.3333333333333333,n4000_seed4
cifar10,geo_m,1,0.5,1024,probe_weight,0.514792899408284,0.3333333333333333,n4000_seed4
cifar10,geo_m,2,0.05,102,magnitude,0.45714285714285713,0.02553830746119179,n4000_seed4
cifar10,geo_m,2,0.05,102,variance,0.7288135593220338,0.02553830746119179,n4000_seed4
cifar10,geo_m,2,0.05,102,rate,0.2,0.02553830746119179,n4000_seed4
cifar10,geo_m,2,0.05,102,probe_weight,0.3161290322580645,0.02553830746119179,n4000_seed4
cifar10,geo_m,2,0.1,204,magnitude,0.5223880597014925,0.052415210688591986,n4000_seed4
cifar10,geo_m,2,0.1,204,variance,0.7361702127659574,0.052415210688591986,n4000_seed4
cifar10,geo_m,2,0.1,204,rate,0.275,0.052415210688591986,n4000_seed4
cifar10,geo_m,2,0.1,204,probe_weight,0.29523809523809524,0.052415210688591986,n4000_seed4
cifar10,geo_m,2,0.2,409,magnitude,0.4954296160877514,0.11093029563330621,n4000_seed4
cifar10,geo_m,2,0.2,409,variance,0.6458752515090543,0.11093029563330621,n4000_seed4
cifar10,geo_m,2,0.2,409,rate,0.30462519936204147,0.11093029563330621,n4000_seed4
cifar10,geo_m,2,0.2,409,probe_weight,0.33878887070376434,0.11093029563330621,n4000_seed4
cifar10,geo_m,2,0.5,1024,magnitude,0.6967688483844242,0.3333333333333333,n4000_seed4
cifar10,geo_m,2,0.5,1024,variance,0.7731601731601732,0.3333333333333333,n4000_seed4
cifar10,geo_m,2,0.5,1024,rate,0.5851393188854489,0.3333333333333333,n4000_seed4
cifar10,geo_m,2,0.5,1024,probe_weight,0.508100147275405,0.3333333333333333,n4000_seed4
cifar10,geo_m,3,0.05,102,magnitude,0.18604651162790697,0.02553830746119179,n4000_seed4
cifar10,geo_m,3,0.05,102,variance,0.3509933774834437,0.02553830746119179,n4000_seed4
cifar10,geo_m,3,0.05,102,rate,0.030303030303030304,0.02553830746119179,n4000_seed4
cifar10,geo_m,3,0.05,102,probe_weight,0.2289156626506024,0.02553830746119179,n4000_seed4
cifar10,geo_m,3,0.1,204,magnitude,0.5111111111111111,0.052415210688591986,n4000_seed4
cifar10,geo_m,3,0.1,204,variance,0.7142857142857143,0.052415210688591986,n4000_seed4
cifar10,geo_m,3,0.1,204,rate,0.24770642201834864,0.052415210688591986,n4000_seed4
cifar10,geo_m,3,0.1,204,probe_weight,0.29936305732484075,0.052415210688591986,n4000_seed4
cifar10,geo_m,3,0.2,409,magnitude,0.6693877551020408,0.11093029563330621,n4000_seed4
cifar10,geo_m,3,0.2,409,variance,0.854875283446712,0.11093029563330621,n4000_seed4
cifar10,geo_m,3,0.2,409,rate,0.4226086956521739,0.11093029563330621,n4000_seed4
cifar10,geo_m,3,0.2,409,probe_weight,0.34761120263591433,0.11093029563330621,n4000_seed4
cifar10,geo_m,3,0.5,1024,magnitude,0.8771769019248395,0.3333333333333333,n4000_seed4
cifar10,geo_m,3,0.5,1024,variance,0.9486203615604186,0.3333333333333333,n4000_seed4
cifar10,geo_m,3,0.5,1024,rate,0.7459505541346974,0.3333333333333333,n4000_seed4
cifar10,geo_m,3,0.5,1024,probe_weight,0.5249441548771407,0.3333333333333333,n4000_seed4
cifar10,geo_m,4,0.05,102,magnitude,0.07368421052631578,0.02553830746119179,n4000_seed4
cifar10,geo_m,4,0.05,102,variance,0.21428571428571427,0.02553830746119179,n4000_seed4
cifar10,geo_m,4,0.05,102,rate,0.0,0.02553830746119179,n4000_seed4
cifar10,geo_m,4,0.05,102,probe_weight,0.21428571428571427,0.02553830746119179,n4000_seed4
cifar10,geo_m,4,0.1,204,magnitude,0.48905109489051096,0.052415210688591986,n4000_seed4
cifar10,geo_m,4,0.1,204,variance,0.6721311475409836,0.052415210688591986,n4000_seed4
cifar10,geo_m,4,0.1,204,rate,0.25153374233128833,0.052415210688591986,n4000_seed4
cifar10,geo_m,4,0.1,204,probe_weight,0.29936305732484075,0.052415210688591986,n4000_seed4
cifar10,geo_m,4,0.2,409,magnitude,0.5064456721915286,0.11093029563330621,n4000_seed4
cifar10,geo_m,4,0.2,409,variance,0.6659877800407332,0.11093029563330621,n4000_seed4
cifar10,geo_m,4,0.2,409,rate,0.3088,0.11093029563330621,n4000_seed4
cifar10,geo_m,4,0.2,409,probe_weight,0.34098360655737703,0.11093029563330621,n4000_seed4
cifar10,geo_m,4,0.5,1024,magnitude,0.8806244260789715,0.3333333333333333,n4000_seed4
cifar10,geo_m,4,0.5,1024,variance,0.9320754716981132,0.3333333333333333,n4000_seed4
cifar10,geo_m,4,0.5,1024,rate,0.7549271636675235,0.3333333333333333,n4000_seed4
cifar10,geo_m,4,0.5,1024,probe_weight,0.5294996265870052,0.3333333333333333,n4000_seed4
cifar10,geo_m,5,0.05,102,magnitude,0.10270270270270271,0.02553830746119179,n4000_seed4
cifar10,geo_m,5,0.05,102,variance,0.25925925925925924,0.02553830746119179,n4000_seed4
cifar10,geo_m,5,0.05,102,rate,0.009900990099009901,0.02553830746119179,n4000_seed4
cifar10,geo_m,5,0.05,102,probe_weight,0.23636363636363636,0.02553830746119179,n4000_seed4
cifar10,geo_m,5,0.1,204,magnitude,0.3465346534653465,0.052415210688591986,n4000_seed4
cifar10,geo_m,5,0.1,204,variance,0.5055350553505535,0.052415210688591986,n4000_seed4
cifar10,geo_m,5,0.1,204,rate,0.1657142857142857,0.052415210688591986,n4000_seed4
cifar10,geo_m,5,0.1,204,probe_weight,0.2830188679245283,0.052415210688591986,n4000_seed4
cifar10,geo_m,5,0.2,409,magnitude,0.642570281124498,0.11093029563330621,n4000_seed4
cifar10,geo_m,5,0.2,409,variance,0.8097345132743363,0.11093029563330621,n4000_seed4
cifar10,geo_m,5,0.2,409,rate,0.39829059829059826,0.11093029563330621,n4000_seed4
cifar10,geo_m,5,0.2,409,probe_weight,0.3322475570032573,0.11093029563330621,n4000_seed4
cifar10,geo_m,5,0.5,1024,magnitude,0.7808695652173913,0.3333333333333333,n4000_seed4
cifar10,geo_m,5,0.5,1024,variance,0.8669097538742023,0.3333333333333333,n4000_seed4
cifar10,geo_m,5,0.5,1024,rate,0.6609894566098946,0.3333333333333333,n4000_seed4
cifar10,geo_m,5,0.5,1024,probe_weight,0.536384096024006,0.3333333333333333,n4000_seed4
cifar10,geo_m,6,0.05,102,magnitude,0.1590909090909091,0.02553830746119179,n4000_seed4
cifar10,geo_m,6,0.05,102,variance,0.3333333333333333,0.02553830746119179,n4000_seed4
cifar10,geo_m,6,0.05,102,rate,0.04081632653061224,0.02553830746119179,n4000_seed4
cifar10,geo_m,6,0.05,102,probe_weight,0.23636363636363636,0.02553830746119179,n4000_seed4
cifar10,geo_m,6,0.1,204,magnitude,0.44680851063829785,0.052415210688591986,n4000_seed4
cifar10,geo_m,6,0.1,204,variance,0.632,0.052415210688591986,n4000_seed4
cifar10,geo_m,6,0.1,204,rate,0.22522522522522523,0.052415210688591986,n4000_seed4
cifar10,geo_m,6,0.1,204,probe_weight,0.2911392405063291,0.052415210688591986,n4000_seed4
cifar10,geo_m,6,0.2,409,magnitude,0.6007827788649707,0.11093029563330621,n4000_seed4
cifar10,geo_m,6,0.2,409,variance,0.7899343544857768,0.11093029563330621,n4000_seed4
cifar10,geo_m,6,0.2,409,rate,0.38175675675675674,0.11093029563330621,n4000_seed4
cifar10,geo_m,6,0.2,409,probe_weight,0.34983498349834985,0.11093029563330621,n4000_seed4
cifar10,geo_m,6,0.5,1024,magnitude,0.6318725099601593,0.3333333333333333,n4000_seed4
cifar10,geo_m,6,0.5,1024,variance,0.7095158597662772,0.3333333333333333,n4000_seed4
cifar10,geo_m,6,0.5,1024,rate,0.5329341317365269,0.3333333333333333,n4000_seed4
cifar10,geo_m,6,0.5,1024,probe_weight,0.4883720930232558,0.3333333333333333,n4000_seed4
cifar10,geo_m,7,0.05,102,magnitude,0.23636363636363636,0.02553830746119179,n4000_seed4
cifar10,geo_m,7,0.05,102,variance,0.44680851063829785,0.02553830746119179,n4000_seed4
cifar10,geo_m,7,0.05,102,rate,0.10869565217391304,0.02553830746119179,n4000_seed4
cifar10,geo_m,7,0.05,102,probe_weight,0.275,0.02553830746119179,n4000_seed4
cifar10,geo_m,7,0.1,204,magnitude,0.46236559139784944,0.052415210688591986,n4000_seed4
cifar10,geo_m,7,0.1,204,variance,0.6518218623481782,0.052415210688591986,n4000_seed4
cifar10,geo_m,7,0.1,204,rate,0.2289156626506024,0.052415210688591986,n4000_seed4
cifar10,geo_m,7,0.1,204,probe_weight,0.29936305732484075,0.052415210688591986,n4000_seed4
cifar10,geo_m,7,0.2,409,magnitude,0.7257383966244726,0.11093029563330621,n4000_seed4
cifar10,geo_m,7,0.2,409,variance,0.8761467889908257,0.11093029563330621,n4000_seed4
cifar10,geo_m,7,0.2,409,rate,0.48188405797101447,0.11093029563330621,n4000_seed4
cifar10,geo_m,7,0.2,409,probe_weight,0.34318555008210183,0.11093029563330621,n4000_seed4
cifar10,geo_m,7,0.5,1024,magnitude,0.8998144712430427,0.3333333333333333,n4000_seed4
cifar10,geo_m,7,0.5,1024,variance,0.8059964726631393,0.3333333333333333,n4000_seed4
cifar10,geo_m,7,0.5,1024,rate,0.9230046948356807,0.3333333333333333,n4000_seed4
cifar10,geo_m,7,0.5,1024,probe_weight,0.5136733185513673,0.3333333333333333,n4000_seed4
cifar10,geo_m,8,0.05,102,magnitude,0.0049261083743842365,0.02553830746119179,n4000_seed4
cifar10,geo_m,8,0.05,102,variance,0.10270270270270271,0.02553830746119179,n4000_seed4
cifar10,geo_m,8,0.05,102,rate,0.0,0.02553830746119179,n4000_seed4
cifar10,geo_m,8,0.05,102,probe_weight,0.15254237288135594,0.02553830746119179,n4000_seed4
cifar10,geo_m,8,0.1,204,magnitude,0.2670807453416149,0.052415210688591986,n4000_seed4
cifar10,geo_m,8,0.1,204,variance,0.4020618556701031,0.052415210688591986,n4000_seed4
cifar10,geo_m,8,0.1,204,rate,0.1178082191780822,0.052415210688591986,n4000_seed4
cifar10,geo_m,8,0.1,204,probe_weight,0.24012158054711247,0.052415210688591986,n4000_seed4
cifar10,geo_m,8,0.2,409,magnitude,0.6491935483870968,0.11093029563330621,n4000_seed4
cifar10,geo_m,8,0.2,409,variance,0.8423423423423423,0.11093029563330621,n4000_seed4
cifar10,geo_m,8,0.2,409,rate,0.41522491349480967,0.11093029563330621,n4000_seed4
cifar10,geo_m,8,0.2,409,probe_weight,0.34098360655737703,0.11093029563330621,n4000_seed4
cifar10,geo_m,8,0.5,1024,magnitude,0.7253580454928391,0.3333333333333333,n4000_seed4
cifar10,geo_m,8,0.5,1024,variance,0.8091872791519434,0.3333333333333333,n4000_seed4
cifar10,geo_m,8,0.5,1024,rate,0.6113296616837136,0.3333333333333333,n4000_seed4
cifar10,geo_m,8,0.5,1024,probe_weight,0.5170370370370371,0.3333333333333333,n4000_seed4
cifar10,geo_m,9,0.05,102,magnitude,0.29936305732484075,0.02553830746119179,n4000_seed4
cifar10,geo_m,9,0.05,102,variance,0.5223880597014925,0.02553830746119179,n4000_seed4
cifar10,geo_m,9,0.05,102,rate,0.15254237288135594,0.02553830746119179,n4000_seed4
cifar10,geo_m,9,0.05,102,probe_weight,0.29936305732484075,0.02553830746119179,n4000_seed4
cifar10,geo_m,9,0.1,204,magnitude,0.4117647058823529,0.052415210688591986,n4000_seed4
cifar10,geo_m,9,0.1,204,variance,0.59375,0.052415210688591986,n4000_seed4
cifar10,geo_m,9,0.1,204,rate,0.20353982300884957,0.052415210688591986,n4000_seed4
cifar10,geo_m,9,0.1,204,probe_weight,0.29936305732484075,0.052415210688591986,n4000_seed4
cifar10,geo_m,9,0.2,409,magnitude,0.4954296160877514,0.11093029563330621,n4000_seed4
cifar10,geo_m,9,0.2,409,variance,0.6294820717131474,0.11093029563330621,n4000_seed4
cifar10,geo_m,9,0.2,409,rate,0.2984126984126984,0.11093029563330621,n4000_seed4
cifar10,geo_m,9,0.2,409,probe_weight,0.33442088091353994,0.11093029563330621,n4000_seed4
cifar10,geo_m,9,0.5,1024,magnitude,0.9068901303538175,0.3333333333333333,n4000_seed4
cifar10,geo_m,9,0.5,1024,variance,0.9357277882797732,0.3333333333333333,n4000_seed4
cifar10,geo_m,9,0.5,1024,rate,0.7762359063313097,0.3333333333333333,n4000_seed4
cifar10,geo_m,9,0.5,1024,probe_weight,0.526080476900149,0.3333333333333333,n4000_seed4
cifar10,geo_r,0,0.05,102,magnitude,0.2,0.02553830746119179,n4000_seed4
cifar10,geo_r,0,0.05,102,variance,0.1791907514450867,0.02553830746119179,n4000_seed4
cifar10,geo_r,0,0.05,102,rate,0.13966480446927373,0.02553830746119179,n4000_seed4
cifar10,geo_r,0,0.05,102,probe_weight,0.1270718232044199,0.02553830746119179,n4000_seed4
cifar10,geo_r,0,0.1,204,magnitude,0.36,0.052415210688591986,n4000_seed4
cifar10,geo_r,0,0.1,204,variance,0.31189710610932475,0.052415210688591986,n4000_seed4
cifar10,geo_r,0,0.1,204,rate,0.34210526315789475,0.052415210688591986,n4000_seed4
cifar10,geo_r,0,0.1,204,probe_weight,0.19298245614035087,0.052415210688591986,n4000_seed4
cifar10,geo_r,0,0.2,409,magnitude,0.4201388888888889,0.11093029563330621,n4000_seed4
cifar10,geo_r,0,0.2,409,variance,0.3794266441821248,0.11093029563330621,n4000_seed4
cifar10,geo_r,0,0.2,409,rate,0.4226086956521739,0.11093029563330621,n4000_seed4
cifar10,geo_r,0,0.2,409,probe_weight,0.24885496183206107,0.11093029563330621,n4000_seed4
cifar10,geo_r,0,0.5,1024,magnitude,0.5306427503736921,0.3333333333333333,n4000_seed4
cifar10,geo_r,0,0.5,1024,variance,0.5170370370370371,0.3333333333333333,n4000_seed4
cifar10,geo_r,0,0.5,1024,rate,0.5272184936614467,0.3333333333333333,n4000_seed4
cifar10,geo_r,0,0.5,1024,probe_weight,0.42519137091162146,0.3333333333333333,n4000_seed4
cifar10,geo_r,1,0.05,102,magnitude,0.19298245614035087,0.02553830746119179,n4000_seed4
cifar10,geo_r,1,0.05,102,variance,0.21428571428571427,0.02553830746119179,n4000_seed4
cifar10,geo_r,1,0.05,102,rate,0.13333333333333333,0.02553830746119179,n4000_seed4
cifar10,geo_r,1,0.05,102,probe_weight,0.13966480446927373,0.02553830746119179,n4000_seed4
cifar10,geo_r,1,0.1,204,magnitude,0.4117647058823529,0.052415210688591986,n4000_seed4
cifar10,geo_r,1,0.1,204,variance,0.3783783783783784,0.052415210688591986,n4000_seed4
cifar10,geo_r,1,0.1,204,rate,0.3289902280130293,0.052415210688591986,n4000_seed4
cifar10,geo_r,1,0.1,204,probe_weight,0.20353982300884957,0.052415210688591986,n4000_seed4
cifar10,geo_r,1,0.2,409,magnitude,0.450354609929078,0.11093029563330621,n4000_seed4
cifar10,geo_r,1,0.2,409,variance,0.42757417102966844,0.11093029563330621,n4000_seed4
cifar10,geo_r,1,0.2,409,rate,0.41767764298093585,0.11093029563330621,n4000_seed4
cifar10,geo_r,1,0.2,409,probe_weight,0.2682170542635659,0.11093029563330621,n4000_seed4
cifar10,geo_r,1,0.5,1024,magnitude,0.6331738437001595,0.3333333333333333,n4000_seed4
cifar10,geo_r,1,0.5,1024,variance,0.6279809220985691,0.3333333333333333,n4000_seed4
cifar10,geo_r,1,0.5,1024,rate,0.610062893081761,0.3333333333333333,n4000_seed4
cifar10,geo_r,1,0.5,1024,probe_weight,0.4659985683607731,0.3333333333333333,n4000_seed4
cifar10,geo_r,2,0.05,102,magnitude,0.23636363636363636,0.02553830746119179,n4000_seed4
cifar10,geo_r,2,0.05,102,variance,0.24390243902439024,0.02553830746119179,n4000_seed4
cifar10,geo_r,2,0.05,102,rate,0.1791907514450867,0.02553830746119179,n4000_seed4
cifar10,geo_r,2,0.05,102,probe_weight,0.1791907514450867,0.02553830746119179,n4000_seed4
cifar10,geo_r,2,0.1,204,magnitude,0.2631578947368421,0.052415210688591986,n4000_seed4
cifar10,geo_r,2,0.1,204,variance,0.27102803738317754,0.052415210688591986,n4000_seed4
cifar10,geo_r,2,0.1,204,rate,0.23636363636363636,0.052415210688591986,n4000_seed4
cifar10,geo_r,2,0.1,204,probe_weight,0.16905444126074498,0.052415210688591986,n4000_seed4
cifar10,geo_r,2,0.2,409,magnitude,0.28414442700156983,0.11093029563330621,n4000_seed4
cifar10,geo_r,2,0.2,409,variance,0.29430379746835444,0.11093029563330621,n4000_seed4
cifar10,geo_r,2,0.2,409,rate,0.254601226993865,0.11093029563330621,n4000_seed4
cifar10,geo_r,2,0.2,409,probe_weight,0.19416058394160585,0.11093029563330621,n4000_seed4
cifar10,geo_r,2,0.5,1024,magnitude,0.4291695743196092,0.3333333333333333,n4000_seed4
cifar10,geo_r,2,0.5,1024,variance,0.42717770034843205,0.3333333333333333,n4000_seed4
cifar10,geo_r,2,0.5,1024,rate,0.4242002781641168,0.3333333333333333,n4000_seed4
cifar10,geo_r,2,0.5,1024,probe_weight,0.3772696704774714,0.3333333333333333,n4000_seed4
cifar10,geo_r,3,0.05,102,magnitude,0.275,0.02553830746119179,n4000_seed4
cifar10,geo_r,3,0.05,102,variance,0.25925925925925924,0.02553830746119179,n4000_seed4
cifar10,geo_r,3,0.05,102,rate,0.25153374233128833,0.02553830746119179,n4000_seed4
cifar10,geo_r,3,0.05,102,probe_weight,0.1724137931034483,0.02553830746119179,n4000_seed4
cifar10,geo_r,3,0.1,204,magnitude,0.3924914675767918,0.052415210688591986,n4000_seed4
cifar10,geo_r,3,0.1,204,variance,0.3554817275747508,0.052415210688591986,n4000_seed4
cifar10,geo_r,3,0.1,204,rate,0.3377049180327869,0.052415210688591986,n4000_seed4
cifar10,geo_r,3,0.1,204,probe_weight,0.19648093841642228,0.052415210688591986,n4000_seed4
cifar10,geo_r,3,0.2,409,magnitude,0.47920433996383366,0.11093029563330621,n4000_seed4
cifar10,geo_r,3,0.2,409,variance,0.46332737030411447,0.11093029563330621,n4000_seed4
cifar10,geo_r,3,0.2,409,rate,0.4452296819787986,0.11093029563330621,n4000_seed4
cifar10,geo_r,3,0.2,409,probe_weight,0.26040061633281975,0.11093029563330621,n4000_seed4
cifar10,geo_r,3,0.5,1024,magnitude,0.506990434142752,0.3333333333333333,n4000_seed4
cifar10,geo_r,3,0.5,1024,variance,0.506990434142752,0.3333333333333333,n4000_seed4
cifar10,geo_r,3,0.5,1024,rate,0.501466275659824,0.3333333333333333,n4000_seed4
cifar10,geo_r,3,0.5,1024,probe_weight,0.40177960301163584,0.3333333333333333,n4000_seed4
cifar10,geo_r,4,0.05,102,magnitude,0.2215568862275449,0.02553830746119179,n4000_seed4
cifar10,geo_r,4,0.05,102,variance,0.20710059171597633,0.02553830746119179,n4000_seed4
cifar10,geo_r,4,0.05,102,rate,0.21428571428571427,0.02553830746119179,n4000_seed4
cifar10,geo_r,4,0.05,102,probe_weight,0.1590909090909091,0.02553830746119179,n4000_seed4
cifar10,geo_r,4,0.1,204,magnitude,0.24012158054711247,0.052415210688591986,n4000_seed4
cifar10,geo_r,4,0.1,204,variance,0.24012158054711247,0.052415210688591986,n4000_seed4
cifar10,geo_r,4,0.1,204,rate,0.2,0.052415210688591986,n4000_seed4
cifar10,geo_r,4,0.1,204,probe_weight,0.1791907514450867,0.052415210688591986,n4000_seed4
cifar10,geo_r,4,0.2,409,magnitude,0.3108974358974359,0.11093029563330621,n4000_seed4
cifar10,geo_r,4,0.2,409,variance,0.3004769475357711,0.11093029563330621,n4000_seed4
cifar10,geo_r,4,0.2,409,rate,0.27216174183514774,0.11093029563330621,n4000_seed4
cifar10,geo_r,4,0.2,409,probe_weight,0.21726190476190477,0.11093029563330621,n4000_seed4
cifar10,geo_r,4,0.5,1024,magnitude,0.39795221843003414,0.3333333333333333,n4000_seed4
cifar10,geo_r,4,0.5,1024,variance,0.39509536784741145,0.3333333333333333,n4000_seed4
cifar10,geo_r,4,0.5,1024,rate,0.39319727891156464,0.3333333333333333,n4000_seed4
cifar10,geo_r,4,0.5,1024,probe_weight,0.36624416277518346,0.3333333333333333,n4000_seed4
cifar10,geo_r,5,0.05,102,magnitude,0.2289156626506024,0.02553830746119179,n4000_seed4
cifar10,geo_r,5,0.05,102,variance,0.23636363636363636,0.02553830746119179,n4000_seed4
cifar10,geo_r,5,0.05,102,rate,0.1724137931034483,0.02553830746119179,n4000_seed4
cifar10,geo_r,5,0.05,102,probe_weight,0.13966480446927373,0.02553830746119179,n4000_seed4
cifar10,geo_r,5,0.1,204,magnitude,0.22522522522522523,0.052415210688591986,n4000_seed4
cifar10,geo_r,5,0.1,204,variance,0.22522522522522523,0.052415210688591986,n4000_seed4
cifar10,geo_r,5,0.1,204,rate,0.18950437317784258,0.052415210688591986,n4000_seed4
cifar10,geo_r,5,0.1,204,probe_weight,0.14606741573033707,0.052415210688591986,n4000_seed4
cifar10,geo_r,5,0.2,409,magnitude,0.32148626817447495,0.11093029563330621,n4000_seed4
cifar10,geo_r,5,0.2,409,variance,0.3322475570032573,0.11093029563330621,n4000_seed4
cifar10,geo_r,5,0.2,409,rate,0.278125,0.11093029563330621,n4000_seed4
cifar10,geo_r,5,0.2,409,probe_weight,0.21545319465081725,0.11093029563330621,n4000_seed4
cifar10,geo_r,5,0.5,1024,magnitude,0.37541974479516454,0.3333333333333333,n4000_seed4
cifar10,geo_r,5,0.5,1024,variance,0.37912457912457914,0.3333333333333333,n4000_seed4
cifar10,geo_r,5,0.5,1024,rate,0.374496644295302,0.3333333333333333,n4000_seed4
cifar10,geo_r,5,0.5,1024,probe_weight,0.3617021276595745,0.3333333333333333,n4000_seed4
cifar10,geo_r,6,0.05,102,magnitude,0.12087912087912088,0.02553830746119179,n4000_seed4
cifar10,geo_r,6,0.05,102,variance,0.1590909090909091,0.02553830746119179,n4000_seed4
cifar10,geo_r,6,0.05,102,rate,0.0851063829787234,0.02553830746119179,n4000_seed4
cifar10,geo_r,6,0.05,102,probe_weight,0.10270270270270271,0.02553830746119179,n4000_seed4
cifar10,geo_r,6,0.1,204,magnitude,0.2289156626506024,0.052415210688591986,n4000_seed4
cifar10,geo_r,6,0.1,204,variance,0.21791044776119403,0.052415210688591986,n4000_seed4
cifar10,geo_r,6,0.1,204,rate,0.1791907514450867,0.052415210688591986,n4000_seed4
cifar10,geo_r,6,0.1,204,probe_weight,0.1724137931034483,0.052415210688591986,n4000_seed4
cifar10,geo_r,6,0.2,409,magnitude,0.27613104524180965,0.11093029563330621,n4000_seed4
cifar10,geo_r,6,0.2,409,variance,0.28213166144200624,0.11093029563330621,n4000_seed4
cifar10,geo_r,6,0.2,409,rate,0.25846153846153846,0.11093029563330621,n4000_seed4
cifar10,geo_r,6,0.2,409,probe_weight,0.2245508982035928,0.11093029563330621,n4000_seed4
cifar10,geo_r,6,0.5,1024,magnitude,0.4361851332398317,0.3333333333333333,n4000_seed4
cifar10,geo_r,6,0.5,1024,variance,0.4281729428172943,0.3333333333333333,n4000_seed4
cifar10,geo_r,6,0.5,1024,rate,0.4341736694677871,0.3333333333333333,n4000_seed4
cifar10,geo_r,6,0.5,1024,probe_weight,0.3726541554959786,0.3333333333333333,n4000_seed4
cifar10,geo_r,7,0.05,102,magnitude,0.3076923076923077,0.02553830746119179,n4000_seed4
cifar10,geo_r,7,0.05,102,variance,0.3246753246753247,0.02553830746119179,n4000_seed4
cifar10,geo_r,7,0.05,102,rate,0.24390243902439024,0.02553830746119179,n4000_seed4
cifar10,geo_r,7,0.05,102,probe_weight,0.1724137931034483,0.02553830746119179,n4000_seed4
cifar10,geo_r,7,0.1,204,magnitude,0.3076923076923077,0.052415210688591986,n4000_seed4
cifar10,geo_r,7,0.1,204,variance,0.3333333333333333,0.052415210688591986,n4000_seed4
cifar10,geo_r,7,0.1,204,rate,0.24012158054711247,0.052415210688591986,n4000_seed4
cifar10,geo_r,7,0.1,204,probe_weight,0.19298245614035087,0.052415210688591986,n4000_seed4
cifar10,geo_r,7,0.2,409,magnitude,0.4079173838209983,0.11093029563330621,n4000_seed4
cifar10,geo_r,7,0.2,409,variance,0.41522491349480967,0.11093029563330621,n4000_seed4
cifar10,geo_r,7,0.2,409,rate,0.3543046357615894,0.11093029563330621,n4000_seed4
cifar10,geo_r,7,0.2,409,probe_weight,0.24695121951219512,0.11093029563330621,n4000_seed4
cifar10,geo_r,7,0.5,1024,magnitude,0.49162418062636565,0.3333333333333333,n4000_seed4
cifar10,geo_r,7,0.5,1024,variance,0.4829833454018827,0.3333333333333333,n4000_seed4
cifar10,geo_r,7,0.5,1024,rate,0.4659985683607731,0.3333333333333333,n4000_seed4
cifar10,geo_r,7,0.5,1024,probe_weight,0.4124137931034483,0.3333333333333333,n4000_seed4
cifar10,geo_r,8,0.05,102,magnitude,0.275,0.02553830746119179,n4000_seed4
cifar10,geo_r,8,0.05,102,variance,0.3246753246753247,0.02553830746119179,n4000_seed4
cifar10,geo_r,8,0.05,102,rate,0.2,0.02553830746119179,n4000_seed4
cifar10,geo_r,8,0.05,102,probe_weight,0.1657142857142857,0.02553830746119179,n4000_seed4
cifar10,geo_r,8,0.1,204,magnitude,0.31189710610932475,0.052415210688591986,n4000_seed4
cifar10,geo_r,8,0.1,204,variance,0.3246753246753247,0.052415210688591986,n4000_seed4
cifar10,geo_r,8,0.1,204,rate,0.2830188679245283,0.052415210688591986,n4000_seed4
cifar10,geo_r,8,0.1,204,probe_weight,0.16905444126074498,0.052415210688591986,n4000_seed4
cifar10,geo_r,8,0.2,409,magnitude,0.4054982817869416,0.11093029563330621,n4000_seed4
cifar10,geo_r,8,0.2,409,variance,0.4054982817869416,0.11093029563330621,n4000_seed4
cifar10,geo_r,8,0.2,409,rate,0.3656093489148581,0.11093029563330621,n4000_seed4
cifar10,geo_r,8,0.2,409,probe_weight,0.2565284178187404,0.11093029563330621,n4000_seed4
cifar10,geo_r,8,0.5,1024,magnitude,0.5802469135802469,0.3333333333333333,n4000_seed4
cifar10,geo_r,8,0.5,1024,variance,0.5814671814671815,0.3333333333333333,n4000_seed4
cifar10,geo_r,8,0.5,1024,rate,0.5574144486692015,0.3333333333333333,n4000_seed4
cifar10,geo_r,8,0.5,1024,probe_weight,0.44939844302901627,0.3333333333333333,n4000_seed4
cifar10,geo_r,9,0.05,102,magnitude,0.11475409836065574,0.02553830746119179,n4000_seed4
cifar10,geo_r,9,0.05,102,variance,0.1270718232044199,0.02553830746119179,n4000_seed4
cifar10,geo_r,9,0.05,102,rate,0.0851063829787234,0.02553830746119179,n4000_seed4
cifar10,geo_r,9,0.05,102,probe_weight,0.11475409836065574,0.02553830746119179,n4000_seed4
cifar10,geo_r,9,0.1,204,magnitude,0.2326283987915408,0.052415210688591986,n4000_seed4
cifar10,geo_r,9,0.1,204,variance,0.23636363636363636,0.052415210688591986,n4000_seed4
cifar10,geo_r,9,0.1,204,rate,0.18604651162790697,0.052415210688591986,n4000_seed4
cifar10,geo_r,9,0.1,204,probe_weight,0.1826086956521739,0.052415210688591986,n4000_seed4
cifar10,geo_r,9,0.2,409,magnitude,0.2682170542635659,0.11093029563330621,n4000_seed4
cifar10,geo_r,9,0.2,409,variance,0.28213166144200624,0.11093029563330621,n4000_seed4
cifar10,geo_r,9,0.2,409,rate,0.25076452599388377,0.11093029563330621,n4000_seed4
cifar10,geo_r,9,0.2,409,probe_weight,0.21907600596125187,0.11093029563330621,n4000_seed4
cifar10,geo_r,9,0.5,1024,magnitude,0.5283582089552239,0.3333333333333333,n4000_seed4
cifar10,geo_r,9,0.5,1024,variance,0.514792899408284,0.3333333333333333,n4000_seed4
cifar10,geo_r,9,0.5,1024,rate,0.531787584143605,0.3333333333333333,n4000_seed4
cifar10,geo_r,9,0.5,1024,probe_weight,0.41632088520055327,0.3333333333333333,n4000_seed4
cifar10,geo_pca,0,0.05,102,magnitude,0.2830188679245283,0.02553830746119179,n4000_seed4
cifar10,geo_pca,0,0.05,102,variance,0.3246753246753247,0.02553830746119179,n4000_seed4
cifar10,geo_pca,0,0.05,102,rate,0.20710059171597633,0.02553830746119179,n4000_seed4
cifar10,geo_pca,0,0.05,102,probe_weight,0.1657142857142857,0.02553830746119179,n4000_seed4
cifar10,geo_pca,0,0.1,204,magnitude,0.23636363636363636,0.052415210688591986,n4000_seed4
cifar10,geo_pca,0,0.1,204,variance,0.23636363636363636,0.052415210688591986,n4000_seed4
cifar10,geo_pca,0,0.1,204,rate,0.21068249258160238,0.052415210688591986,n4000_seed4
cifar10,geo_pca,0,0.1,204,probe_weight,0.1791907514450867,0.052415210688591986,n4000_seed4
cifar10,geo_pca,0,0.2,409,magnitude,0.30462519936204147,0.11093029563330621,n4000_seed4
cifar10,geo_pca,0,0.2,409,variance,0.30670926517571884,0.11093029563330621,n4000_seed4
cifar10,geo_pca,0,0.2,409,rate,0.29635499207606975,0.11093029563330621,n4000_seed4
cifar10,geo_pca,0,0.2,409,probe_weight,0.23378582202111614,0.11093029563330621,n4000_seed4
cifar10,geo_pca,0,0.5,1024,magnitude,0.2510690287110568,0.3333333333333333,n4000_seed4
cifar10,geo_pca,0,0.5,1024,variance,0.25644171779141106,0.3333333333333333,n4000_seed4
cifar10,geo_pca,0,0.5,1024,rate,0.2419648271679806,0.3333333333333333,n4000_seed4
cifar10,geo_pca,0,0.5,1024,probe_weight,0.28886091881686593,0.3333333333333333,n4000_seed4
cifar10,geo_pca,1,0.05,102,magnitude,0.2289156626506024,0.02553830746119179,n4000_seed4
cifar10,geo_pca,1,0.05,102,variance,0.2670807453416149,0.02553830746119179,n4000_seed4
cifar10,geo_pca,1,0.05,102,rate,0.15254237288135594,0.02553830746119179,n4000_seed4
cifar10,geo_pca,1,0.05,102,probe_weight,0.13966480446927373,0.02553830746119179,n4000_seed4
cifar10,geo_pca,1,0.1,204,magnitude,0.1657142857142857,0.052415210688591986,n4000_seed4
cifar10,geo_pca,1,0.1,204,variance,0.1826086956521739,0.052415210688591986,n4000_seed4
cifar10,geo_pca,1,0.1,204,rate,0.088,0.052415210688591986,n4000_seed4
cifar10,geo_pca,1,0.1,204,probe_weight,0.14929577464788732,0.052415210688591986,n4000_seed4
cifar10,geo_pca,1,0.2,409,magnitude,0.393526405451448,0.11093029563330621,n4000_seed4
cifar10,geo_pca,1,0.2,409,variance,0.35206611570247937,0.11093029563330621,n4000_seed4
cifar10,geo_pca,1,0.2,409,rate,0.4054982817869416,0.11093029563330621,n4000_seed4
cifar10,geo_pca,1,0.2,409,probe_weight,0.21545319465081725,0.11093029563330621,n4000_seed4
cifar10,geo_pca,1,0.5,1024,magnitude,0.2704714640198511,0.3333333333333333,n4000_seed4
cifar10,geo_pca,1,0.5,1024,variance,0.284012539184953,0.3333333333333333,n4000_seed4
cifar10,geo_pca,1,0.5,1024,rate,0.2603076923076923,0.3333333333333333,n4000_seed4
cifar10,geo_pca,1,0.5,1024,probe_weight,0.2970234325522483,0.3333333333333333,n4000_seed4
cifar10,geo_pca,2,0.05,102,magnitude,0.3246753246753247,0.02553830746119179,n4000_seed4
cifar10,geo_pca,2,0.05,102,variance,0.29936305732484075,0.02553830746119179,n4000_seed4
cifar10,geo_pca,2,0.05,102,rate,0.2,0.02553830746119179,n4000_seed4
cifar10,geo_pca,2,0.05,102,probe_weight,0.18604651162790697,0.02553830746119179,n4000_seed4
cifar10,geo_pca,2,0.1,204,magnitude,0.3783783783783784,0.052415210688591986,n4000_seed4
cifar10,geo_pca,2,0.1,204,variance,0.3509933774834437,0.052415210688591986,n4000_seed4
cifar10,geo_pca,2,0.1,204,rate,0.36454849498327757,0.052415210688591986,n4000_seed4
cifar10,geo_pca,2,0.1,204,probe_weight,0.20353982300884957,0.052415210688591986,n4000_seed4
cifar10,geo_pca,2,0.2,409,magnitude,0.437609841827768,0.11093029563330621,n4000_seed4
cifar10,geo_pca,2,0.2,409,variance,0.40308747855917665,0.11093029563330621,n4000_seed4
cifar10,geo_pca,2,0.2,409,rate,0.3724832214765101,0.11093029563330621,n4000_seed4
cifar10,geo_pca,2,0.2,409,probe_weight,0.292259083728278,0.11093029563330621,n4000_seed4
cifar10,geo_pca,2,0.5,1024,magnitude,0.3527080581241744,0.3333333333333333,n4000_seed4
cifar10,geo_pca,2,0.5,1024,variance,0.35092348284960423,0.3333333333333333,n4000_seed4
cifar10,geo_pca,2,0.5,1024,rate,0.3447143795141169,0.3333333333333333,n4000_seed4
cifar10,geo_pca,2,0.5,1024,probe_weight,0.34648257725180803,0.3333333333333333,n4000_seed4
cifar10,geo_pca,3,0.05,102,magnitude,0.23636363636363636,0.02553830746119179,n4000_seed4
cifar10,geo_pca,3,0.05,102,variance,0.23636363636363636,0.02553830746119179,n4000_seed4
cifar10,geo_pca,3,0.05,102,rate,0.1791907514450867,0.02553830746119179,n4000_seed4
cifar10,geo_pca,3,0.05,102,probe_weight,0.1590909090909091,0.02553830746119179,n4000_seed4
cifar10,geo_pca,3,0.1,204,magnitude,0.3554817275747508,0.052415210688591986,n4000_seed4
cifar10,geo_pca,3,0.1,204,variance,0.29523809523809524,0.052415210688591986,n4000_seed4
cifar10,geo_pca,3,0.1,204,rate,0.3554817275747508,0.052415210688591986,n4000_seed4
cifar10,geo_pca,3,0.1,204,probe_weight,0.18950437317784258,0.052415210688591986,n4000_seed4
cifar10,geo_pca,3,0.2,409,magnitude,0.39590443686006827,0.11093029563330621,n4000_seed4
cifar10,geo_pca,3,0.2,409,variance,0.3771043771043771,0.11093029563330621,n4000_seed4
cifar10,geo_pca,3,0.2,409,rate,0.3864406779661017,0.11093029563330621,n4000_seed4
cifar10,geo_pca,3,0.2,409,probe_weight,0.23564954682779457,0.11093029563330621,n4000_seed4
cifar10,geo_pca,3,0.5,1024,magnitude,0.5526914329037149,0.3333333333333333,n4000_seed4
cifar10,geo_pca,3,0.5,1024,variance,0.5340823970037453,0.3333333333333333,n4000_seed4
cifar10,geo_pca,3,0.5,1024,rate,0.5398496240601504,0.3333333333333333,n4000_seed4
cifar10,geo_pca,3,0.5,1024,probe_weight,0.43719298245614036,0.3333333333333333,n4000_seed4
cifar10,geo_pca,4,0.05,102,magnitude,0.10869565217391304,0.02553830746119179,n4000_seed4
cifar10,geo_pca,4,0.05,102,variance,0.1657142857142857,0.02553830746119179,n4000_seed4
cifar10,geo_pca,4,0.05,102,rate,0.0625,0.02553830746119179,n4000_seed4
cifar10,geo_pca,4,0.05,102,probe_weight,0.1657142857142857,0.02553830746119179,n4000_seed4
cifar10,geo_pca,4,0.1,204,magnitude,0.24012158054711247,0.052415210688591986,n4000_seed4
cifar10,geo_pca,4,0.1,204,variance,0.24770642201834864,0.052415210688591986,n4000_seed4
cifar10,geo_pca,4,0.1,204,rate,0.16905444126074498,0.052415210688591986,n4000_seed4
cifar10,geo_pca,4,0.1,204,probe_weight,0.21791044776119403,0.052415210688591986,n4000_seed4
cifar10,geo_pca,4,0.2,409,magnitude,0.32148626817447495,0.11093029563330621,n4000_seed4
cifar10,geo_pca,4,0.2,409,variance,0.3366013071895425,0.11093029563330621,n4000_seed4
cifar10,geo_pca,4,0.2,409,rate,0.2565284178187404,0.11093029563330621,n4000_seed4
cifar10,geo_pca,4,0.2,409,probe_weight,0.2861635220125786,0.11093029563330621,n4000_seed4
cifar10,geo_pca,4,0.5,1024,magnitude,0.3781965006729475,0.3333333333333333,n4000_seed4
cifar10,geo_pca,4,0.5,1024,variance,0.3726541554959786,0.3333333333333333,n4000_seed4
cifar10,geo_pca,4,0.5,1024,rate,0.38098449089683073,0.3333333333333333,n4000_seed4
cifar10,geo_pca,4,0.5,1024,probe_weight,0.37541974479516454,0.3333333333333333,n4000_seed4
cifar10,geo_pca,5,0.05,102,magnitude,0.3161290322580645,0.02553830746119179,n4000_seed4
cifar10,geo_pca,5,0.05,102,variance,0.34210526315789475,0.02553830746119179,n4000_seed4
cifar10,geo_pca,5,0.05,102,rate,0.20710059171597633,0.02553830746119179,n4000_seed4
cifar10,geo_pca,5,0.05,102,probe_weight,0.19298245614035087,0.02553830746119179,n4000_seed4
cifar10,geo_pca,5,0.1,204,magnitude,0.36454849498327757,0.052415210688591986,n4000_seed4
cifar10,geo_pca,5,0.1,204,variance,0.3377049180327869,0.052415210688591986,n4000_seed4
cifar10,geo_pca,5,0.1,204,rate,0.3783783783783784,0.052415210688591986,n4000_seed4
cifar10,geo_pca,5,0.1,204,probe_weight,0.1826086956521739,0.052415210688591986,n4000_seed4
cifar10,geo_pca,5,0.2,409,magnitude,0.37018425460636517,0.11093029563330621,n4000_seed4
cifar10,geo_pca,5,0.2,409,variance,0.3543046357615894,0.11093029563330621,n4000_seed4
cifar10,geo_pca,5,0.2,409,rate,0.37478991596638656,0.11093029563330621,n4000_seed4
cifar10,geo_pca,5,0.2,409,probe_weight,0.23564954682779457,0.11093029563330621,n4000_seed4
cifar10,geo_pca,5,0.5,1024,magnitude,0.5479969765684052,0.3333333333333333,n4000_seed4
cifar10,geo_pca,5,0.5,1024,variance,0.5375375375375375,0.3333333333333333,n4000_seed4
cifar10,geo_pca,5,0.5,1024,rate,0.5574144486692015,0.3333333333333333,n4000_seed4
cifar10,geo_pca,5,0.5,1024,probe_weight,0.4281729428172943,0.3333333333333333,n4000_seed4
cifar10,geo_pca,6,0.05,102,magnitude,0.04081632653061224,0.02553830746119179,n4000_seed4
cifar10,geo_pca,6,0.05,102,variance,0.07936507936507936,0.02553830746119179,n4000_seed4
cifar10,geo_pca,6,0.05,102,rate,0.04081632653061224,0.02553830746119179,n4000_seed4
cifar10,geo_pca,6,0.05,102,probe_weight,0.11475409836065574,0.02553830746119179,n4000_seed4
cifar10,geo_pca,6,0.1,204,magnitude,0.42657342657342656,0.052415210688591986,n4000_seed4
cifar10,geo_pca,6,0.1,204,variance,0.3691275167785235,0.052415210688591986,n4000_seed4
cifar10,geo_pca,6,0.1,204,rate,0.3972602739726027,0.052415210688591986,n4000_seed4
cifar10,geo_pca,6,0.1,204,probe_weight,0.18950437317784258,0.052415210688591986,n4000_seed4
cifar10,geo_pca,6,0.2,409,magnitude,0.30254777070063693,0.11093029563330621,n4000_seed4
cifar10,geo_pca,6,0.2,409,variance,0.3004769475357711,0.11093029563330621,n4000_seed4
cifar10,geo_pca,6,0.2,409,rate,0.27216174183514774,0.11093029563330621,n4000_seed4
cifar10,geo_pca,6,0.2,409,probe_weight,0.2245508982035928,0.11093029563330621,n4000_seed4
cifar10,geo_pca,6,0.5,1024,magnitude,0.2872407291011942,0.3333333333333333,n4000_seed4
cifar10,geo_pca,6,0.5,1024,variance,0.2880503144654088,0.3333333333333333,n4000_seed4
cifar10,geo_pca,6,0.5,1024,rate,0.26968381897086174,0.3333333333333333,n4000_seed4
cifar10,geo_pca,6,0.5,1024,probe_weight,0.31450577663671375,0.3333333333333333,n4000_seed4
cifar10,geo_pca,7,0.05,102,magnitude,0.2911392405063291,0.02553830746119179,n4000_seed4
cifar10,geo_pca,7,0.05,102,variance,0.3333333333333333,0.02553830746119179,n4000_seed4
cifar10,geo_pca,7,0.05,102,rate,0.1791907514450867,0.02553830746119179,n4000_seed4
cifar10,geo_pca,7,0.05,102,probe_weight,0.2215568862275449,0.02553830746119179,n4000_seed4
cifar10,geo_pca,7,0.1,204,magnitude,0.25153374233128833,0.052415210688591986,n4000_seed4
cifar10,geo_pca,7,0.1,204,variance,0.27899686520376177,0.052415210688591986,n4000_seed4
cifar10,geo_pca,7,0.1,204,rate,0.16905444126074498,0.052415210688591986,n4000_seed4
cifar10,geo_pca,7,0.1,204,probe_weight,0.2631578947368421,0.052415210688591986,n4000_seed4
cifar10,geo_pca,7,0.2,409,magnitude,0.3088,0.11093029563330621,n4000_seed4
cifar10,geo_pca,7,0.2,409,variance,0.32792207792207795,0.11093029563330621,n4000_seed4
cifar10,geo_pca,7,0.2,409,rate,0.2565284178187404,0.11093029563330621,n4000_seed4
cifar10,geo_pca,7,0.2,409,probe_weight,0.27414330218068533,0.11093029563330621,n4000_seed4
cifar10,geo_pca,7,0.5,1024,magnitude,0.40949759119064005,0.3333333333333333,n4000_seed4
cifar10,geo_pca,7,0.5,1024,variance,0.41338854382332646,0.3333333333333333,n4000_seed4
cifar10,geo_pca,7,0.5,1024,rate,0.3969986357435198,0.3333333333333333,n4000_seed4
cifar10,geo_pca,7,0.5,1024,probe_weight,0.38005390835579517,0.3333333333333333,n4000_seed4
cifar10,geo_pca,8,0.05,102,magnitude,0.2,0.02553830746119179,n4000_seed4
cifar10,geo_pca,8,0.05,102,variance,0.24390243902439024,0.02553830746119179,n4000_seed4
cifar10,geo_pca,8,0.05,102,rate,0.13333333333333333,0.02553830746119179,n4000_seed4
cifar10,geo_pca,8,0.05,102,probe_weight,0.14606741573033707,0.02553830746119179,n4000_seed4
cifar10,geo_pca,8,0.1,204,magnitude,0.1558073654390935,0.052415210688591986,n4000_seed4
cifar10,geo_pca,8,0.1,204,variance,0.1623931623931624,0.052415210688591986,n4000_seed4
cifar10,geo_pca,8,0.1,204,rate,0.13333333333333333,0.052415210688591986,n4000_seed4
cifar10,geo_pca,8,0.1,204,probe_weight,0.12396694214876033,0.052415210688591986,n4000_seed4
cifar10,geo_pca,8,0.2,409,magnitude,0.18895348837209303,0.11093029563330621,n4000_seed4
cifar10,geo_pca,8,0.2,409,variance,0.21364985163204747,0.11093029563330621,n4000_seed4
cifar10,geo_pca,8,0.2,409,rate,0.16524216524216523,0.11093029563330621,n4000_seed4
cifar10,geo_pca,8,0.2,409,probe_weight,0.18208092485549132,0.11093029563330621,n4000_seed4
cifar10,geo_pca,8,0.5,1024,magnitude,0.2205005959475566,0.3333333333333333,n4000_seed4
cifar10,geo_pca,8,0.5,1024,variance,0.22634730538922157,0.3333333333333333,n4000_seed4
cifar10,geo_pca,8,0.5,1024,rate,0.2205005959475566,0.3333333333333333,n4000_seed4
cifar10,geo_pca,8,0.5,1024,probe_weight,0.2720496894409938,0.3333333333333333,n4000_seed4
cifar10,geo_pca,9,0.05,102,magnitude,0.21428571428571427,0.02553830746119179,n4000_seed4
cifar10,geo_pca,9,0.05,102,variance,0.2289156626506024,0.02553830746119179,n4000_seed4
cifar10,geo_pca,9,0.05,102,rate,0.1270718232044199,0.02553830746119179,n4000_seed4
cifar10,geo_pca,9,0.05,102,probe_weight,0.13966480446927373,0.02553830746119179,n4000_seed4
cifar10,geo_pca,9,0.1,204,magnitude,0.31189710610932475,0.052415210688591986,n4000_seed4
cifar10,geo_pca,9,0.1,204,variance,0.29523809523809524,0.052415210688591986,n4000_seed4
cifar10,geo_pca,9,0.1,204,rate,0.27102803738317754,0.052415210688591986,n4000_seed4
cifar10,geo_pca,9,0.1,204,probe_weight,0.18604651162790697,0.052415210688591986,n4000_seed4
cifar10,geo_pca,9,0.2,409,magnitude,0.34539473684210525,0.11093029563330621,n4000_seed4
cifar10,geo_pca,9,0.2,409,variance,0.37478991596638656,0.11093029563330621,n4000_seed4
cifar10,geo_pca,9,0.2,409,rate,0.28818897637795277,0.11093029563330621,n4000_seed4
cifar10,geo_pca,9,0.2,409,probe_weight,0.27414330218068533,0.11093029563330621,n4000_seed4
cifar10,geo_pca,9,0.5,1024,magnitude,0.4143646408839779,0.3333333333333333,n4000_seed4
cifar10,geo_pca,9,0.5,1024,variance,0.4124137931034483,0.3333333333333333,n4000_seed4
cifar10,geo_pca,9,0.5,1024,rate,0.41046831955922863,0.3333333333333333,n4000_seed4
cifar10,geo_pca,9,0.5,1024,probe_weight,0.37173476222371066,0.3333333333333333,n4000_seed4
cifar10,geo_m,0,0.05,102,magnitude,0.3076923076923077,0.02553830746119179,n4000_seed5
cifar10,geo_m,0,0.05,102,variance,0.5111111111111111,0.02553830746119179,n4000_seed5
cifar10,geo_m,0,0.05,102,rate,0.14606741573033707,0.02553830746119179,n4000_seed5
cifar10,geo_m,0,0.05,102,probe_weight,0.29936305732484075,0.02553830746119179,n4000_seed5
cifar10,geo_m,0,0.1,204,magnitude,0.4166666666666667,0.052415210688591986,n4000_seed5
cifar10,geo_m,0,0.1,204,variance,0.59375,0.052415210688591986,n4000_seed5
cifar10,geo_m,0,0.1,204,rate,0.22522522522522523,0.052415210688591986,n4000_seed5
cifar10,geo_m,0,0.1,204,probe_weight,0.31189710610932475,0.052415210688591986,n4000_seed5
cifar10,geo_m,0,0.2,409,magnitude,0.41522491349480967,0.11093029563330621,n4000_seed5
cifar10,geo_m,0,0.2,409,variance,0.5318352059925093,0.11093029563330621,n4000_seed5
cifar10,geo_m,0,0.2,409,rate,0.23939393939393938,0.11093029563330621,n4000_seed5
cifar10,geo_m,0,0.2,409,probe_weight,0.3108974358974359,0.11093029563330621,n4000_seed5
cifar10,geo_m,0,0.5,1024,magnitude,0.7181208053691275,0.3333333333333333,n4000_seed5
cifar10,geo_m,0,0.5,1024,variance,0.8156028368794326,0.3333333333333333,n4000_seed5
cifar10,geo_m,0,0.5,1024,rate,0.6062745098039216,0.3333333333333333,n4000_seed5
cifar10,geo_m,0,0.5,1024,probe_weight,0.5103244837758112,0.3333333333333333,n4000_seed5
cifar10,geo_m,1,0.05,102,magnitude,0.29936305732484075,0.02553830746119179,n4000_seed5
cifar10,geo_m,1,0.05,102,variance,0.5,0.02553830746119179,n4000_seed5
cifar10,geo_m,1,0.05,102,rate,0.12087912087912088,0.02553830746119179,n4000_seed5
cifar10,geo_m,1,0.05,102,probe_weight,0.25925925925925924,0.02553830746119179,n4000_seed5
cifar10,geo_m,1,0.1,204,magnitude,0.3877551020408163,0.052415210688591986,n4000_seed5
cifar10,geo_m,1,0.1,204,variance,0.5454545454545454,0.052415210688591986,n4000_seed5
cifar10,geo_m,1,0.1,204,rate,0.21428571428571427,0.052415210688591986,n4000_seed5
cifar10,geo_m,1,0.1,204,probe_weight,0.2870662460567823,0.052415210688591986,n4000_seed5
cifar10,geo_m,1,0.2,409,magnitude,0.6134122287968442,0.11093029563330621,n4000_seed5
cifar10,geo_m,1,0.2,409,variance,0.7899343544857768,0.11093029563330621,n4000_seed5
cifar10,geo_m,1,0.2,409,rate,0.3864406779661017,0.11093029563330621,n4000_seed5
cifar10,geo_m,1,0.2,409,probe_weight,0.3588039867109635,0.11093029563330621,n4000_seed5
cifar10,geo_m,1,0.5,1024,magnitude,0.7534246575342466,0.3333333333333333,n4000_seed5
cifar10,geo_m,1,0.5,1024,variance,0.8450450450450451,0.3333333333333333,n4000_seed5
cifar10,geo_m,1,0.5,1024,rate,0.6370903277378097,0.3333333333333333,n4000_seed5
cifar10,geo_m,1,0.5,1024,probe_weight,0.5103244837758112,0.3333333333333333,n4000_seed5
cifar10,geo_m,2,0.05,102,magnitude,0.43661971830985913,0.02553830746119179,n4000_seed5
cifar10,geo_m,2,0.05,102,variance,0.7142857142857143,0.02553830746119179,n4000_seed5
cifar10,geo_m,2,0.05,102,rate,0.19298245614035087,0.02553830746119179,n4000_seed5
cifar10,geo_m,2,0.05,102,probe_weight,0.2670807453416149,0.02553830746119179,n4000_seed5
cifar10,geo_m,2,0.1,204,magnitude,0.5111111111111111,0.052415210688591986,n4000_seed5
cifar10,geo_m,2,0.1,204,variance,0.7142857142857143,0.052415210688591986,n4000_seed5
cifar10,geo_m,2,0.1,204,rate,0.27899686520376177,0.052415210688591986,n4000_seed5
cifar10,geo_m,2,0.1,204,probe_weight,0.3076923076923077,0.052415210688591986,n4000_seed5
cifar10,geo_m,2,0.2,409,magnitude,0.4981684981684982,0.11093029563330621,n4000_seed5
cifar10,geo_m,2,0.2,409,variance,0.6294820717131474,0.11093029563330621,n4000_seed5
cifar10,geo_m,2,0.2,409,rate,0.30462519936204147,0.11093029563330621,n4000_seed5
cifar10,geo_m,2,0.2,409,probe_weight,0.33442088091353994,0.11093029563330621,n4000_seed5
cifar10,geo_m,2,0.5,1024,magnitude,0.6925619834710743,0.3333333333333333,n4000_seed5
cifar10,geo_m,2,0.5,1024,variance,0.7855274629468177,0.3333333333333333,n4000_seed5
cifar10,geo_m,2,0.5,1024,rate,0.5851393188854489,0.3333333333333333,n4000_seed5
cifar10,geo_m,2,0.5,1024,probe_weight,0.5003663003663004,0.3333333333333333,n4000_seed5
cifar10,geo_m,3,0.05,102,magnitude,0.1791907514450867,0.02553830746119179,n4000_seed5
cifar10,geo_m,3,0.05,102,variance,0.36,0.02553830746119179,n4000_seed5
cifar10,geo_m,3,0.05,102,rate,0.03553299492385787,0.02553830746119179,n4000_seed5
cifar10,geo_m,3,0.05,102,probe_weight,0.21428571428571427,0.02553830746119179,n4000_seed5
cifar10,geo_m,3,0.1,204,magnitude,0.48905109489051096,0.052415210688591986,n4000_seed5
cifar10,geo_m,3,0.1,204,variance,0.7071129707112971,0.052415210688591986,n4000_seed5
cifar10,geo_m,3,0.1,204,rate,0.24770642201834864,0.052415210688591986,n4000_seed5
cifar10,geo_m,3,0.1,204,probe_weight,0.29936305732484075,0.052415210688591986,n4000_seed5
cifar10,geo_m,3,0.2,409,magnitude,0.6693877551020408,0.11093029563330621,n4000_seed5
cifar10,geo_m,3,0.2,409,variance,0.8465011286681715,0.11093029563330621,n4000_seed5
cifar10,geo_m,3,0.2,409,rate,0.4226086956521739,0.11093029563330621,n4000_seed5
cifar10,geo_m,3,0.2,409,probe_weight,0.3610648918469218,0.11093029563330621,n4000_seed5
cifar10,geo_m,3,0.5,1024,magnitude,0.8754578754578755,0.3333333333333333,n4000_seed5
cifar10,geo_m,3,0.5,1024,variance,0.9357277882797732,0.3333333333333333,n4000_seed5
cifar10,geo_m,3,0.5,1024,rate,0.7459505541346974,0.3333333333333333,n4000_seed5
cifar10,geo_m,3,0.5,1024,probe_weight,0.5114391143911439,0.3333333333333333,n4000_seed5
cifar10,geo_m,4,0.05,102,magnitude,0.07936507936507936,0.02553830746119179,n4000_seed5
cifar10,geo_m,4,0.05,102,variance,0.20710059171597633,0.02553830746119179,n4000_seed5
cifar10,geo_m,4,0.05,102,rate,0.0,0.02553830746119179,n4000_seed5
cifar10,geo_m,4,0.05,102,probe_weight,0.20710059171597633,0.02553830746119179,n4000_seed5
cifar10,geo_m,4,0.1,204,magnitude,0.4782608695652174,0.052415210688591986,n4000_seed5
cifar10,geo_m,4,0.1,204,variance,0.6653061224489796,0.052415210688591986,n4000_seed5
cifar10,geo_m,4,0.1,204,rate,0.24770642201834864,0.052415210688591986,n4000_seed5
cifar10,geo_m,4,0.1,204,probe_weight,0.31189710610932475,0.052415210688591986,n4000_seed5
cifar10,geo_m,4,0.2,409,magnitude,0.5064456721915286,0.11093029563330621,n4000_seed5
cifar10,geo_m,4,0.2,409,variance,0.6458752515090543,0.11093029563330621,n4000_seed5
cifar10,geo_m,4,0.2,409,rate,0.30670926517571884,0.11093029563330621,n4000_seed5
cifar10,geo_m,4,0.2,409,probe_weight,0.3322475570032573,0.11093029563330621,n4000_seed5
cifar10,geo_m,4,0.5,1024,magnitude,0.8788990825688073,0.3333333333333333,n4000_seed5
cifar10,geo_m,4,0.5,1024,variance,0.9194001874414246,0.3333333333333333,n4000_seed5
cifar10,geo_m,4,0.5,1024,rate,0.7534246575342466,0.3333333333333333,n4000_seed5
cifar10,geo_m,4,0.5,1024,probe_weight,0.5159141376757957,0.3333333333333333,n4000_seed5
cifar10,geo_m,5,0.05,102,magnitude,0.10869565217391304,0.02553830746119179,n4000_seed5
cifar10,geo_m,5,0.05,102,variance,0.25153374233128833,0.02553830746119179,n4000_seed5
cifar10,geo_m,5,0.05,102,rate,0.009900990099009901,0.02553830746119179,n4000_seed5
cifar10,geo_m,5,0.05,102,probe_weight,0.21428571428571427,0.02553830746119179,n4000_seed5
cifar10,geo_m,5,0.1,204,magnitude,0.3377049180327869,0.052415210688591986,n4000_seed5
cifar10,geo_m,5,0.1,204,variance,0.5,0.052415210688591986,n4000_seed5
cifar10,geo_m,5,0.1,204,rate,0.1657142857142857,0.052415210688591986,n4000_seed5
cifar10,geo_m,5,0.1,204,probe_weight,0.3035143769968051,0.052415210688591986,n4000_seed5
cifar10,geo_m,5,0.2,409,magnitude,0.6458752515090543,0.11093029563330621,n4000_seed5
cifar10,geo_m,5,0.2,409,variance,0.793859649122807,0.11093029563330621,n4000_seed5
cifar10,geo_m,5,0.2,409,rate,0.39829059829059826,0.11093029563330621,n4000_seed5
cifar10,geo_m,5,0.2,409,probe_weight,0.34983498349834985,0.11093029563330621,n4000_seed5
cifar10,geo_m,5,0.5,1024,magnitude,0.7762359063313097,0.3333333333333333,n4000_seed5
cifar10,geo_m,5,0.5,1024,variance,0.8737419945105215,0.3333333333333333,n4000_seed5
cifar10,geo_m,5,0.5,1024,rate,0.6609894566098946,0.3333333333333333,n4000_seed5
cifar10,geo_m,5,0.5,1024,probe_weight,0.5159141376757957,0.3333333333333333,n4000_seed5
cifar10,geo_m,6,0.05,102,magnitude,0.1590909090909091,0.02553830746119179,n4000_seed5
cifar10,geo_m,6,0.05,102,variance,0.3246753246753247,0.02553830746119179,n4000_seed5
cifar10,geo_m,6,0.05,102,rate,0.04081632653061224,0.02553830746119179,n4000_seed5
cifar10,geo_m,6,0.05,102,probe_weight,0.2289156626506024,0.02553830746119179,n4000_seed5
cifar10,geo_m,6,0.1,204,magnitude,0.43661971830985913,0.052415210688591986,n4000_seed5
cifar10,geo_m,6,0.1,204,variance,0.6190476190476191,0.052415210688591986,n4000_seed5
cifar10,geo_m,6,0.1,204,rate,0.2215568862275449,0.052415210688591986,n4000_seed5
cifar10,geo_m,6,0.1,204,probe_weight,0.29936305732484075,0.052415210688591986,n4000_seed5
cifar10,geo_m,6,0.2,409,magnitude,0.6007827788649707,0.11093029563330621,n4000_seed5
cifar10,geo_m,6,0.2,409,variance,0.7744034707158352,0.11093029563330621,n4000_seed5
cifar10,geo_m,6,0.2,409,rate,0.38175675675675674,0.11093029563330621,n4000_seed5
cifar10,geo_m,6,0.2,409,probe_weight,0.3656093489148581,0.11093029563330621,n4000_seed5
cifar10,geo_m,6,0.5,1024,magnitude,0.6331738437001595,0.3333333333333333,n4000_seed5
cifar10,geo_m,6,0.5,1024,variance,0.7224558452481077,0.3333333333333333,n4000_seed5
cifar10,geo_m,6,0.5,1024,rate,0.5340823970037453,0.3333333333333333,n4000_seed5
cifar10,geo_m,6,0.5,1024,probe_weight,0.48191027496382055,0.3333333333333333,n4000_seed5
cifar10,geo_m,7,0.05,102,magnitude,0.23636363636363636,0.02553830746119179,n4000_seed5
cifar10,geo_m,7,0.05,102,variance,0.42657342657342656,0.02553830746119179,n4000_seed5
cifar10,geo_m,7,0.05,102,rate,0.10270270270270271,0.02553830746119179,n4000_seed5
cifar10,geo_m,7,0.05,102,probe_weight,0.275,0.02553830746119179,n4000_seed5
cifar10,geo_m,7,0.1,204,magnitude,0.45195729537366547,0.052415210688591986,n4000_seed5
cifar10,geo_m,7,0.1,204,variance,0.6451612903225806,0.052415210688591986,n4000_seed5
cifar10,geo_m,7,0.1,204,rate,0.2289156626506024,0.052415210688591986,n4000_seed5
cifar10,geo_m,7,0.1,204,probe_weight,0.29936305732484075,0.052415210688591986,n4000_seed5
cifar10,geo_m,7,0.2,409,magnitude,0.7221052631578947,0.11093029563330621,n4000_seed5
cifar10,geo_m,7,0.2,409,variance,0.8891454965357968,0.11093029563330621,n4000_seed5
cifar10,geo_m,7,0.2,409,rate,0.47920433996383366,0.11093029563330621,n4000_seed5
cifar10,geo_m,7,0.2,409,probe_weight,0.3543046357615894,0.11093029563330621,n4000_seed5
cifar10,geo_m,7,0.5,1024,magnitude,0.9015784586815228,0.3333333333333333,n4000_seed5
cifar10,geo_m,7,0.5,1024,variance,0.7902097902097902,0.3333333333333333,n4000_seed5
cifar10,geo_m,7,0.5,1024,rate,0.914018691588785,0.3333333333333333,n4000_seed5
cifar10,geo_m,7,0.5,1024,probe_weight,0.5003663003663004,0.3333333333333333,n4000_seed5
cifar10,geo_m,8,0.05,102,magnitude,0.0049261083743842365,0.02553830746119179,n4000_seed5
cifar10,geo_m,8,0.05,102,variance,0.10270270270270271,0.02553830746119179,n4000_seed5
cifar10,geo_m,8,0.05,102,rate,0.0,0.02553830746119179,n4000_seed5
cifar10,geo_m,8,0.05,102,probe_weight,0.1657142857142857,0.02553830746119179,n4000_seed5
cifar10,geo_m,8,0.1,204,magnitude,0.25925925925925924,0.052415210688591986,n4000_seed5
cifar10,geo_m,8,0.1,204,variance,0.3972602739726027,0.052415210688591986,n4000_seed5
cifar10,geo_m,8,0.1,204,rate,0.1178082191780822,0.052415210688591986,n4000_seed5
cifar10,geo_m,8,0.1,204,probe_weight,0.27899686520376177,0.052415210688591986,n4000_seed5
cifar10,geo_m,8,0.2,409,magnitude,0.6491935483870968,0.11093029563330621,n4000_seed5
cifar10,geo_m,8,0.2,409,variance,0.8258928571428571,0.11093029563330621,n4000_seed5
cifar10,geo_m,8,0.2,409,rate,0.41522491349480967,0.11093029563330621,n4000_seed5
cifar10,geo_m,8,0.2,409,probe_weight,0.36333333333333334,0.11093029563330621,n4000_seed5
cifar10,geo_m,8,0.5,1024,magnitude,0.7224558452481077,0.3333333333333333,n4000_seed5
cifar10,geo_m,8,0.5,1024,variance,0.8220640569395018,0.3333333333333333,n4000_seed5
cifar10,geo_m,8,0.5,1024,rate,0.6125984251968504,0.3333333333333333,n4000_seed5
cifar10,geo_m,8,0.5,1024,probe_weight,0.5036710719530103,0.3333333333333333,n4000_seed5
cifar10,geo_m,9,0.05,102,magnitude,0.3076923076923077,0.02553830746119179,n4000_seed5
cifar10,geo_m,9,0.05,102,variance,0.5111111111111111,0.02553830746119179,n4000_seed5
cifar10,geo_m,9,0.05,102,rate,0.14606741573033707,0.02553830746119179,n4000_seed5
cifar10,geo_m,9,0.05,102,probe_weight,0.2911392405063291,0.02553830746119179,n4000_seed5
cifar10,geo_m,9,0.1,204,magnitude,0.4020618556701031,0.052415210688591986,n4000_seed5
cifar10,geo_m,9,0.1,204,variance,0.5875486381322957,0.052415210688591986,n4000_seed5
cifar10,geo_m,9,0.1,204,rate,0.2,0.052415210688591986,n4000_seed5
cifar10,geo_m,9,0.1,204,probe_weight,0.3161290322580645,0.052415210688591986,n4000_seed5
cifar10,geo_m,9,0.2,409,magnitude,0.5009174311926605,0.11093029563330621,n4000_seed5
cifar10,geo_m,9,0.2,409,variance,0.6198019801980198,0.11093029563330621,n4000_seed5
cifar10,geo_m,9,0.2,409,rate,0.2984126984126984,0.11093029563330621,n4000_seed5
cifar10,geo_m,9,0.2,409,probe_weight,0.32362459546925565,0.11093029563330621,n4000_seed5
cifar10,geo_m,9,0.5,1024,magnitude,0.9086672879776329,0.3333333333333333,n4000_seed5
cifar10,geo_m,9,0.5,1024,variance,0.928436911487759,0.3333333333333333,n4000_seed5
cifar10,geo_m,9,0.5,1024,rate,0.7762359063313097,0.3333333333333333,n4000_seed5
cifar10,geo_m,9,0.5,1024,probe_weight,0.506990434142752,0.3333333333333333,n4000_seed5
cifar10,geo_r,0,0.05,102,magnitude,0.2,0.02553830746119179,n4000_seed5
cifar10,geo_r,0,0.05,102,variance,0.18604651162790697,0.02553830746119179,n4000_seed5
cifar10,geo_r,0,0.05,102,rate,0.13966480446927373,0.02553830746119179,n4000_seed5
cifar10,geo_r,0,0.05,102,probe_weight,0.11475409836065574,0.02553830746119179,n4000_seed5
cifar10,geo_r,0,0.1,204,magnitude,0.3783783783783784,0.052415210688591986,n4000_seed5
cifar10,geo_r,0,0.1,204,variance,0.31189710610932475,0.052415210688591986,n4000_seed5
cifar10,geo_r,0,0.1,204,rate,0.3377049180327869,0.052415210688591986,n4000_seed5
cifar10,geo_r,0,0.1,204,probe_weight,0.1826086956521739,0.052415210688591986,n4000_seed5
cifar10,geo_r,0,0.2,409,magnitude,0.41767764298093585,0.11093029563330621,n4000_seed5
cifar10,geo_r,0,0.2,409,variance,0.3794266441821248,0.11093029563330621,n4000_seed5
cifar10,geo_r,0,0.2,409,rate,0.41522491349480967,0.11093029563330621,n4000_seed5
cifar10,geo_r,0,0.2,409,probe_weight,0.2565284178187404,0.11093029563330621,n4000_seed5
cifar10,geo_r,0,0.5,1024,magnitude,0.5329341317365269,0.3333333333333333,n4000_seed5
cifar10,geo_r,0,0.5,1024,variance,0.5114391143911439,0.3333333333333333,n4000_seed5
cifar10,geo_r,0,0.5,1024,rate,0.526080476900149,0.3333333333333333,n4000_seed5
cifar10,geo_r,0,0.5,1024,probe_weight,0.4182825484764543,0.3333333333333333,n4000_seed5
cifar10,geo_r,1,0.05,102,magnitude,0.2,0.02553830746119179,n4000_seed5
cifar10,geo_r,1,0.05,102,variance,0.2215568862275449,0.02553830746119179,n4000_seed5
cifar10,geo_r,1,0.05,102,rate,0.13333333333333333,0.02553830746119179,n4000_seed5
cifar10,geo_r,1,0.05,102,probe_weight,0.12087912087912088,0.02553830746119179,n4000_seed5
cifar10,geo_r,1,0.1,204,magnitude,0.4068965517241379,0.052415210688591986,n4000_seed5
cifar10,geo_r,1,0.1,204,variance,0.36454849498327757,0.052415210688591986,n4000_seed5
cifar10,geo_r,1,0.1,204,rate,0.34210526315789475,0.052415210688591986,n4000_seed5
cifar10,geo_r,1,0.1,204,probe_weight,0.2,0.052415210688591986,n4000_seed5
cifar10,geo_r,1,0.2,409,magnitude,0.45293072824156305,0.11093029563330621,n4000_seed5
cifar10,geo_r,1,0.2,409,variance,0.43508771929824563,0.11093029563330621,n4000_seed5
cifar10,geo_r,1,0.2,409,rate,0.41767764298093585,0.11093029563330621,n4000_seed5
cifar10,geo_r,1,0.2,409,probe_weight,0.254601226993865,0.11093029563330621,n4000_seed5
cifar10,geo_r,1,0.5,1024,magnitude,0.6370903277378097,0.3333333333333333,n4000_seed5
cifar10,geo_r,1,0.5,1024,variance,0.6305732484076433,0.3333333333333333,n4000_seed5
cifar10,geo_r,1,0.5,1024,rate,0.6125984251968504,0.3333333333333333,n4000_seed5
cifar10,geo_r,1,0.5,1024,probe_weight,0.44734982332155476,0.3333333333333333,n4000_seed5
cifar10,geo_r,2,0.05,102,magnitude,0.2289156626506024,0.02553830746119179,n4000_seed5
cifar10,geo_r,2,0.05,102,variance,0.24390243902439024,0.02553830746119179,n4000_seed5
cifar10,geo_r,2,0.05,102,rate,0.1724137931034483,0.02553830746119179,n4000_seed5
cifar10,geo_r,2,0.05,102,probe_weight,0.14606741573033707,0.02553830746119179,n4000_seed5
cifar10,geo_r,2,0.1,204,magnitude,0.2670807453416149,0.052415210688591986,n4000_seed5
cifar10,geo_r,2,0.1,204,variance,0.27102803738317754,0.052415210688591986,n4000_seed5
cifar10,geo_r,2,0.1,204,rate,0.2215568862275449,0.052415210688591986,n4000_seed5
cifar10,geo_r,2,0.1,204,probe_weight,0.19298245614035087,0.052415210688591986,n4000_seed5
cifar10,geo_r,2,0.2,409,magnitude,0.28213166144200624,0.11093029563330621,n4000_seed5
cifar10,geo_r,2,0.2,409,variance,0.292259083728278,0.11093029563330621,n4000_seed5
cifar10,geo_r,2,0.2,409,rate,0.26040061633281975,0.11093029563330621,n4000_seed5
cifar10,geo_r,2,0.2,409,probe_weight,0.20648967551622419,0.11093029563330621,n4000_seed5
cifar10,geo_r,2,0.5,1024,magnitude,0.4291695743196092,0.3333333333333333,n4000_seed5
cifar10,geo_r,2,0.5,1024,variance,0.4281729428172943,0.3333333333333333,n4000_seed5
cifar10,geo_r,2,0.5,1024,rate,0.4222222222222222,0.3333333333333333,n4000_seed5
cifar10,geo_r,2,0.5,1024,probe_weight,0.3671562082777036,0.3333333333333333,n4000_seed5
cifar10,geo_r,3,0.05,102,magnitude,0.25925925925925924,0.02553830746119179,n4000_seed5
cifar10,geo_r,3,0.05,102,variance,0.24390243902439024,0.02553830746119179,n4000_seed5
cifar10,geo_r,3,0.05,102,rate,0.25153374233128833,0.02553830746119179,n4000_seed5
cifar10,geo_r,3,0.05,102,probe_weight,0.13966480446927373,0.02553830746119179,n4000_seed5
cifar10,geo_r,3,0.1,204,magnitude,0.38305084745762713,0.052415210688591986,n4000_seed5
cifar10,geo_r,3,0.1,204,variance,0.3554817275747508,0.052415210688591986,n4000_seed5
cifar10,geo_r,3,0.1,204,rate,0.34210526315789475,0.052415210688591986,n4000_seed5
cifar10,geo_r,3,0.1,204,probe_weight,0.19298245614035087,0.052415210688591986,n4000_seed5
cifar10,geo_r,3,0.2,409,magnitude,0.48188405797101447,0.11093029563330621,n4000_seed5
cifar10,geo_r,3,0.2,409,variance,0.44778761061946903,0.11093029563330621,n4000_seed5
cifar10,geo_r,3,0.2,409,rate,0.44778761061946903,0.11093029563330621,n4000_seed5
cifar10,geo_r,3,0.2,409,probe_weight,0.27613104524180965,0.11093029563330621,n4000_seed5
cifar10,geo_r,3,0.5,1024,magnitude,0.5103244837758112,0.3333333333333333,n4000_seed5
cifar10,geo_r,3,0.5,1024,variance,0.5092114959469418,0.3333333333333333,n4000_seed5
cifar10,geo_r,3,0.5,1024,rate,0.5047759000734754,0.3333333333333333,n4000_seed5
cifar10,geo_r,3,0.5,1024,probe_weight,0.4182825484764543,0.3333333333333333,n4000_seed5
cifar10,geo_r,4,0.05,102,magnitude,0.2215568862275449,0.02553830746119179,n4000_seed5
cifar10,geo_r,4,0.05,102,variance,0.20710059171597633,0.02553830746119179,n4000_seed5
cifar10,geo_r,4,0.05,102,rate,0.2215568862275449,0.02553830746119179,n4000_seed5
cifar10,geo_r,4,0.05,102,probe_weight,0.13333333333333333,0.02553830746119179,n4000_seed5
cifar10,geo_r,4,0.1,204,magnitude,0.24770642201834864,0.052415210688591986,n4000_seed5
cifar10,geo_r,4,0.1,204,variance,0.24012158054711247,0.052415210688591986,n4000_seed5
cifar10,geo_r,4,0.1,204,rate,0.20710059171597633,0.052415210688591986,n4000_seed5
cifar10,geo_r,4,0.1,204,probe_weight,0.1724137931034483,0.052415210688591986,n4000_seed5
cifar10,geo_r,4,0.2,409,magnitude,0.31511254019292606,0.11093029563330621,n4000_seed5
cifar10,geo_r,4,0.2,409,variance,0.31511254019292606,0.11093029563330621,n4000_seed5
cifar10,geo_r,4,0.2,409,rate,0.27613104524180965,0.11093029563330621,n4000_seed5
cifar10,geo_r,4,0.2,409,probe_weight,0.1924198250728863,0.11093029563330621,n4000_seed5
cifar10,geo_r,4,0.5,1024,magnitude,0.4008207934336525,0.3333333333333333,n4000_seed5
cifar10,geo_r,4,0.5,1024,variance,0.39319727891156464,0.3333333333333333,n4000_seed5
cifar10,geo_r,4,0.5,1024,rate,0.3969986357435198,0.3333333333333333,n4000_seed5
cifar10,geo_r,4,0.5,1024,probe_weight,0.36533333333333334,0.3333333333333333,n4000_seed5
cifar10,geo_r,5,0.05,102,magnitude,0.2289156626506024,0.02553830746119179,n4000_seed5
cifar10,geo_r,5,0.05,102,variance,0.2289156626506024,0.02553830746119179,n4000_seed5
cifar10,geo_r,5,0.05,102,rate,0.1657142857142857,0.02553830746119179,n4000_seed5
cifar10,geo_r,5,0.05,102,probe_weight,0.10869565217391304,0.02553830746119179,n4000_seed5
cifar10,geo_r,5,0.1,204,magnitude,0.2215568862275449,0.052415210688591986,n4000_seed5
cifar10,geo_r,5,0.1,204,variance,0.2215568862275449,0.052415210688591986,n4000_seed5
cifar10,geo_r,5,0.1,204,rate,0.1724137931034483,0.052415210688591986,n4000_seed5
cifar10,geo_r,5,0.1,204,probe_weight,0.13966480446927373,0.052415210688591986,n4000_seed5
cifar10,geo_r,5,0.2,409,magnitude,0.32148626817447495,0.11093029563330621,n4000_seed5
cifar10,geo_r,5,0.2,409,variance,0.32792207792207795,0.11093029563330621,n4000_seed5
cifar10,geo_r,5,0.2,409,rate,0.278125,0.11093029563330621,n4000_seed5
cifar10,geo_r,5,0.2,409,probe_weight,0.24316109422492402,0.11093029563330621,n4000_seed5
cifar10,geo_r,5,0.5,1024,magnitude,0.37541974479516454,0.3333333333333333,n4000_seed5
cifar10,geo_r,5,0.5,1024,variance,0.3772696704774714,0.3333333333333333,n4000_seed5
cifar10,geo_r,5,0.5,1024,rate,0.3735747820254863,0.3333333333333333,n4000_seed5
cifar10,geo_r,5,0.5,1024,probe_weight,0.391304347826087,0.3333333333333333,n4000_seed5
cifar10,geo_r,6,0.05,102,magnitude,0.11475409836065574,0.02553830746119179,n4000_seed5
cifar10,geo_r,6,0.05,102,variance,0.1590909090909091,0.02553830746119179,n4000_seed5
cifar10,geo_r,6,0.05,102,rate,0.07368421052631578,0.02553830746119179,n4000_seed5
cifar10,geo_r,6,0.05,102,probe_weight,0.10869565217391304,0.02553830746119179,n4000_seed5
cifar10,geo_r,6,0.1,204,magnitude,0.2289156626506024,0.052415210688591986,n4000_seed5
cifar10,geo_r,6,0.1,204,variance,0.2215568862275449,0.052415210688591986,n4000_seed5
cifar10,geo_r,6,0.1,204,rate,0.1826086956521739,0.052415210688591986,n4000_seed5
cifar10,geo_r,6,0.1,204,probe_weight,0.14929577464788732,0.052415210688591986,n4000_seed5
cifar10,geo_r,6,0.2,409,magnitude,0.27613104524180965,0.11093029563330621,n4000_seed5
cifar10,geo_r,6,0.2,409,variance,0.28414442700156983,0.11093029563330621,n4000_seed5
cifar10,geo_r,6,0.2,409,rate,0.2565284178187404,0.11093029563330621,n4000_seed5
cifar10,geo_r,6,0.2,409,probe_weight,0.21005917159763313,0.11093029563330621,n4000_seed5
cifar10,geo_r,6,0.5,1024,magnitude,0.4331700489853044,0.3333333333333333,n4000_seed5
cifar10,geo_r,6,0.5,1024,variance,0.4281729428172943,0.3333333333333333,n4000_seed5
cifar10,geo_r,6,0.5,1024,rate,0.4331700489853044,0.3333333333333333,n4000_seed5
cifar10,geo_r,6,0.5,1024,probe_weight,0.37912457912457914,0.3333333333333333,n4000_seed5
cifar10,geo_r,7,0.05,102,magnitude,0.3076923076923077,0.02553830746119179,n4000_seed5
cifar10,geo_r,7,0.05,102,variance,0.3246753246753247,0.02553830746119179,n4000_seed5
cifar10,geo_r,7,0.05,102,rate,0.24390243902439024,0.02553830746119179,n4000_seed5
cifar10,geo_r,7,0.05,102,probe_weight,0.1657142857142857,0.02553830746119179,n4000_seed5
cifar10,geo_r,7,0.1,204,magnitude,0.3161290322580645,0.052415210688591986,n4000_seed5
cifar10,geo_r,7,0.1,204,variance,0.3377049180327869,0.052415210688591986,n4000_seed5
cifar10,geo_r,7,0.1,204,rate,0.24770642201834864,0.052415210688591986,n4000_seed5
cifar10,geo_r,7,0.1,204,probe_weight,0.18604651162790697,0.052415210688591986,n4000_seed5
cifar10,geo_r,7,0.2,409,magnitude,0.40308747855917665,0.11093029563330621,n4000_seed5
cifar10,geo_r,7,0.2,409,variance,0.41767764298093585,0.11093029563330621,n4000_seed5
cifar10,geo_r,7,0.2,409,rate,0.3543046357615894,0.11093029563330621,n4000_seed5
cifar10,geo_r,7,0.2,409,probe_weight,0.26625386996904027,0.11093029563330621,n4000_seed5
cifar10,geo_r,7,0.5,1024,magnitude,0.48729121278140886,0.3333333333333333,n4000_seed5
cifar10,geo_r,7,0.5,1024,variance,0.4744420446364291,0.3333333333333333,n4000_seed5
cifar10,geo_r,7,0.5,1024,rate,0.4659985683607731,0.3333333333333333,n4000_seed5
cifar10,geo_r,7,0.5,1024,probe_weight,0.40852819807427787,0.3333333333333333,n4000_seed5
cifar10,geo_r,8,0.05,102,magnitude,0.25925925925925924,0.02553830746119179,n4000_seed5
cifar10,geo_r,8,0.05,102,variance,0.3161290322580645,0.02553830746119179,n4000_seed5
cifar10,geo_r,8,0.05,102,rate,0.19298245614035087,0.02553830746119179,n4000_seed5
cifar10,geo_r,8,0.05,102,probe_weight,0.18604651162790697,0.02553830746119179,n4000_seed5
cifar10,geo_r,8,0.1,204,magnitude,0.3161290322580645,0.052415210688591986,n4000_seed5
cifar10,geo_r,8,0.1,204,variance,0.3076923076923077,0.052415210688591986,n4000_seed5
cifar10,geo_r,8,0.1,204,rate,0.275,0.052415210688591986,n4000_seed5
cifar10,geo_r,8,0.1,204,probe_weight,0.16905444126074498,0.052415210688591986,n4000_seed5
cifar10,geo_r,8,0.2,409,magnitude,0.4103448275862069,0.11093029563330621,n4000_seed5
cifar10,geo_r,8,0.2,409,variance,0.4006849315068493,0.11093029563330621,n4000_seed5
cifar10,geo_r,8,0.2,409,rate,0.3543046357615894,0.11093029563330621,n4000_seed5
cifar10,geo_r,8,0.2,409,probe_weight,0.2701863354037267,0.11093029563330621,n4000_seed5
cifar10,geo_r,8,0.5,1024,magnitude,0.5753846153846154,0.3333333333333333,n4000_seed5
cifar10,geo_r,8,0.5,1024,variance,0.5802469135802469,0.3333333333333333,n4000_seed5
cifar10,geo_r,8,0.5,1024,rate,0.5562310030395137,0.3333333333333333,n4000_seed5
cifar10,geo_r,8,0.5,1024,probe_weight,0.4361851332398317,0.3333333333333333,n4000_seed5
cifar10,geo_r,9,0.05,102,magnitude,0.12087912087912088,0.02553830746119179,n4000_seed5
cifar10,geo_r,9,0.05,102,variance,0.13333333333333333,0.02553830746119179,n4000_seed5
cifar10,geo_r,9,0.05,102,rate,0.0851063829787234,0.02553830746119179,n4000_seed5
cifar10,geo_r,9,0.05,102,probe_weight,0.1270718232044199,0.02553830746119179,n4000_seed5
cifar10,geo_r,9,0.1,204,magnitude,0.2215568862275449,0.052415210688591986,n4000_seed5
cifar10,geo_r,9,0.1,204,variance,0.2326283987915408,0.052415210688591986,n4000_seed5
cifar10,geo_r,9,0.1,204,rate,0.19298245614035087,0.052415210688591986,n4000_seed5
cifar10,geo_r,9,0.1,204,probe_weight,0.1657142857142857,0.052415210688591986,n4000_seed5
cifar10,geo_r,9,0.2,409,magnitude,0.2701863354037267,0.11093029563330621,n4000_seed5
cifar10,geo_r,9,0.2,409,variance,0.27414330218068533,0.11093029563330621,n4000_seed5
cifar10,geo_r,9,0.2,409,rate,0.25846153846153846,0.11093029563330621,n4000_seed5
cifar10,geo_r,9,0.2,409,probe_weight,0.21185185185185185,0.11093029563330621,n4000_seed5
cifar10,geo_r,9,0.5,1024,magnitude,0.5272184936614467,0.3333333333333333,n4000_seed5
cifar10,geo_r,9,0.5,1024,variance,0.5170370370370371,0.3333333333333333,n4000_seed5
cifar10,geo_r,9,0.5,1024,rate,0.531787584143605,0.3333333333333333,n4000_seed5
cifar10,geo_r,9,0.5,1024,probe_weight,0.4291695743196092,0.3333333333333333,n4000_seed5
cifar10,geo_pca,0,0.05,102,magnitude,0.25925925925925924,0.02553830746119179,n4000_seed5
cifar10,geo_pca,0,0.05,102,variance,0.3161290322580645,0.02553830746119179,n4000_seed5
cifar10,geo_pca,0,0.05,102,rate,0.2,0.02553830746119179,n4000_seed5
cifar10,geo_pca,0,0.05,102,probe_weight,0.1724137931034483,0.02553830746119179,n4000_seed5
cifar10,geo_pca,0,0.1,204,magnitude,0.24770642201834864,0.052415210688591986,n4000_seed5
cifar10,geo_pca,0,0.1,204,variance,0.23636363636363636,0.052415210688591986,n4000_seed5
cifar10,geo_pca,0,0.1,204,rate,0.20710059171597633,0.052415210688591986,n4000_seed5
cifar10,geo_pca,0,0.1,204,probe_weight,0.14606741573033707,0.052415210688591986,n4000_seed5
cifar10,geo_pca,0,0.2,409,magnitude,0.2984126984126984,0.11093029563330621,n4000_seed5
cifar10,geo_pca,0,0.2,409,variance,0.30670926517571884,0.11093029563330621,n4000_seed5
cifar10,geo_pca,0,0.2,409,rate,0.28012519561815336,0.11093029563330621,n4000_seed5
cifar10,geo_pca,0,0.2,409,probe_weight,0.24695121951219512,0.11093029563330621,n4000_seed5
cifar10,geo_pca,0,0.5,1024,magnitude,0.25259938837920487,0.3333333333333333,n4000_seed5
cifar10,geo_pca,0,0.5,1024,variance,0.26108374384236455,0.3333333333333333,n4000_seed5
cifar10,geo_pca,0,0.5,1024,rate,0.244228432563791,0.3333333333333333,n4000_seed5
cifar10,geo_pca,0,0.5,1024,probe_weight,0.2641975308641975,0.3333333333333333,n4000_seed5
cifar10,geo_pca,1,0.05,102,magnitude,0.20710059171597633,0.02553830746119179,n4000_seed5
cifar10,geo_pca,1,0.05,102,variance,0.25925925925925924,0.02553830746119179,n4000_seed5
cifar10,geo_pca,1,0.05,102,rate,0.14606741573033707,0.02553830746119179,n4000_seed5
cifar10,geo_pca,1,0.05,102,probe_weight,0.1791907514450867,0.02553830746119179,n4000_seed5
cifar10,geo_pca,1,0.1,204,magnitude,0.1623931623931624,0.052415210688591986,n4000_seed5
cifar10,geo_pca,1,0.1,204,variance,0.18950437317784258,0.052415210688591986,n4000_seed5
cifar10,geo_pca,1,0.1,204,rate,0.0938337801608579,0.052415210688591986,n4000_seed5
cifar10,geo_pca,1,0.1,204,probe_weight,0.13019390581717452,0.052415210688591986,n4000_seed5
cifar10,geo_pca,1,0.2,409,magnitude,0.3864406779661017,0.11093029563330621,n4000_seed5
cifar10,geo_pca,1,0.2,409,variance,0.34983498349834985,0.11093029563330621,n4000_seed5
cifar10,geo_pca,1,0.2,409,rate,0.40308747855917665,0.11093029563330621,n4000_seed5
cifar10,geo_pca,1,0.2,409,probe_weight,0.2642967542503864,0.11093029563330621,n4000_seed5
cifar10,geo_pca,1,0.5,1024,magnitude,0.26732673267326734,0.3333333333333333,n4000_seed5
cifar10,geo_pca,1,0.5,1024,variance,0.28080050031269543,0.3333333333333333,n4000_seed5
cifar10,geo_pca,1,0.5,1024,rate,0.2541334966319657,0.3333333333333333,n4000_seed5
cifar10,geo_pca,1,0.5,1024,probe_weight,0.30862619808306707,0.3333333333333333,n4000_seed5
cifar10,geo_pca,2,0.05,102,magnitude,0.3333333333333333,0.02553830746119179,n4000_seed5
cifar10,geo_pca,2,0.05,102,variance,0.2830188679245283,0.02553830746119179,n4000_seed5
cifar10,geo_pca,2,0.05,102,rate,0.21428571428571427,0.02553830746119179,n4000_seed5
cifar10,geo_pca,2,0.05,102,probe_weight,0.15254237288135594,0.02553830746119179,n4000_seed5
cifar10,geo_pca,2,0.1,204,magnitude,0.3691275167785235,0.052415210688591986,n4000_seed5
cifar10,geo_pca,2,0.1,204,variance,0.3377049180327869,0.052415210688591986,n4000_seed5
cifar10,geo_pca,2,0.1,204,rate,0.36454849498327757,0.052415210688591986,n4000_seed5
cifar10,geo_pca,2,0.1,204,probe_weight,0.21428571428571427,0.052415210688591986,n4000_seed5
cifar10,geo_pca,2,0.2,409,magnitude,0.437609841827768,0.11093029563330621,n4000_seed5
cifar10,geo_pca,2,0.2,409,variance,0.41522491349480967,0.11093029563330621,n4000_seed5
cifar10,geo_pca,2,0.2,409,rate,0.3724832214765101,0.11093029563330621,n4000_seed5
cifar10,geo_pca,2,0.2,409,probe_weight,0.278125,0.11093029563330621,n4000_seed5
cifar10,geo_pca,2,0.5,1024,magnitude,0.35003295978905735,0.3333333333333333,n4000_seed5
cifar10,geo_pca,2,0.5,1024,variance,0.34295081967213115,0.3333333333333333,n4000_seed5
cifar10,geo_pca,2,0.5,1024,rate,0.34295081967213115,0.3333333333333333,n4000_seed5
cifar10,geo_pca,2,0.5,1024,probe_weight,0.33420195439739414,0.3333333333333333,n4000_seed5
cifar10,geo_pca,3,0.05,102,magnitude,0.2289156626506024,0.02553830746119179,n4000_seed5
cifar10,geo_pca,3,0.05,102,variance,0.20710059171597633,0.02553830746119179,n4000_seed5
cifar10,geo_pca,3,0.05,102,rate,0.1791907514450867,0.02553830746119179,n4000_seed5
cifar10,geo_pca,3,0.05,102,probe_weight,0.15254237288135594,0.02553830746119179,n4000_seed5
cifar10,geo_pca,3,0.1,204,magnitude,0.36454849498327757,0.052415210688591986,n4000_seed5
cifar10,geo_pca,3,0.1,204,variance,0.2870662460567823,0.052415210688591986,n4000_seed5
cifar10,geo_pca,3,0.1,204,rate,0.36,0.052415210688591986,n4000_seed5
cifar10,geo_pca,3,0.1,204,probe_weight,0.15254237288135594,0.052415210688591986,n4000_seed5
cifar10,geo_pca,3,0.2,409,magnitude,0.38879456706281834,0.11093029563330621,n4000_seed5
cifar10,geo_pca,3,0.2,409,variance,0.35655058043117743,0.11093029563330621,n4000_seed5
cifar10,geo_pca,3,0.2,409,rate,0.37018425460636517,0.11093029563330621,n4000_seed5
cifar10,geo_pca,3,0.2,409,probe_weight,0.2682170542635659,0.11093029563330621,n4000_seed5
cifar10,geo_pca,3,0.5,1024,magnitude,0.5468277945619335,0.3333333333333333,n4000_seed5
cifar10,geo_pca,3,0.5,1024,variance,0.531787584143605,0.3333333333333333,n4000_seed5
cifar10,geo_pca,3,0.5,1024,rate,0.5375375375375375,0.3333333333333333,n4000_seed5
cifar10,geo_pca,3,0.5,1024,probe_weight,0.4301675977653631,0.3333333333333333,n4000_seed5
cifar10,geo_pca,4,0.05,102,magnitude,0.10869565217391304,0.02553830746119179,n4000_seed5
cifar10,geo_pca,4,0.05,102,variance,0.1590909090909091,0.02553830746119179,n4000_seed5
cifar10,geo_pca,4,0.05,102,rate,0.06806282722513089,0.02553830746119179,n4000_seed5
cifar10,geo_pca,4,0.05,102,probe_weight,0.15254237288135594,0.02553830746119179,n4000_seed5
cifar10,geo_pca,4,0.1,204,magnitude,0.24390243902439024,0.052415210688591986,n4000_seed5
cifar10,geo_pca,4,0.1,204,variance,0.2670807453416149,0.052415210688591986,n4000_seed5
cifar10,geo_pca,4,0.1,204,rate,0.18950437317784258,0.052415210688591986,n4000_seed5
cifar10,geo_pca,4,0.1,204,probe_weight,0.16905444126074498,0.052415210688591986,n4000_seed5
cifar10,geo_pca,4,0.2,409,magnitude,0.32792207792207795,0.11093029563330621,n4000_seed5
cifar10,geo_pca,4,0.2,409,variance,0.35655058043117743,0.11093029563330621,n4000_seed5
cifar10,geo_pca,4,0.2,409,rate,0.2642967542503864,0.11093029563330621,n4000_seed5
cifar10,geo_pca,4,0.2,409,probe_weight,0.254601226993865,0.11093029563330621,n4000_seed5
cifar10,geo_pca,4,0.5,1024,magnitude,0.38471940500338064,0.3333333333333333,n4000_seed5
cifar10,geo_pca,4,0.5,1024,variance,0.38191632928475033,0.3333333333333333,n4000_seed5
cifar10,geo_pca,4,0.5,1024,rate,0.3884745762711864,0.3333333333333333,n4000_seed5
cifar10,geo_pca,4,0.5,1024,probe_weight,0.36533333333333334,0.3333333333333333,n4000_seed5
cifar10,geo_pca,5,0.05,102,magnitude,0.3246753246753247,0.02553830746119179,n4000_seed5
cifar10,geo_pca,5,0.05,102,variance,0.34210526315789475,0.02553830746119179,n4000_seed5
cifar10,geo_pca,5,0.05,102,rate,0.21428571428571427,0.02553830746119179,n4000_seed5
cifar10,geo_pca,5,0.05,102,probe_weight,0.1791907514450867,0.02553830746119179,n4000_seed5
cifar10,geo_pca,5,0.1,204,magnitude,0.38305084745762713,0.052415210688591986,n4000_seed5
cifar10,geo_pca,5,0.1,204,variance,0.3377049180327869,0.052415210688591986,n4000_seed5
cifar10,geo_pca,5,0.1,204,rate,0.3783783783783784,0.052415210688591986,n4000_seed5
cifar10,geo_pca,5,0.1,204,probe_weight,0.1826086956521739,0.052415210688591986,n4000_seed5
cifar10,geo_pca,5,0.2,409,magnitude,0.36789297658862874,0.11093029563330621,n4000_seed5
cifar10,geo_pca,5,0.2,409,variance,0.35206611570247937,0.11093029563330621,n4000_seed5
cifar10,geo_pca,5,0.2,409,rate,0.3588039867109635,0.11093029563330621,n4000_seed5
cifar10,geo_pca,5,0.2,409,probe_weight,0.2682170542635659,0.11093029563330621,n4000_seed5
cifar10,geo_pca,5,0.5,1024,magnitude,0.5468277945619335,0.3333333333333333,n4000_seed5
cifar10,geo_pca,5,0.5,1024,variance,0.5340823970037453,0.3333333333333333,n4000_seed5
cifar10,geo_pca,5,0.5,1024,rate,0.5550493545937737,0.3333333333333333,n4000_seed5
cifar10,geo_pca,5,0.5,1024,probe_weight,0.4281729428172943,0.3333333333333333,n4000_seed5
cifar10,geo_pca,6,0.05,102,magnitude,0.05699481865284974,0.02553830746119179,n4000_seed5
cifar10,geo_pca,6,0.05,102,variance,0.0967741935483871,0.02553830746119179,n4000_seed5
cifar10,geo_pca,6,0.05,102,rate,0.046153846153846156,0.02553830746119179,n4000_seed5
cifar10,geo_pca,6,0.05,102,probe_weight,0.07936507936507936,0.02553830746119179,n4000_seed5
cifar10,geo_pca,6,0.1,204,magnitude,0.42657342657342656,0.052415210688591986,n4000_seed5
cifar10,geo_pca,6,0.1,204,variance,0.3554817275747508,0.052415210688591986,n4000_seed5
cifar10,geo_pca,6,0.1,204,rate,0.4020618556701031,0.052415210688591986,n4000_seed5
cifar10,geo_pca,6,0.1,204,probe_weight,0.21068249258160238,0.052415210688591986,n4000_seed5
cifar10,geo_pca,6,0.2,409,magnitude,0.3004769475357711,0.11093029563330621,n4000_seed5
cifar10,geo_pca,6,0.2,409,variance,0.29430379746835444,0.11093029563330621,n4000_seed5
cifar10,geo_pca,6,0.2,409,rate,0.27414330218068533,0.11093029563330621,n4000_seed5
cifar10,geo_pca,6,0.2,409,probe_weight,0.21185185185185185,0.11093029563330621,n4000_seed5
cifar10,geo_pca,6,0.5,1024,magnitude,0.28562460765850595,0.3333333333333333,n4000_seed5
cifar10,geo_pca,6,0.5,1024,variance,0.2921135646687697,0.3333333333333333,n4000_seed5
cifar10,geo_pca,6,0.5,1024,rate,0.2720496894409938,0.3333333333333333,n4000_seed5
cifar10,geo_pca,6,0.5,1024,probe_weight,0.30362826225334183,0.3333333333333333,n4000_seed5
cifar10,geo_pca,7,0.05,102,magnitude,0.275,0.02553830746119179,n4000_seed5
cifar10,geo_pca,7,0.05,102,variance,0.2911392405063291,0.02553830746119179,n4000_seed5
cifar10,geo_pca,7,0.05,102,rate,0.19298245614035087,0.02553830746119179,n4000_seed5
cifar10,geo_pca,7,0.05,102,probe_weight,0.1657142857142857,0.02553830746119179,n4000_seed5
cifar10,geo_pca,7,0.1,204,magnitude,0.24390243902439024,0.052415210688591986,n4000_seed5
cifar10,geo_pca,7,0.1,204,variance,0.29936305732484075,0.052415210688591986,n4000_seed5
cifar10,geo_pca,7,0.1,204,rate,0.1791907514450867,0.052415210688591986,n4000_seed5
cifar10,geo_pca,7,0.1,204,probe_weight,0.1791907514450867,0.052415210688591986,n4000_seed5
cifar10,geo_pca,7,0.2,409,magnitude,0.3172302737520129,0.11093029563330621,n4000_seed5
cifar10,geo_pca,7,0.2,409,variance,0.34318555008210183,0.11093029563330621,n4000_seed5
cifar10,geo_pca,7,0.2,409,rate,0.25846153846153846,0.11093029563330621,n4000_seed5
cifar10,geo_pca,7,0.2,409,probe_weight,0.2642967542503864,0.11093029563330621,n4000_seed5
cifar10,geo_pca,7,0.5,1024,magnitude,0.40852819807427787,0.3333333333333333,n4000_seed5
cifar10,geo_pca,7,0.5,1024,variance,0.41046831955922863,0.3333333333333333,n4000_seed5
cifar10,geo_pca,7,0.5,1024,rate,0.3989071038251366,0.3333333333333333,n4000_seed5
cifar10,geo_pca,7,0.5,1024,probe_weight,0.41338854382332646,0.3333333333333333,n4000_seed5
cifar10,geo_pca,8,0.05,102,magnitude,0.1791907514450867,0.02553830746119179,n4000_seed5
cifar10,geo_pca,8,0.05,102,variance,0.2215568862275449,0.02553830746119179,n4000_seed5
cifar10,geo_pca,8,0.05,102,rate,0.13333333333333333,0.02553830746119179,n4000_seed5
cifar10,geo_pca,8,0.05,102,probe_weight,0.1791907514450867,0.02553830746119179,n4000_seed5
cifar10,geo_pca,8,0.1,204,magnitude,0.1590909090909091,0.052415210688591986,n4000_seed5
cifar10,geo_pca,8,0.1,204,variance,0.1558073654390935,0.052415210688591986,n4000_seed5
cifar10,geo_pca,8,0.1,204,rate,0.13019390581717452,0.052415210688591986,n4000_seed5
cifar10,geo_pca,8,0.1,204,probe_weight,0.12087912087912088,0.052415210688591986,n4000_seed5
cifar10,geo_pca,8,0.2,409,magnitude,0.1855072463768116,0.11093029563330621,n4000_seed5
cifar10,geo_pca,8,0.2,409,variance,0.20827178729689808,0.11093029563330621,n4000_seed5
cifar10,geo_pca,8,0.2,409,rate,0.16358463726884778,0.11093029563330621,n4000_seed5
cifar10,geo_pca,8,0.2,409,probe_weight,0.195906432748538,0.11093029563330621,n4000_seed5
cifar10,geo_pca,8,0.5,1024,magnitude,0.2197736748064324,0.3333333333333333,n4000_seed5
cifar10,geo_pca,8,0.5,1024,variance,0.22708208508088676,0.3333333333333333,n4000_seed5
cifar10,geo_pca,8,0.5,1024,rate,0.22122838401908168,0.3333333333333333,n4000_seed5
cifar10,geo_pca,8,0.5,1024,probe_weight,0.27601246105919003,0.3333333333333333,n4000_seed5
cifar10,geo_pca,9,0.05,102,magnitude,0.19298245614035087,0.02553830746119179,n4000_seed5
cifar10,geo_pca,9,0.05,102,variance,0.21428571428571427,0.02553830746119179,n4000_seed5
cifar10,geo_pca,9,0.05,102,rate,0.1270718232044199,0.02553830746119179,n4000_seed5
cifar10,geo_pca,9,0.05,102,probe_weight,0.1590909090909091,0.02553830746119179,n4000_seed5
cifar10,geo_pca,9,0.1,204,magnitude,0.31189710610932475,0.052415210688591986,n4000_seed5
cifar10,geo_pca,9,0.1,204,variance,0.2870662460567823,0.052415210688591986,n4000_seed5
cifar10,geo_pca,9,0.1,204,rate,0.2830188679245283,0.052415210688591986,n4000_seed5
cifar10,geo_pca,9,0.1,204,probe_weight,0.2,0.052415210688591986,n4000_seed5
cifar10,geo_pca,9,0.2,409,magnitude,0.34983498349834985,0.11093029563330621,n4000_seed5
cifar10,geo_pca,9,0.2,409,variance,0.37018425460636517,0.11093029563330621,n4000_seed5
cifar10,geo_pca,9,0.2,409,rate,0.29430379746835444,0.11093029563330621,n4000_seed5
cifar10,geo_pca,9,0.2,409,probe_weight,0.24885496183206107,0.11093029563330621,n4000_seed5
cifar10,geo_pca,9,0.5,1024,magnitude,0.41730103806228375,0.3333333333333333,n4000_seed5
cifar10,geo_pca,9,0.5,1024,variance,0.4182825484764543,0.3333333333333333,n4000_seed5
cifar10,geo_pca,9,0.5,1024,rate,0.41730103806228375,0.3333333333333333,n4000_seed5
cifar10,geo_pca,9,0.5,1024,probe_weight,0.35181518151815183,0.3333333333333333,n4000_seed5
cifar10,geo_m,0,0.05,102,magnitude,0.29936305732484075,0.02553830746119179,n4000_seed6
cifar10,geo_m,0,0.05,102,variance,0.5572519083969466,0.02553830746119179,n4000_seed6
cifar10,geo_m,0,0.05,102,rate,0.15254237288135594,0.02553830746119179,n4000_seed6
cifar10,geo_m,0,0.05,102,probe_weight,0.29936305732484075,0.02553830746119179,n4000_seed6
cifar10,geo_m,0,0.1,204,magnitude,0.4166666666666667,0.052415210688591986,n4000_seed6
cifar10,geo_m,0,0.1,204,variance,0.5875486381322957,0.052415210688591986,n4000_seed6
cifar10,geo_m,0,0.1,204,rate,0.2326283987915408,0.052415210688591986,n4000_seed6
cifar10,geo_m,0,0.1,204,probe_weight,0.3289902280130293,0.052415210688591986,n4000_seed6
cifar10,geo_m,0,0.2,409,magnitude,0.4103448275862069,0.11093029563330621,n4000_seed6
cifar10,geo_m,0,0.2,409,variance,0.5261194029850746,0.11093029563330621,n4000_seed6
cifar10,geo_m,0,0.2,409,rate,0.23751891074130105,0.11093029563330621,n4000_seed6
cifar10,geo_m,0,0.2,409,probe_weight,0.3193548387096774,0.11093029563330621,n4000_seed6
cifar10,geo_m,0,0.5,1024,magnitude,0.7210084033613445,0.3333333333333333,n4000_seed6
cifar10,geo_m,0,0.5,1024,variance,0.8028169014084507,0.3333333333333333,n4000_seed6
cifar10,geo_m,0,0.5,1024,rate,0.6050156739811913,0.3333333333333333,n4000_seed6
cifar10,geo_m,0,0.5,1024,probe_weight,0.48083875632682577,0.3333333333333333,n4000_seed6
cifar10,geo_m,1,0.05,102,magnitude,0.2911392405063291,0.02553830746119179,n4000_seed6
cifar10,geo_m,1,0.05,102,variance,0.5338345864661654,0.02553830746119179,n4000_seed6
cifar10,geo_m,1,0.05,102,rate,0.1270718232044199,0.02553830746119179,n4000_seed6
cifar10,geo_m,1,0.05,102,probe_weight,0.3076923076923077,0.02553830746119179,n4000_seed6
cifar10,geo_m,1,0.1,204,magnitude,0.3877551020408163,0.052415210688591986,n4000_seed6
cifar10,geo_m,1,0.1,204,variance,0.5280898876404494,0.052415210688591986,n4000_seed6
cifar10,geo_m,1,0.1,204,rate,0.2215568862275449,0.052415210688591986,n4000_seed6
cifar10,geo_m,1,0.1,204,probe_weight,0.31189710610932475,0.052415210688591986,n4000_seed6
cifar10,geo_m,1,0.2,409,magnitude,0.6134122287968442,0.11093029563330621,n4000_seed6
cifar10,geo_m,1,0.2,409,variance,0.7821350762527233,0.11093029563330621,n4000_seed6
cifar10,geo_m,1,0.2,409,rate,0.38175675675675674,0.11093029563330621,n4000_seed6
cifar10,geo_m,1,0.2,409,probe_weight,0.37018425460636517,0.11093029563330621,n4000_seed6
cifar10,geo_m,1,0.5,1024,magnitude,0.7519247219846023,0.3333333333333333,n4000_seed6
cifar10,geo_m,1,0.5,1024,variance,0.8367713004484305,0.3333333333333333,n4000_seed6
cifar10,geo_m,1,0.5,1024,rate,0.6357827476038339,0.3333333333333333,n4000_seed6
cifar10,geo_m,1,0.5,1024,probe_weight,0.4851341551849166,0.3333333333333333,n4000_seed6
cifar10,geo_m,2,0.05,102,magnitude,0.44680851063829785,0.02553830746119179,n4000_seed6
cifar10,geo_m,2,0.05,102,variance,0.7288135593220338,0.02553830746119179,n4000_seed6
cifar10,geo_m,2,0.05,102,rate,0.2,0.02553830746119179,n4000_seed6
cifar10,geo_m,2,0.05,102,probe_weight,0.29936305732484075,0.02553830746119179,n4000_seed6
cifar10,geo_m,2,0.1,204,magnitude,0.516728624535316,0.052415210688591986,n4000_seed6
cifar10,geo_m,2,0.1,204,variance,0.7142857142857143,0.052415210688591986,n4000_seed6
cifar10,geo_m,2,0.1,204,rate,0.2830188679245283,0.052415210688591986,n4000_seed6
cifar10,geo_m,2,0.1,204,probe_weight,0.31189710610932475,0.052415210688591986,n4000_seed6
cifar10,geo_m,2,0.2,409,magnitude,0.4954296160877514,0.11093029563330621,n4000_seed6
cifar10,geo_m,2,0.2,409,variance,0.636,0.11093029563330621,n4000_seed6
cifar10,geo_m,2,0.2,409,rate,0.30254777070063693,0.11093029563330621,n4000_seed6
cifar10,geo_m,2,0.2,409,probe_weight,0.34318555008210183,0.11093029563330621,n4000_seed6
cifar10,geo_m,2,0.5,1024,magnitude,0.695364238410596,0.3333333333333333,n4000_seed6
cifar10,geo_m,2,0.5,1024,variance,0.7746967071057193,0.3333333333333333,n4000_seed6
cifar10,geo_m,2,0.5,1024,rate,0.5839133797370456,0.3333333333333333,n4000_seed6
cifar10,geo_m,2,0.5,1024,probe_weight,0.4755043227665706,0.3333333333333333,n4000_seed6
cifar10,geo_m,3,0.05,102,magnitude,0.18604651162790697,0.02553830746119179,n4000_seed6
cifar10,geo_m,3,0.05,102,variance,0.36,0.02553830746119179,n4000_seed6
cifar10,geo_m,3,0.05,102,rate,0.030303030303030304,0.02553830746119179,n4000_seed6
cifar10,geo_m,3,0.05,102,probe_weight,0.24390243902439024,0.02553830746119179,n4000_seed6
cifar10,geo_m,3,0.1,204,magnitude,0.4945054945054945,0.052415210688591986,n4000_seed6
cifar10,geo_m,3,0.1,204,variance,0.7,0.052415210688591986,n4000_seed6
cifar10,geo_m,3,0.1,204,rate,0.25153374233128833,0.052415210688591986,n4000_seed6
cifar10,geo_m,3,0.1,204,probe_weight,0.31189710610932475,0.052415210688591986,n4000_seed6
cifar10,geo_m,3,0.2,409,magnitude,0.6659877800407332,0.11093029563330621,n4000_seed6
cifar10,geo_m,3,0.2,409,variance,0.8340807174887892,0.11093029563330621,n4000_seed6
cifar10,geo_m,3,0.2,409,rate,0.41767764298093585,0.11093029563330621,n4000_seed6
cifar10,geo_m,3,0.2,409,probe_weight,0.3771043771043771,0.11093029563330621,n4000_seed6
cifar10,geo_m,3,0.5,1024,magnitude,0.8737419945105215,0.3333333333333333,n4000_seed6
cifar10,geo_m,3,0.5,1024,variance,0.9486203615604186,0.3333333333333333,n4000_seed6
cifar10,geo_m,3,0.5,1024,rate,0.7444633730834753,0.3333333333333333,n4000_seed6
cifar10,geo_m,3,0.5,1024,probe_weight,0.49271137026239065,0.3333333333333333,n4000_seed6
cifar10,geo_m,4,0.05,102,magnitude,0.07936507936507936,0.02553830746119179,n4000_seed6
cifar10,geo_m,4,0.05,102,variance,0.2289156626506024,0.02553830746119179,n4000_seed6
cifar10,geo_m,4,0.05,102,rate,0.0,0.02553830746119179,n4000_seed6
cifar10,geo_m,4,0.05,102,probe_weight,0.23636363636363636,0.02553830746119179,n4000_seed6
cifar10,geo_m,4,0.1,204,magnitude,0.48363636363636364,0.052415210688591986,n4000_seed6
cifar10,geo_m,4,0.1,204,variance,0.6721311475409836,0.052415210688591986,n4000_seed6
cifar10,geo_m,4,0.1,204,rate,0.25153374233128833,0.052415210688591986,n4000_seed6
cifar10,geo_m,4,0.1,204,probe_weight,0.3289902280130293,0.052415210688591986,n4000_seed6
cifar10,geo_m,4,0.2,409,magnitude,0.5009174311926605,0.11093029563330621,n4000_seed6
cifar10,geo_m,4,0.2,409,variance,0.6558704453441295,0.11093029563330621,n4000_seed6
cifar10,geo_m,4,0.2,409,rate,0.30670926517571884,0.11093029563330621,n4000_seed6
cifar10,geo_m,4,0.2,409,probe_weight,0.34098360655737703,0.11093029563330621,n4000_seed6
cifar10,geo_m,4,0.5,1024,magnitude,0.8754578754578755,0.3333333333333333,n4000_seed6
cifar10,geo_m,4,0.5,1024,variance,0.9393939393939394,0.3333333333333333,n4000_seed6
cifar10,geo_m,4,0.5,1024,rate,0.7549271636675235,0.3333333333333333,n4000_seed6
cifar10,geo_m,4,0.5,1024,probe_weight,0.4959824689554419,0.3333333333333333,n4000_seed6
cifar10,geo_m,5,0.05,102,magnitude,0.10869565217391304,0.02553830746119179,n4000_seed6
cifar10,geo_m,5,0.05,102,variance,0.275,0.02553830746119179,n4000_seed6
cifar10,geo_m,5,0.05,102,rate,0.009900990099009901,0.02553830746119179,n4000_seed6
cifar10,geo_m,5,0.05,102,probe_weight,0.2289156626506024,0.02553830746119179,n4000_seed6
cifar10,geo_m,5,0.1,204,magnitude,0.34210526315789475,0.052415210688591986,n4000_seed6
cifar10,geo_m,5,0.1,204,variance,0.4945054945054945,0.052415210688591986,n4000_seed6
cifar10,geo_m,5,0.1,204,rate,0.1724137931034483,0.052415210688591986,n4000_seed6
cifar10,geo_m,5,0.1,204,probe_weight,0.3289902280130293,0.052415210688591986,n4000_seed6
cifar10,geo_m,5,0.2,409,magnitude,0.642570281124498,0.11093029563330621,n4000_seed6
cifar10,geo_m,5,0.2,409,variance,0.7899343544857768,0.11093029563330621,n4000_seed6
cifar10,geo_m,5,0.2,409,rate,0.393526405451448,0.11093029563330621,n4000_seed6
cifar10,geo_m,5,0.2,409,probe_weight,0.36333333333333334,0.11093029563330621,n4000_seed6
cifar10,geo_m,5,0.5,1024,magnitude,0.7777777777777778,0.3333333333333333,n4000_seed6
cifar10,geo_m,5,0.5,1024,variance,0.8652094717668488,0.3333333333333333,n4000_seed6
cifar10,geo_m,5,0.5,1024,rate,0.6582995951417004,0.3333333333333333,n4000_seed6
cifar10,geo_m,5,0.5,1024,probe_weight,0.49053857350800584,0.3333333333333333,n4000_seed6
cifar10,geo_m,6,0.05,102,magnitude,0.1590909090909091,0.02553830746119179,n4000_seed6
cifar10,geo_m,6,0.05,102,variance,0.3509933774834437,0.02553830746119179,n4000_seed6
cifar10,geo_m,6,0.05,102,rate,0.04081632653061224,0.02553830746119179,n4000_seed6
cifar10,geo_m,6,0.05,102,probe_weight,0.24390243902439024,0.02553830746119179,n4000_seed6
cifar10,geo_m,6,0.1,204,magnitude,0.4416961130742049,0.052415210688591986,n4000_seed6
cifar10,geo_m,6,0.1,204,variance,0.6190476190476191,0.052415210688591986,n4000_seed6
cifar10,geo_m,6,0.1,204,rate,0.22522522522522523,0.052415210688591986,n4000_seed6
cifar10,geo_m,6,0.1,204,probe_weight,0.3246753246753247,0.052415210688591986,n4000_seed6
cifar10,geo_m,6,0.2,409,magnitude,0.6070726915520629,0.11093029563330621,n4000_seed6
cifar10,geo_m,6,0.2,409,variance,0.7705627705627706,0.11093029563330621,n4000_seed6
cifar10,geo_m,6,0.2,409,rate,0.3794266441821248,0.11093029563330621,n4000_seed6
cifar10,geo_m,6,0.2,409,probe_weight,0.37478991596638656,0.11093029563330621,n4000_seed6
cifar10,geo_m,6,0.5,1024,magnitude,0.6344772545889864,0.3333333333333333,n4000_seed6
cifar10,geo_m,6,0.5,1024,variance,0.7080900750625522,0.3333333333333333,n4000_seed6
cifar10,geo_m,6,0.5,1024,rate,0.5329341317365269,0.3333333333333333,n4000_seed6
cifar10,geo_m,6,0.5,1024,probe_weight,0.45351312987934705,0.3333333333333333,n4000_seed6
cifar10,geo_m,7,0.05,102,magnitude,0.23636363636363636,0.02553830746119179,n4000_seed6
cifar10,geo_m,7,0.05,102,variance,0.4676258992805755,0.02553830746119179,n4000_seed6
cifar10,geo_m,7,0.05,102,rate,0.10869565217391304,0.02553830746119179,n4000_seed6
cifar10,geo_m,7,0.05,102,probe_weight,0.2830188679245283,0.02553830746119179,n4000_seed6
cifar10,geo_m,7,0.1,204,magnitude,0.45714285714285713,0.052415210688591986,n4000_seed6
cifar10,geo_m,7,0.1,204,variance,0.6385542168674698,0.052415210688591986,n4000_seed6
cifar10,geo_m,7,0.1,204,rate,0.2326283987915408,0.052415210688591986,n4000_seed6
cifar10,geo_m,7,0.1,204,probe_weight,0.3076923076923077,0.052415210688591986,n4000_seed6
cifar10,geo_m,7,0.2,409,magnitude,0.7184873949579832,0.11093029563330621,n4000_seed6
cifar10,geo_m,7,0.2,409,variance,0.8761467889908257,0.11093029563330621,n4000_seed6
cifar10,geo_m,7,0.2,409,rate,0.47920433996383366,0.11093029563330621,n4000_seed6
cifar10,geo_m,7,0.2,409,probe_weight,0.3724832214765101,0.11093029563330621,n4000_seed6
cifar10,geo_m,7,0.5,1024,magnitude,0.8962962962962963,0.3333333333333333,n4000_seed6
cifar10,geo_m,7,0.5,1024,variance,0.8059964726631393,0.3333333333333333,n4000_seed6
cifar10,geo_m,7,0.5,1024,rate,0.9212007504690432,0.3333333333333333,n4000_seed6
cifar10,geo_m,7,0.5,1024,probe_weight,0.4992679355783309,0.3333333333333333,n4000_seed6
cifar10,geo_m,8,0.05,102,magnitude,0.0049261083743842365,0.02553830746119179,n4000_seed6
cifar10,geo_m,8,0.05,102,variance,0.1270718232044199,0.02553830746119179,n4000_seed6
cifar10,geo_m,8,0.05,102,rate,0.0,0.02553830746119179,n4000_seed6
cifar10,geo_m,8,0.05,102,probe_weight,0.1791907514450867,0.02553830746119179,n4000_seed6
cifar10,geo_m,8,0.1,204,magnitude,0.2631578947368421,0.052415210688591986,n4000_seed6
cifar10,geo_m,8,0.1,204,variance,0.3924914675767918,0.052415210688591986,n4000_seed6
cifar10,geo_m,8,0.1,204,rate,0.12396694214876033,0.052415210688591986,n4000_seed6
cifar10,geo_m,8,0.1,204,probe_weight,0.2870662460567823,0.052415210688591986,n4000_seed6
cifar10,geo_m,8,0.2,409,magnitude,0.6525252525252525,0.11093029563330621,n4000_seed6
cifar10,geo_m,8,0.2,409,variance,0.821826280623608,0.11093029563330621,n4000_seed6
cifar10,geo_m,8,0.2,409,rate,0.41278065630397237,0.11093029563330621,n4000_seed6
cifar10,geo_m,8,0.2,409,probe_weight,0.3794266441821248,0.11093029563330621,n4000_seed6
cifar10,geo_m,8,0.5,1024,magnitude,0.7224558452481077,0.3333333333333333,n4000_seed6
cifar10,geo_m,8,0.5,1024,variance,0.8044052863436123,0.3333333333333333,n4000_seed6
cifar10,geo_m,8,0.5,1024,rate,0.6113296616837136,0.3333333333333333,n4000_seed6
cifar10,geo_m,8,0.5,1024,probe_weight,0.47763347763347763,0.3333333333333333,n4000_seed6
cifar10,geo_m,9,0.05,102,magnitude,0.3076923076923077,0.02553830746119179,n4000_seed6
cifar10,geo_m,9,0.05,102,variance,0.5454545454545454,0.02553830746119179,n4000_seed6
cifar10,geo_m,9,0.05,102,rate,0.15254237288135594,0.02553830746119179,n4000_seed6
cifar10,geo_m,9,0.05,102,probe_weight,0.2911392405063291,0.02553830746119179,n4000_seed6
cifar10,geo_m,9,0.1,204,magnitude,0.4068965517241379,0.052415210688591986,n4000_seed6
cifar10,geo_m,9,0.1,204,variance,0.5752895752895753,0.052415210688591986,n4000_seed6
cifar10,geo_m,9,0.1,204,rate,0.20353982300884957,0.052415210688591986,n4000_seed6
cifar10,geo_m,9,0.1,204,probe_weight,0.3246753246753247,0.052415210688591986,n4000_seed6
cifar10,geo_m,9,0.2,409,magnitude,0.4954296160877514,0.11093029563330621,n4000_seed6
cifar10,geo_m,9,0.2,409,variance,0.623015873015873,0.11093029563330621,n4000_seed6
cifar10,geo_m,9,0.2,409,rate,0.29635499207606975,0.11093029563330621,n4000_seed6
cifar10,geo_m,9,0.2,409,probe_weight,0.33878887070376434,0.11093029563330621,n4000_seed6
cifar10,geo_m,9,0.5,1024,magnitude,0.9033457249070632,0.3333333333333333,n4000_seed6
cifar10,geo_m,9,0.5,1024,variance,0.9393939393939394,0.3333333333333333,n4000_seed6
cifar10,geo_m,9,0.5,1024,rate,0.7731601731601732,0.3333333333333333,n4000_seed6
cifar10,geo_m,9,0.5,1024,probe_weight,0.501466275659824,0.3333333333333333,n4000_seed6
cifar10,geo_r,0,0.05,102,magnitude,0.19298245614035087,0.02553830746119179,n4000_seed6
cifar10,geo_r,0,0.05,102,variance,0.19298245614035087,0.02553830746119179,n4000_seed6
cifar10,geo_r,0,0.05,102,rate,0.13966480446927373,0.02553830746119179,n4000_seed6
cifar10,geo_r,0,0.05,102,probe_weight,0.11475409836065574,0.02553830746119179,n4000_seed6
cifar10,geo_r,0,0.1,204,magnitude,0.36454849498327757,0.052415210688591986,n4000_seed6
cifar10,geo_r,0,0.1,204,variance,0.3076923076923077,0.052415210688591986,n4000_seed6
cifar10,geo_r,0,0.1,204,rate,0.3333333333333333,0.052415210688591986,n4000_seed6
cifar10,geo_r,0,0.1,204,probe_weight,0.13966480446927373,0.052415210688591986,n4000_seed6
cifar10,geo_r,0,0.2,409,magnitude,0.4079173838209983,0.11093029563330621,n4000_seed6
cifar10,geo_r,0,0.2,409,variance,0.3771043771043771,0.11093029563330621,n4000_seed6
cifar10,geo_r,0,0.2,409,rate,0.4226086956521739,0.11093029563330621,n4000_seed6
cifar10,geo_r,0,0.2,409,probe_weight,0.2319277108433735,0.11093029563330621,n4000_seed6
cifar10,geo_r,0,0.5,1024,magnitude,0.5329341317365269,0.3333333333333333,n4000_seed6
cifar10,geo_r,0,0.5,1024,variance,0.5170370370370371,0.3333333333333333,n4000_seed6
cifar10,geo_r,0,0.5,1024,rate,0.5283582089552239,0.3333333333333333,n4000_seed6
cifar10,geo_r,0,0.5,1024,probe_weight,0.4008207934336525,0.3333333333333333,n4000_seed6
cifar10,geo_r,1,0.05,102,magnitude,0.20710059171597633,0.02553830746119179,n4000_seed6
cifar10,geo_r,1,0.05,102,variance,0.2289156626506024,0.02553830746119179,n4000_seed6
cifar10,geo_r,1,0.05,102,rate,0.1270718232044199,0.02553830746119179,n4000_seed6
cifar10,geo_r,1,0.05,102,probe_weight,0.1270718232044199,0.02553830746119179,n4000_seed6
cifar10,geo_r,1,0.1,204,magnitude,0.4117647058823529,0.052415210688591986,n4000_seed6
cifar10,geo_r,1,0.1,204,variance,0.38305084745762713,0.052415210688591986,n4000_seed6
cifar10,geo_r,1,0.1,204,rate,0.3465346534653465,0.052415210688591986,n4000_seed6
cifar10,geo_r,1,0.1,204,probe_weight,0.21068249258160238,0.052415210688591986,n4000_seed6
cifar10,geo_r,1,0.2,409,magnitude,0.450354609929078,0.11093029563330621,n4000_seed6
cifar10,geo_r,1,0.2,409,variance,0.43508771929824563,0.11093029563330621,n4000_seed6
cifar10,geo_r,1,0.2,409,rate,0.41278065630397237,0.11093029563330621,n4000_seed6
cifar10,geo_r,1,0.2,409,probe_weight,0.2682170542635659,0.11093029563330621,n4000_seed6
cifar10,geo_r,1,0.5,1024,magnitude,0.6397117694155324,0.3333333333333333,n4000_seed6
cifar10,geo_r,1,0.5,1024,variance,0.6279809220985691,0.3333333333333333,n4000_seed6
cifar10,geo_r,1,0.5,1024,rate,0.6062745098039216,0.3333333333333333,n4000_seed6
cifar10,geo_r,1,0.5,1024,probe_weight,0.4453069865913903,0.3333333333333333,n4000_seed6
cifar10,geo_r,2,0.05,102,magnitude,0.2289156626506024,0.02553830746119179,n4000_seed6
cifar10,geo_r,2,0.05,102,variance,0.24390243902439024,0.02553830746119179,n4000_seed6
cifar10,geo_r,2,0.05,102,rate,0.1657142857142857,0.02553830746119179,n4000_seed6
cifar10,geo_r,2,0.05,102,probe_weight,0.1270718232044199,0.02553830746119179,n4000_seed6
cifar10,geo_r,2,0.1,204,magnitude,0.275,0.052415210688591986,n4000_seed6
cifar10,geo_r,2,0.1,204,variance,0.27102803738317754,0.052415210688591986,n4000_seed6
cifar10,geo_r,2,0.1,204,rate,0.2289156626506024,0.052415210688591986,n4000_seed6
cifar10,geo_r,2,0.1,204,probe_weight,0.1558073654390935,0.052415210688591986,n4000_seed6
cifar10,geo_r,2,0.2,409,magnitude,0.2861635220125786,0.11093029563330621,n4000_seed6
cifar10,geo_r,2,0.2,409,variance,0.2902208201892745,0.11093029563330621,n4000_seed6
cifar10,geo_r,2,0.2,409,rate,0.25076452599388377,0.11093029563330621,n4000_seed6
cifar10,geo_r,2,0.2,409,probe_weight,0.21907600596125187,0.11093029563330621,n4000_seed6
cifar10,geo_r,2,0.5,1024,magnitude,0.4281729428172943,0.3333333333333333,n4000_seed6
cifar10,geo_r,2,0.5,1024,variance,0.42618384401114207,0.3333333333333333,n4000_seed6
cifar10,geo_r,2,0.5,1024,rate,0.42519137091162146,0.3333333333333333,n4000_seed6
cifar10,geo_r,2,0.5,1024,probe_weight,0.3689839572192513,0.3333333333333333,n4000_seed6
cifar10,geo_r,3,0.05,102,magnitude,0.2670807453416149,0.02553830746119179,n4000_seed6
cifar10,geo_r,3,0.05,102,variance,0.2215568862275449,0.02553830746119179,n4000_seed6
cifar10,geo_r,3,0.05,102,rate,0.25153374233128833,0.02553830746119179,n4000_seed6
cifar10,geo_r,3,0.05,102,probe_weight,0.13333333333333333,0.02553830746119179,n4000_seed6
cifar10,geo_r,3,0.1,204,magnitude,0.3972602739726027,0.052415210688591986,n4000_seed6
cifar10,geo_r,3,0.1,204,variance,0.36,0.052415210688591986,n4000_seed6
cifar10,geo_r,3,0.1,204,rate,0.34210526315789475,0.052415210688591986,n4000_seed6
cifar10,geo_r,3,0.1,204,probe_weight,0.17579250720461095,0.052415210688591986,n4000_seed6
cifar10,geo_r,3,0.2,409,magnitude,0.484573502722323,0.11093029563330621,n4000_seed6
cifar10,geo_r,3,0.2,409,variance,0.45811051693404636,0.11093029563330621,n4000_seed6
cifar10,geo_r,3,0.2,409,rate,0.4452296819787986,0.11093029563330621,n4000_seed6
cifar10,geo_r,3,0.2,409,probe_weight,0.3088,0.11093029563330621,n4000_seed6
cifar10,geo_r,3,0.5,1024,magnitude,0.506990434142752,0.3333333333333333,n4000_seed6
cifar10,geo_r,3,0.5,1024,variance,0.5092114959469418,0.3333333333333333,n4000_seed6
cifar10,geo_r,3,0.5,1024,rate,0.4992679355783309,0.3333333333333333,n4000_seed6
cifar10,geo_r,3,0.5,1024,probe_weight,0.39414567733151806,0.3333333333333333,n4000_seed6
cifar10,geo_r,4,0.05,102,magnitude,0.2289156626506024,0.02553830746119179,n4000_seed6
cifar10,geo_r,4,0.05,102,variance,0.21428571428571427,0.02553830746119179,n4000_seed6
cifar10,geo_r,4,0.05,102,rate,0.2215568862275449,0.02553830746119179,n4000_seed6
cifar10,geo_r,4,0.05,102,probe_weight,0.13966480446927373,0.02553830746119179,n4000_seed6
cifar10,geo_r,4,0.1,204,magnitude,0.24012158054711247,0.052415210688591986,n4000_seed6
cifar10,geo_r,4,0.1,204,variance,0.24012158054711247,0.052415210688591986,n4000_seed6
cifar10,geo_r,4,0.1,204,rate,0.21068249258160238,0.052415210688591986,n4000_seed6
cifar10,geo_r,4,0.1,204,probe_weight,0.19648093841642228,0.052415210688591986,n4000_seed6
cifar10,geo_r,4,0.2,409,magnitude,0.3088,0.11093029563330621,n4000_seed6
cifar10,geo_r,4,0.2,409,variance,0.3108974358974359,0.11093029563330621,n4000_seed6
cifar10,geo_r,4,0.2,409,rate,0.278125,0.11093029563330621,n4000_seed6
cifar10,geo_r,4,0.2,409,probe_weight,0.20294117647058824,0.11093029563330621,n4000_seed6
cifar10,geo_r,4,0.5,1024,magnitude,0.3989071038251366,0.3333333333333333,n4000_seed6
cifar10,geo_r,4,0.5,1024,variance,0.3960463531015678,0.3333333333333333,n4000_seed6
cifar10,geo_r,4,0.5,1024,rate,0.39319727891156464,0.3333333333333333,n4000_seed6
cifar10,geo_r,4,0.5,1024,probe_weight,0.3598937583001328,0.3333333333333333,n4000_seed6
cifar10,geo_r,5,0.05,102,magnitude,0.24390243902439024,0.02553830746119179,n4000_seed6
cifar10,geo_r,5,0.05,102,variance,0.23636363636363636,0.02553830746119179,n4000_seed6
cifar10,geo_r,5,0.05,102,rate,0.1657142857142857,0.02553830746119179,n4000_seed6
cifar10,geo_r,5,0.05,102,probe_weight,0.12087912087912088,0.02553830746119179,n4000_seed6
cifar10,geo_r,5,0.1,204,magnitude,0.2215568862275449,0.052415210688591986,n4000_seed6
cifar10,geo_r,5,0.1,204,variance,0.2326283987915408,0.052415210688591986,n4000_seed6
cifar10,geo_r,5,0.1,204,rate,0.17579250720461095,0.052415210688591986,n4000_seed6
cifar10,geo_r,5,0.1,204,probe_weight,0.14929577464788732,0.052415210688591986,n4000_seed6
cifar10,geo_r,5,0.2,409,magnitude,0.3193548387096774,0.11093029563330621,n4000_seed6
cifar10,geo_r,5,0.2,409,variance,0.3300813008130081,0.11093029563330621,n4000_seed6
cifar10,geo_r,5,0.2,409,rate,0.27613104524180965,0.11093029563330621,n4000_seed6
cifar10,geo_r,5,0.2,409,probe_weight,0.23939393939393938,0.11093029563330621,n4000_seed6
cifar10,geo_r,5,0.5,1024,magnitude,0.3735747820254863,0.3333333333333333,n4000_seed6
cifar10,geo_r,5,0.5,1024,variance,0.3772696704774714,0.3333333333333333,n4000_seed6
cifar10,geo_r,5,0.5,1024,rate,0.3708165997322624,0.3333333333333333,n4000_seed6
cifar10,geo_r,5,0.5,1024,probe_weight,0.36624416277518346,0.3333333333333333,n4000_seed6
cifar10,geo_r,6,0.05,102,magnitude,0.11475409836065574,0.02553830746119179,n4000_seed6
cifar10,geo_r,6,0.05,102,variance,0.1657142857142857,0.02553830746119179,n4000_seed6
cifar10,geo_r,6,0.05,102,rate,0.0851063829787234,0.02553830746119179,n4000_seed6
cifar10,geo_r,6,0.05,102,probe_weight,0.0967741935483871,0.02553830746119179,n4000_seed6
cifar10,geo_r,6,0.1,204,magnitude,0.22522522522522523,0.052415210688591986,n4000_seed6
cifar10,geo_r,6,0.1,204,variance,0.21428571428571427,0.052415210688591986,n4000_seed6
cifar10,geo_r,6,0.1,204,rate,0.1791907514450867,0.052415210688591986,n4000_seed6
cifar10,geo_r,6,0.1,204,probe_weight,0.1657142857142857,0.052415210688591986,n4000_seed6
cifar10,geo_r,6,0.2,409,magnitude,0.28012519561815336,0.11093029563330621,n4000_seed6
cifar10,geo_r,6,0.2,409,variance,0.278125,0.11093029563330621,n4000_seed6
cifar10,geo_r,6,0.2,409,rate,0.2642967542503864,0.11093029563330621,n4000_seed6
cifar10,geo_r,6,0.2,409,probe_weight,0.19765739385065886,0.11093029563330621,n4000_seed6
cifar10,geo_r,6,0.5,1024,magnitude,0.4341736694677871,0.3333333333333333,n4000_seed6
cifar10,geo_r,6,0.5,1024,variance,0.4291695743196092,0.3333333333333333,n4000_seed6
cifar10,geo_r,6,0.5,1024,rate,0.4361851332398317,0.3333333333333333,n4000_seed6
cifar10,geo_r,6,0.5,1024,probe_weight,0.36624416277518346,0.3333333333333333,n4000_seed6
cifar10,geo_r,7,0.05,102,magnitude,0.29936305732484075,0.02553830746119179,n4000_seed6
cifar10,geo_r,7,0.05,102,variance,0.3246753246753247,0.02553830746119179,n4000_seed6
cifar10,geo_r,7,0.05,102,rate,0.24390243902439024,0.02553830746119179,n4000_seed6
cifar10,geo_r,7,0.05,102,probe_weight,0.1724137931034483,0.02553830746119179,n4000_seed6
cifar10,geo_r,7,0.1,204,magnitude,0.3161290322580645,0.052415210688591986,n4000_seed6
cifar10,geo_r,7,0.1,204,variance,0.34210526315789475,0.052415210688591986,n4000_seed6
cifar10,geo_r,7,0.1,204,rate,0.2553846153846154,0.052415210688591986,n4000_seed6
cifar10,geo_r,7,0.1,204,probe_weight,0.21068249258160238,0.052415210688591986,n4000_seed6
cifar10,geo_r,7,0.2,409,magnitude,0.41767764298093585,0.11093029563330621,n4000_seed6
cifar10,geo_r,7,0.2,409,variance,0.4201388888888889,0.11093029563330621,n4000_seed6
cifar10,geo_r,7,0.2,409,rate,0.35655058043117743,0.11093029563330621,n4000_seed6
cifar10,geo_r,7,0.2,409,probe_weight,0.26040061633281975,0.11093029563330621,n4000_seed6
cifar10,geo_r,7,0.5,1024,magnitude,0.4851341551849166,0.3333333333333333,n4000_seed6
cifar10,geo_r,7,0.5,1024,variance,0.4829833454018827,0.3333333333333333,n4000_seed6
cifar10,geo_r,7,0.5,1024,rate,0.4659985683607731,0.3333333333333333,n4000_seed6
cifar10,geo_r,7,0.5,1024,probe_weight,0.4065934065934066,0.3333333333333333,n4000_seed6
cifar10,geo_r,8,0.05,102,magnitude,0.2670807453416149,0.02553830746119179,n4000_seed6
cifar10,geo_r,8,0.05,102,variance,0.3161290322580645,0.02553830746119179,n4000_seed6
cifar10,geo_r,8,0.05,102,rate,0.20710059171597633,0.02553830746119179,n4000_seed6
cifar10,geo_r,8,0.05,102,probe_weight,0.1791907514450867,0.02553830746119179,n4000_seed6
cifar10,geo_r,8,0.1,204,magnitude,0.3246753246753247,0.052415210688591986,n4000_seed6
cifar10,geo_r,8,0.1,204,variance,0.32038834951456313,0.052415210688591986,n4000_seed6
cifar10,geo_r,8,0.1,204,rate,0.27899686520376177,0.052415210688591986,n4000_seed6
cifar10,geo_r,8,0.1,204,probe_weight,0.1623931623931624,0.052415210688591986,n4000_seed6
cifar10,geo_r,8,0.2,409,magnitude,0.4054982817869416,0.11093029563330621,n4000_seed6
cifar10,geo_r,8,0.2,409,variance,0.38879456706281834,0.11093029563330621,n4000_seed6
cifar10,geo_r,8,0.2,409,rate,0.36789297658862874,0.11093029563330621,n4000_seed6
cifar10,geo_r,8,0.2,409,probe_weight,0.26040061633281975,0.11093029563330621,n4000_seed6
cifar10,geo_r,8,0.5,1024,magnitude,0.5778120184899846,0.3333333333333333,n4000_seed6
cifar10,geo_r,8,0.5,1024,variance,0.5851393188854489,0.3333333333333333,n4000_seed6
cifar10,geo_r,8,0.5,1024,rate,0.5562310030395137,0.3333333333333333,n4000_seed6
cifar10,geo_r,8,0.5,1024,probe_weight,0.44123856439127374,0.3333333333333333,n4000_seed6
cifar10,geo_r,9,0.05,102,magnitude,0.12087912087912088,0.02553830746119179,n4000_seed6
cifar10,geo_r,9,0.05,102,variance,0.1270718232044199,0.02553830746119179,n4000_seed6
cifar10,geo_r,9,0.05,102,rate,0.0851063829787234,0.02553830746119179,n4000_seed6
cifar10,geo_r,9,0.05,102,probe_weight,0.12087912087912088,0.02553830746119179,n4000_seed6
cifar10,geo_r,9,0.1,204,magnitude,0.2215568862275449,0.052415210688591986,n4000_seed6
cifar10,geo_r,9,0.1,204,variance,0.23636363636363636,0.052415210688591986,n4000_seed6
cifar10,geo_r,9,0.1,204,rate,0.1826086956521739,0.052415210688591986,n4000_seed6
cifar10,geo_r,9,0.1,204,probe_weight,0.20353982300884957,0.052415210688591986,n4000_seed6
cifar10,geo_r,9,0.2,409,magnitude,0.27613104524180965,0.11093029563330621,n4000_seed6
cifar10,geo_r,9,0.2,409,variance,0.28012519561815336,0.11093029563330621,n4000_seed6
cifar10,geo_r,9,0.2,409,rate,0.25076452599388377,0.11093029563330621,n4000_seed6
cifar10,geo_r,9,0.2,409,probe_weight,0.21726190476190477,0.11093029563330621,n4000_seed6
cifar10,geo_r,9,0.5,1024,magnitude,0.5249441548771407,0.3333333333333333,n4000_seed6
cifar10,geo_r,9,0.5,1024,variance,0.5114391143911439,0.3333333333333333,n4000_seed6
cifar10,geo_r,9,0.5,1024,rate,0.5306427503736921,0.3333333333333333,n4000_seed6
cifar10,geo_r,9,0.5,1024,probe_weight,0.3969986357435198,0.3333333333333333,n4000_seed6
cifar10,geo_pca,0,0.05,102,magnitude,0.275,0.02553830746119179,n4000_seed6
cifar10,geo_pca,0,0.05,102,variance,0.3076923076923077,0.02553830746119179,n4000_seed6
cifar10,geo_pca,0,0.05,102,rate,0.21428571428571427,0.02553830746119179,n4000_seed6
cifar10,geo_pca,0,0.05,102,probe_weight,0.1590909090909091,0.02553830746119179,n4000_seed6
cifar10,geo_pca,0,0.1,204,magnitude,0.2289156626506024,0.052415210688591986,n4000_seed6
cifar10,geo_pca,0,0.1,204,variance,0.22522522522522523,0.052415210688591986,n4000_seed6
cifar10,geo_pca,0,0.1,204,rate,0.21068249258160238,0.052415210688591986,n4000_seed6
cifar10,geo_pca,0,0.1,204,probe_weight,0.1623931623931624,0.052415210688591986,n4000_seed6
cifar10,geo_pca,0,0.2,409,magnitude,0.292259083728278,0.11093029563330621,n4000_seed6
cifar10,geo_pca,0,0.2,409,variance,0.30670926517571884,0.11093029563330621,n4000_seed6
cifar10,geo_pca,0,0.2,409,rate,0.28414442700156983,0.11093029563330621,n4000_seed6
cifar10,geo_pca,0,0.2,409,probe_weight,0.20294117647058824,0.11093029563330621,n4000_seed6
cifar10,geo_pca,0,0.5,1024,magnitude,0.25259938837920487,0.3333333333333333,n4000_seed6
cifar10,geo_pca,0,0.5,1024,variance,0.26108374384236455,0.3333333333333333,n4000_seed6
cifar10,geo_pca,0,0.5,1024,rate,0.2412121212121212,0.3333333333333333,n4000_seed6
cifar10,geo_pca,0,0.5,1024,probe_weight,0.2832080200501253,0.3333333333333333,n4000_seed6
cifar10,geo_pca,1,0.05,102,magnitude,0.2215568862275449,0.02553830746119179,n4000_seed6
cifar10,geo_pca,1,0.05,102,variance,0.2670807453416149,0.02553830746119179,n4000_seed6
cifar10,geo_pca,1,0.05,102,rate,0.1590909090909091,0.02553830746119179,n4000_seed6
cifar10,geo_pca,1,0.05,102,probe_weight,0.12087912087912088,0.02553830746119179,n4000_seed6
cifar10,geo_pca,1,0.1,204,magnitude,0.1558073654390935,0.052415210688591986,n4000_seed6
cifar10,geo_pca,1,0.1,204,variance,0.18950437317784258,0.052415210688591986,n4000_seed6
cifar10,geo_pca,1,0.1,204,rate,0.09090909090909091,0.052415210688591986,n4000_seed6
cifar10,geo_pca,1,0.1,204,probe_weight,0.1724137931034483,0.052415210688591986,n4000_seed6
cifar10,geo_pca,1,0.2,409,magnitude,0.38175675675675674,0.11093029563330621,n4000_seed6
cifar10,geo_pca,1,0.2,409,variance,0.34761120263591433,0.11093029563330621,n4000_seed6
cifar10,geo_pca,1,0.2,409,rate,0.4103448275862069,0.11093029563330621,n4000_seed6
cifar10,geo_pca,1,0.2,409,probe_weight,0.24316109422492402,0.11093029563330621,n4000_seed6
cifar10,geo_pca,1,0.5,1024,magnitude,0.2665429808286951,0.3333333333333333,n4000_seed6
cifar10,geo_pca,1,0.5,1024,variance,0.27680798004987534,0.3333333333333333,n4000_seed6
cifar10,geo_pca,1,0.5,1024,rate,0.2572130141190915,0.3333333333333333,n4000_seed6
cifar10,geo_pca,1,0.5,1024,probe_weight,0.30445859872611464,0.3333333333333333,n4000_seed6
cifar10,geo_pca,2,0.05,102,magnitude,0.3333333333333333,0.02553830746119179,n4000_seed6
cifar10,geo_pca,2,0.05,102,variance,0.2670807453416149,0.02553830746119179,n4000_seed6
cifar10,geo_pca,2,0.05,102,rate,0.20710059171597633,0.02553830746119179,n4000_seed6
cifar10,geo_pca,2,0.05,102,probe_weight,0.15254237288135594,0.02553830746119179,n4000_seed6
cifar10,geo_pca,2,0.1,204,magnitude,0.37373737373737376,0.052415210688591986,n4000_seed6
cifar10,geo_pca,2,0.1,204,variance,0.3465346534653465,0.052415210688591986,n4000_seed6
cifar10,geo_pca,2,0.1,204,rate,0.3554817275747508,0.052415210688591986,n4000_seed6
cifar10,geo_pca,2,0.1,204,probe_weight,0.24012158054711247,0.052415210688591986,n4000_seed6
cifar10,geo_pca,2,0.2,409,magnitude,0.4250871080139373,0.11093029563330621,n4000_seed6
cifar10,geo_pca,2,0.2,409,variance,0.4079173838209983,0.11093029563330621,n4000_seed6
cifar10,geo_pca,2,0.2,409,rate,0.36789297658862874,0.11093029563330621,n4000_seed6
cifar10,geo_pca,2,0.2,409,probe_weight,0.29635499207606975,0.11093029563330621,n4000_seed6
cifar10,geo_pca,2,0.5,1024,magnitude,0.3527080581241744,0.3333333333333333,n4000_seed6
cifar10,geo_pca,2,0.5,1024,variance,0.34648257725180803,0.3333333333333333,n4000_seed6
cifar10,geo_pca,2,0.5,1024,rate,0.34295081967213115,0.3333333333333333,n4000_seed6
cifar10,geo_pca,2,0.5,1024,probe_weight,0.3368146214099217,0.3333333333333333,n4000_seed6
cifar10,geo_pca,3,0.05,102,magnitude,0.2289156626506024,0.02553830746119179,n4000_seed6
cifar10,geo_pca,3,0.05,102,variance,0.2289156626506024,0.02553830746119179,n4000_seed6
cifar10,geo_pca,3,0.05,102,rate,0.1791907514450867,0.02553830746119179,n4000_seed6
cifar10,geo_pca,3,0.05,102,probe_weight,0.1657142857142857,0.02553830746119179,n4000_seed6
cifar10,geo_pca,3,0.1,204,magnitude,0.36,0.052415210688591986,n4000_seed6
cifar10,geo_pca,3,0.1,204,variance,0.3076923076923077,0.052415210688591986,n4000_seed6
cifar10,geo_pca,3,0.1,204,rate,0.36454849498327757,0.052415210688591986,n4000_seed6
cifar10,geo_pca,3,0.1,204,probe_weight,0.16905444126074498,0.052415210688591986,n4000_seed6
cifar10,geo_pca,3,0.2,409,magnitude,0.38879456706281834,0.11093029563330621,n4000_seed6
cifar10,geo_pca,3,0.2,409,variance,0.3610648918469218,0.11093029563330621,n4000_seed6
cifar10,geo_pca,3,0.2,409,rate,0.3794266441821248,0.11093029563330621,n4000_seed6
cifar10,geo_pca,3,0.2,409,probe_weight,0.24316109422492402,0.11093029563330621,n4000_seed6
cifar10,geo_pca,3,0.5,1024,magnitude,0.5526914329037149,0.3333333333333333,n4000_seed6
cifar10,geo_pca,3,0.5,1024,variance,0.5375375375375375,0.3333333333333333,n4000_seed6
cifar10,geo_pca,3,0.5,1024,rate,0.5386927122464312,0.3333333333333333,n4000_seed6
cifar10,geo_pca,3,0.5,1024,probe_weight,0.4341736694677871,0.3333333333333333,n4000_seed6
cifar10,geo_pca,4,0.05,102,magnitude,0.10869565217391304,0.02553830746119179,n4000_seed6
cifar10,geo_pca,4,0.05,102,variance,0.18604651162790697,0.02553830746119179,n4000_seed6
cifar10,geo_pca,4,0.05,102,rate,0.05699481865284974,0.02553830746119179,n4000_seed6
cifar10,geo_pca,4,0.05,102,probe_weight,0.18604651162790697,0.02553830746119179,n4000_seed6
cifar10,geo_pca,4,0.1,204,magnitude,0.24390243902439024,0.052415210688591986,n4000_seed6
cifar10,geo_pca,4,0.1,204,variance,0.2553846153846154,0.052415210688591986,n4000_seed6
cifar10,geo_pca,4,0.1,204,rate,0.1791907514450867,0.052415210688591986,n4000_seed6
cifar10,geo_pca,4,0.1,204,probe_weight,0.2215568862275449,0.052415210688591986,n4000_seed6
cifar10,geo_pca,4,0.2,409,magnitude,0.32148626817447495,0.11093029563330621,n4000_seed6
cifar10,geo_pca,4,0.2,409,variance,0.34983498349834985,0.11093029563330621,n4000_seed6
cifar10,geo_pca,4,0.2,409,rate,0.2623456790123457,0.11093029563330621,n4000_seed6
cifar10,geo_pca,4,0.2,409,probe_weight,0.254601226993865,0.11093029563330621,n4000_seed6
cifar10,geo_pca,4,0.5,1024,magnitude,0.38471940500338064,0.3333333333333333,n4000_seed6
cifar10,geo_pca,4,0.5,1024,variance,0.38471940500338064,0.3333333333333333,n4000_seed6
cifar10,geo_pca,4,0.5,1024,rate,0.38471940500338064,0.3333333333333333,n4000_seed6
cifar10,geo_pca,4,0.5,1024,probe_weight,0.36351531291611183,0.3333333333333333,n4000_seed6
cifar10,geo_pca,5,0.05,102,magnitude,0.3246753246753247,0.02553830746119179,n4000_seed6
cifar10,geo_pca,5,0.05,102,variance,0.3509933774834437,0.02553830746119179,n4000_seed6
cifar10,geo_pca,5,0.05,102,rate,0.20710059171597633,0.02553830746119179,n4000_seed6
cifar10,geo_pca,5,0.05,102,probe_weight,0.19298245614035087,0.02553830746119179,n4000_seed6
cifar10,geo_pca,5,0.1,204,magnitude,0.36454849498327757,0.052415210688591986,n4000_seed6
cifar10,geo_pca,5,0.1,204,variance,0.34210526315789475,0.052415210688591986,n4000_seed6
cifar10,geo_pca,5,0.1,204,rate,0.38305084745762713,0.052415210688591986,n4000_seed6
cifar10,geo_pca,5,0.1,204,probe_weight,0.19648093841642228,0.052415210688591986,n4000_seed6
cifar10,geo_pca,5,0.2,409,magnitude,0.36333333333333334,0.11093029563330621,n4000_seed6
cifar10,geo_pca,5,0.2,409,variance,0.3588039867109635,0.11093029563330621,n4000_seed6
cifar10,geo_pca,5,0.2,409,rate,0.36789297658862874,0.11093029563330621,n4000_seed6
cifar10,geo_pca,5,0.2,409,probe_weight,0.23378582202111614,0.11093029563330621,n4000_seed6
cifar10,geo_pca,5,0.5,1024,magnitude,0.5444947209653092,0.3333333333333333,n4000_seed6
cifar10,geo_pca,5,0.5,1024,variance,0.5329341317365269,0.3333333333333333,n4000_seed6
cifar10,geo_pca,5,0.5,1024,rate,0.5550493545937737,0.3333333333333333,n4000_seed6
cifar10,geo_pca,5,0.5,1024,probe_weight,0.4341736694677871,0.3333333333333333,n4000_seed6
cifar10,geo_pca,6,0.05,102,magnitude,0.046153846153846156,0.02553830746119179,n4000_seed6
cifar10,geo_pca,6,0.05,102,variance,0.0851063829787234,0.02553830746119179,n4000_seed6
cifar10,geo_pca,6,0.05,102,rate,0.04081632653061224,0.02553830746119179,n4000_seed6
cifar10,geo_pca,6,0.05,102,probe_weight,0.1270718232044199,0.02553830746119179,n4000_seed6
cifar10,geo_pca,6,0.1,204,magnitude,0.42160278745644597,0.052415210688591986,n4000_seed6
cifar10,geo_pca,6,0.1,204,variance,0.3783783783783784,0.052415210688591986,n4000_seed6
cifar10,geo_pca,6,0.1,204,rate,0.3924914675767918,0.052415210688591986,n4000_seed6
cifar10,geo_pca,6,0.1,204,probe_weight,0.23636363636363636,0.052415210688591986,n4000_seed6
cifar10,geo_pca,6,0.2,409,magnitude,0.31511254019292606,0.11093029563330621,n4000_seed6
cifar10,geo_pca,6,0.2,409,variance,0.30462519936204147,0.11093029563330621,n4000_seed6
cifar10,geo_pca,6,0.2,409,rate,0.27613104524180965,0.11093029563330621,n4000_seed6
cifar10,geo_pca,6,0.2,409,probe_weight,0.23564954682779457,0.11093029563330621,n4000_seed6
cifar10,geo_pca,6,0.5,1024,magnitude,0.28562460765850595,0.3333333333333333,n4000_seed6
cifar10,geo_pca,6,0.5,1024,variance,0.2904851921865154,0.3333333333333333,n4000_seed6
cifar10,geo_pca,6,0.5,1024,rate,0.26889714993804215,0.3333333333333333,n4000_seed6
cifar10,geo_pca,6,0.5,1024,probe_weight,0.3128205128205128,0.3333333333333333,n4000_seed6
cifar10,geo_pca,7,0.05,102,magnitude,0.2830188679245283,0.02553830746119179,n4000_seed6
cifar10,geo_pca,7,0.05,102,variance,0.2911392405063291,0.02553830746119179,n4000_seed6
cifar10,geo_pca,7,0.05,102,rate,0.18604651162790697,0.02553830746119179,n4000_seed6
cifar10,geo_pca,7,0.05,102,probe_weight,0.2,0.02553830746119179,n4000_seed6
cifar10,geo_pca,7,0.1,204,magnitude,0.24390243902439024,0.052415210688591986,n4000_seed6
cifar10,geo_pca,7,0.1,204,variance,0.27102803738317754,0.052415210688591986,n4000_seed6
cifar10,geo_pca,7,0.1,204,rate,0.17579250720461095,0.052415210688591986,n4000_seed6
cifar10,geo_pca,7,0.1,204,probe_weight,0.21791044776119403,0.052415210688591986,n4000_seed6
cifar10,geo_pca,7,0.2,409,magnitude,0.3108974358974359,0.11093029563330621,n4000_seed6
cifar10,geo_pca,7,0.2,409,variance,0.34098360655737703,0.11093029563330621,n4000_seed6
cifar10,geo_pca,7,0.2,409,rate,0.2565284178187404,0.11093029563330621,n4000_seed6
cifar10,geo_pca,7,0.2,409,probe_weight,0.2642967542503864,0.11093029563330621,n4000_seed6
cifar10,geo_pca,7,0.5,1024,magnitude,0.40273972602739727,0.3333333333333333,n4000_seed6
cifar10,geo_pca,7,0.5,1024,variance,0.4056280027453672,0.3333333333333333,n4000_seed6
cifar10,geo_pca,7,0.5,1024,rate,0.39319727891156464,0.3333333333333333,n4000_seed6
cifar10,geo_pca,7,0.5,1024,probe_weight,0.38005390835579517,0.3333333333333333,n4000_seed6
cifar10,geo_pca,8,0.05,102,magnitude,0.18604651162790697,0.02553830746119179,n4000_seed6
cifar10,geo_pca,8,0.05,102,variance,0.2215568862275449,0.02553830746119179,n4000_seed6
cifar10,geo_pca,8,0.05,102,rate,0.12087912087912088,0.02553830746119179,n4000_seed6
cifar10,geo_pca,8,0.05,102,probe_weight,0.1791907514450867,0.02553830746119179,n4000_seed6
cifar10,geo_pca,8,0.1,204,magnitude,0.15254237288135594,0.052415210688591986,n4000_seed6
cifar10,geo_pca,8,0.1,204,variance,0.1657142857142857,0.052415210688591986,n4000_seed6
cifar10,geo_pca,8,0.1,204,rate,0.13333333333333333,0.052415210688591986,n4000_seed6
cifar10,geo_pca,8,0.1,204,probe_weight,0.12396694214876033,0.052415210688591986,n4000_seed6
cifar10,geo_pca,8,0.2,409,magnitude,0.18722786647314948,0.11093029563330621,n4000_seed6
cifar10,geo_pca,8,0.2,409,variance,0.21005917159763313,0.11093029563330621,n4000_seed6
cifar10,geo_pca,8,0.2,409,rate,0.16690442225392296,0.11093029563330621,n4000_seed6
cifar10,geo_pca,8,0.2,409,probe_weight,0.21364985163204747,0.11093029563330621,n4000_seed6
cifar10,geo_pca,8,0.5,1024,magnitude,0.21687462863933452,0.3333333333333333,n4000_seed6
cifar10,geo_pca,8,0.5,1024,variance,0.2205005959475566,0.3333333333333333,n4000_seed6
cifar10,geo_pca,8,0.5,1024,rate,0.21904761904761905,0.3333333333333333,n4000_seed6
cifar10,geo_pca,8,0.5,1024,probe_weight,0.28080050031269543,0.3333333333333333,n4000_seed6
cifar10,geo_pca,9,0.05,102,magnitude,0.2,0.02553830746119179,n4000_seed6
cifar10,geo_pca,9,0.05,102,variance,0.21428571428571427,0.02553830746119179,n4000_seed6
cifar10,geo_pca,9,0.05,102,rate,0.1270718232044199,0.02553830746119179,n4000_seed6
cifar10,geo_pca,9,0.05,102,probe_weight,0.11475409836065574,0.02553830746119179,n4000_seed6
cifar10,geo_pca,9,0.1,204,magnitude,0.31189710610932475,0.052415210688591986,n4000_seed6
cifar10,geo_pca,9,0.1,204,variance,0.3035143769968051,0.052415210688591986,n4000_seed6
cifar10,geo_pca,9,0.1,204,rate,0.27899686520376177,0.052415210688591986,n4000_seed6
cifar10,geo_pca,9,0.1,204,probe_weight,0.19648093841642228,0.052415210688591986,n4000_seed6
cifar10,geo_pca,9,0.2,409,magnitude,0.35655058043117743,0.11093029563330621,n4000_seed6
cifar10,geo_pca,9,0.2,409,variance,0.36789297658862874,0.11093029563330621,n4000_seed6
cifar10,geo_pca,9,0.2,409,rate,0.2861635220125786,0.11093029563330621,n4000_seed6
cifar10,geo_pca,9,0.2,409,probe_weight,0.2682170542635659,0.11093029563330621,n4000_seed6
cifar10,geo_pca,9,0.5,1024,magnitude,0.4222222222222222,0.3333333333333333,n4000_seed6
cifar10,geo_pca,9,0.5,1024,variance,0.420249653259362,0.3333333333333333,n4000_seed6
cifar10,geo_pca,9,0.5,1024,rate,0.4114403859407305,0.3333333333333333,n4000_seed6
cifar10,geo_pca,9,0.5,1024,probe_weight,0.36624416277518346,0.3333333333333333,n4000_seed6
cifar10,geo_m,0,0.05,102,magnitude,0.29936305732484075,0.02553830746119179,n4000_seed7
cifar10,geo_m,0,0.05,102,variance,0.5223880597014925,0.02553830746119179,n4000_seed7
cifar10,geo_m,0,0.05,102,rate,0.1590909090909091,0.02553830746119179,n4000_seed7
cifar10,geo_m,0,0.05,102,probe_weight,0.3076923076923077,0.02553830746119179,n4000_seed7
cifar10,geo_m,0,0.1,204,magnitude,0.4166666666666667,0.052415210688591986,n4000_seed7
cifar10,geo_m,0,0.1,204,variance,0.59375,0.052415210688591986,n4000_seed7
cifar10,geo_m,0,0.1,204,rate,0.2326283987915408,0.052415210688591986,n4000_seed7
cifar10,geo_m,0,0.1,204,probe_weight,0.27102803738317754,0.052415210688591986,n4000_seed7
cifar10,geo_m,0,0.2,409,magnitude,0.4103448275862069,0.11093029563330621,n4000_seed7
cifar10,geo_m,0,0.2,409,variance,0.5318352059925093,0.11093029563330621,n4000_seed7
cifar10,geo_m,0,0.2,409,rate,0.23751891074130105,0.11093029563330621,n4000_seed7
cifar10,geo_m,0,0.2,409,probe_weight,0.30462519936204147,0.11093029563330621,n4000_seed7
cifar10,geo_m,0,0.5,1024,magnitude,0.7166806370494552,0.3333333333333333,n4000_seed7
cifar10,geo_m,0,0.5,1024,variance,0.7964912280701755,0.3333333333333333,n4000_seed7
cifar10,geo_m,0,0.5,1024,rate,0.6037588097102584,0.3333333333333333,n4000_seed7
cifar10,geo_m,0,0.5,1024,probe_weight,0.4894545454545455,0.3333333333333333,n4000_seed7
cifar10,geo_m,1,0.05,102,magnitude,0.2911392405063291,0.02553830746119179,n4000_seed7
cifar10,geo_m,1,0.05,102,variance,0.5111111111111111,0.02553830746119179,n4000_seed7
cifar10,geo_m,1,0.05,102,rate,0.13333333333333333,0.02553830746119179,n4000_seed7
cifar10,geo_m,1,0.05,102,probe_weight,0.3161290322580645,0.02553830746119179,n4000_seed7
cifar10,geo_m,1,0.1,204,magnitude,0.38305084745762713,0.052415210688591986,n4000_seed7
cifar10,geo_m,1,0.1,204,variance,0.5454545454545454,0.052415210688591986,n4000_seed7
cifar10,geo_m,1,0.1,204,rate,0.2215568862275449,0.052415210688591986,n4000_seed7
cifar10,geo_m,1,0.1,204,probe_weight,0.2631578947368421,0.052415210688591986,n4000_seed7
cifar10,geo_m,1,0.2,409,magnitude,0.610236220472441,0.11093029563330621,n4000_seed7
cifar10,geo_m,1,0.2,409,variance,0.7860262008733624,0.11093029563330621,n4000_seed7
cifar10,geo_m,1,0.2,409,rate,0.3840947546531303,0.11093029563330621,n4000_seed7
cifar10,geo_m,1,0.2,409,probe_weight,0.34761120263591433,0.11093029563330621,n4000_seed7
cifar10,geo_m,1,0.5,1024,magnitude,0.748932536293766,0.3333333333333333,n4000_seed7
cifar10,geo_m,1,0.5,1024,variance,0.8302055406613047,0.3333333333333333,n4000_seed7
cifar10,geo_m,1,0.5,1024,rate,0.6344772545889864,0.3333333333333333,n4000_seed7
cifar10,geo_m,1,0.5,1024,probe_weight,0.4992679355783309,0.3333333333333333,n4000_seed7
cifar10,geo_m,2,0.05,102,magnitude,0.43661971830985913,0.02553830746119179,n4000_seed7
cifar10,geo_m,2,0.05,102,variance,0.7288135593220338,0.02553830746119179,n4000_seed7
cifar10,geo_m,2,0.05,102,rate,0.20710059171597633,0.02553830746119179,n4000_seed7
cifar10,geo_m,2,0.05,102,probe_weight,0.3076923076923077,0.02553830746119179,n4000_seed7
cifar10,geo_m,2,0.1,204,magnitude,0.5111111111111111,0.052415210688591986,n4000_seed7
cifar10,geo_m,2,0.1,204,variance,0.7215189873417721,0.052415210688591986,n4000_seed7
cifar10,geo_m,2,0.1,204,rate,0.2830188679245283,0.052415210688591986,n4000_seed7
cifar10,geo_m,2,0.1,204,probe_weight,0.275,0.052415210688591986,n4000_seed7
cifar10,geo_m,2,0.2,409,magnitude,0.4954296160877514,0.11093029563330621,n4000_seed7
cifar10,geo_m,2,0.2,409,variance,0.636,0.11093029563330621,n4000_seed7
cifar10,geo_m,2,0.2,409,rate,0.30254777070063693,0.11093029563330621,n4000_seed7
cifar10,geo_m,2,0.2,409,probe_weight,0.3193548387096774,0.11093029563330621,n4000_seed7
cifar10,geo_m,2,0.5,1024,magnitude,0.6911643270024773,0.3333333333333333,n4000_seed7
cifar10,geo_m,2,0.5,1024,variance,0.77009507346586,0.3333333333333333,n4000_seed7
cifar10,geo_m,2,0.5,1024,rate,0.5826893353941267,0.3333333333333333,n4000_seed7
cifar10,geo_m,2,0.5,1024,probe_weight,0.5025678650036683,0.3333333333333333,n4000_seed7
cifar10,geo_m,3,0.05,102,magnitude,0.1724137931034483,0.02553830746119179,n4000_seed7
cifar10,geo_m,3,0.05,102,variance,0.3509933774834437,0.02553830746119179,n4000_seed7
cifar10,geo_m,3,0.05,102,rate,0.03553299492385787,0.02553830746119179,n4000_seed7
cifar10,geo_m,3,0.05,102,probe_weight,0.25153374233128833,0.02553830746119179,n4000_seed7
cifar10,geo_m,3,0.1,204,magnitude,0.48905109489051096,0.052415210688591986,n4000_seed7
cifar10,geo_m,3,0.1,204,variance,0.7071129707112971,0.052415210688591986,n4000_seed7
cifar10,geo_m,3,0.1,204,rate,0.25153374233128833,0.052415210688591986,n4000_seed7
cifar10,geo_m,3,0.1,204,probe_weight,0.2870662460567823,0.052415210688591986,n4000_seed7
cifar10,geo_m,3,0.2,409,magnitude,0.6659877800407332,0.11093029563330621,n4000_seed7
cifar10,geo_m,3,0.2,409,variance,0.8382022471910112,0.11093029563330621,n4000_seed7
cifar10,geo_m,3,0.2,409,rate,0.4201388888888889,0.11093029563330621,n4000_seed7
cifar10,geo_m,3,0.2,409,probe_weight,0.3610648918469218,0.11093029563330621,n4000_seed7
cifar10,geo_m,3,0.5,1024,magnitude,0.8686131386861314,0.3333333333333333,n4000_seed7
cifar10,geo_m,3,0.5,1024,variance,0.9449192782526116,0.3333333333333333,n4000_seed7
cifar10,geo_m,3,0.5,1024,rate,0.7444633730834753,0.3333333333333333,n4000_seed7
cifar10,geo_m,3,0.5,1024,probe_weight,0.49707602339181284,0.3333333333333333,n4000_seed7
cifar10,geo_m,4,0.05,102,magnitude,0.07368421052631578,0.02553830746119179,n4000_seed7
cifar10,geo_m,4,0.05,102,variance,0.21428571428571427,0.02553830746119179,n4000_seed7
cifar10,geo_m,4,0.05,102,rate,0.0,0.02553830746119179,n4000_seed7
cifar10,geo_m,4,0.05,102,probe_weight,0.20710059171597633,0.02553830746119179,n4000_seed7
cifar10,geo_m,4,0.1,204,magnitude,0.4782608695652174,0.052415210688591986,n4000_seed7
cifar10,geo_m,4,0.1,204,variance,0.6859504132231405,0.052415210688591986,n4000_seed7
cifar10,geo_m,4,0.1,204,rate,0.25153374233128833,0.052415210688591986,n4000_seed7
cifar10,geo_m,4,0.1,204,probe_weight,0.275,0.052415210688591986,n4000_seed7
cifar10,geo_m,4,0.2,409,magnitude,0.5009174311926605,0.11093029563330621,n4000_seed7
cifar10,geo_m,4,0.2,409,variance,0.6525252525252525,0.11093029563330621,n4000_seed7
cifar10,geo_m,4,0.2,409,rate,0.30670926517571884,0.11093029563330621,n4000_seed7
cifar10,geo_m,4,0.2,409,probe_weight,0.3300813008130081,0.11093029563330621,n4000_seed7
cifar10,geo_m,4,0.5,1024,magnitude,0.8806244260789715,0.3333333333333333,n4000_seed7
cifar10,geo_m,4,0.5,1024,variance,0.9375591296121097,0.3333333333333333,n4000_seed7
cifar10,geo_m,4,0.5,1024,rate,0.7549271636675235,0.3333333333333333,n4000_seed7
cifar10,geo_m,4,0.5,1024,probe_weight,0.4959824689554419,0.3333333333333333,n4000_seed7
cifar10,geo_m,5,0.05,102,magnitude,0.10270270270270271,0.02553830746119179,n4000_seed7
cifar10,geo_m,5,0.05,102,variance,0.25925925925925924,0.02553830746119179,n4000_seed7
cifar10,geo_m,5,0.05,102,rate,0.009900990099009901,0.02553830746119179,n4000_seed7
cifar10,geo_m,5,0.05,102,probe_weight,0.2289156626506024,0.02553830746119179,n4000_seed7
cifar10,geo_m,5,0.1,204,magnitude,0.3377049180327869,0.052415210688591986,n4000_seed7
cifar10,geo_m,5,0.1,204,variance,0.5055350553505535,0.052415210688591986,n4000_seed7
cifar10,geo_m,5,0.1,204,rate,0.1724137931034483,0.052415210688591986,n4000_seed7
cifar10,geo_m,5,0.1,204,probe_weight,0.2670807453416149,0.052415210688591986,n4000_seed7
cifar10,geo_m,5,0.2,409,magnitude,0.6392785571142284,0.11093029563330621,n4000_seed7
cifar10,geo_m,5,0.2,409,variance,0.7978021978021979,0.11093029563330621,n4000_seed7
cifar10,geo_m,5,0.2,409,rate,0.39590443686006827,0.11093029563330621,n4000_seed7
cifar10,geo_m,5,0.2,409,probe_weight,0.33878887070376434,0.11093029563330621,n4000_seed7
cifar10,geo_m,5,0.5,1024,magnitude,0.7762359063313097,0.3333333333333333,n4000_seed7
cifar10,geo_m,5,0.5,1024,variance,0.8618181818181818,0.3333333333333333,n4000_seed7
cifar10,geo_m,5,0.5,1024,rate,0.6582995951417004,0.3333333333333333,n4000_seed7
cifar10,geo_m,5,0.5,1024,probe_weight,0.5047759000734754,0.3333333333333333,n4000_seed7
cifar10,geo_m,6,0.05,102,magnitude,0.15254237288135594,0.02553830746119179,n4000_seed7
cifar10,geo_m,6,0.05,102,variance,0.3333333333333333,0.02553830746119179,n4000_seed7
cifar10,geo_m,6,0.05,102,rate,0.046153846153846156,0.02553830746119179,n4000_seed7
cifar10,geo_m,6,0.05,102,probe_weight,0.25153374233128833,0.02553830746119179,n4000_seed7
cifar10,geo_m,6,0.1,204,magnitude,0.43157894736842106,0.052415210688591986,n4000_seed7
cifar10,geo_m,6,0.1,204,variance,0.632,0.052415210688591986,n4000_seed7
cifar10,geo_m,6,0.1,204,rate,0.22522522522522523,0.052415210688591986,n4000_seed7
cifar10,geo_m,6,0.1,204,probe_weight,0.2830188679245283,0.052415210688591986,n4000_seed7
cifar10,geo_m,6,0.2,409,magnitude,0.59765625,0.11093029563330621,n4000_seed7
cifar10,geo_m,6,0.2,409,variance,0.7744034707158352,0.11093029563330621,n4000_seed7
cifar10,geo_m,6,0.2,409,rate,0.3794266441821248,0.11093029563330621,n4000_seed7
cifar10,geo_m,6,0.2,409,probe_weight,0.34761120263591433,0.11093029563330621,n4000_seed7
cifar10,geo_m,6,0.5,1024,magnitude,0.6331738437001595,0.3333333333333333,n4000_seed7
cifar10,geo_m,6,0.5,1024,variance,0.7080900750625522,0.3333333333333333,n4000_seed7
cifar10,geo_m,6,0.5,1024,rate,0.531787584143605,0.3333333333333333,n4000_seed7
cifar10,geo_m,6,0.5,1024,probe_weight,0.4797687861271676,0.3333333333333333,n4000_seed7
cifar10,geo_m,7,0.05,102,magnitude,0.2289156626506024,0.02553830746119179,n4000_seed7
cifar10,geo_m,7,0.05,102,variance,0.43661971830985913,0.02553830746119179,n4000_seed7
cifar10,geo_m,7,0.05,102,rate,0.11475409836065574,0.02553830746119179,n4000_seed7
cifar10,geo_m,7,0.05,102,probe_weight,0.275,0.02553830746119179,n4000_seed7
cifar10,geo_m,7,0.1,204,magnitude,0.45195729537366547,0.052415210688591986,n4000_seed7
cifar10,geo_m,7,0.1,204,variance,0.6585365853658537,0.052415210688591986,n4000_seed7
cifar10,geo_m,7,0.1,204,rate,0.2326283987915408,0.052415210688591986,n4000_seed7
cifar10,geo_m,7,0.1,204,probe_weight,0.2870662460567823,0.052415210688591986,n4000_seed7
cifar10,geo_m,7,0.2,409,magnitude,0.7221052631578947,0.11093029563330621,n4000_seed7
cifar10,geo_m,7,0.2,409,variance,0.8761467889908257,0.11093029563330621,n4000_seed7
cifar10,geo_m,7,0.2,409,rate,0.47653429602888087,0.11093029563330621,n4000_seed7
cifar10,geo_m,7,0.2,409,probe_weight,0.3771043771043771,0.11093029563330621,n4000_seed7
cifar10,geo_m,7,0.5,1024,magnitude,0.9015784586815228,0.3333333333333333,n4000_seed7
cifar10,geo_m,7,0.5,1024,variance,0.8107869142351901,0.3333333333333333,n4000_seed7
cifar10,geo_m,7,0.5,1024,rate,0.9194001874414246,0.3333333333333333,n4000_seed7
cifar10,geo_m,7,0.5,1024,probe_weight,0.4948905109489051,0.3333333333333333,n4000_seed7
cifar10,geo_m,8,0.05,102,magnitude,0.0049261083743842365,0.02553830746119179,n4000_seed7
cifar10,geo_m,8,0.05,102,variance,0.10270270270270271,0.02553830746119179,n4000_seed7
cifar10,geo_m,8,0.05,102,rate,0.0,0.02553830746119179,n4000_seed7
cifar10,geo_m,8,0.05,102,probe_weight,0.14606741573033707,0.02553830746119179,n4000_seed7
cifar10,geo_m,8,0.1,204,magnitude,0.2553846153846154,0.052415210688591986,n4000_seed7
cifar10,geo_m,8,0.1,204,variance,0.3972602739726027,0.052415210688591986,n4000_seed7
cifar10,geo_m,8,0.1,204,rate,0.12396694214876033,0.052415210688591986,n4000_seed7
cifar10,geo_m,8,0.1,204,probe_weight,0.25153374233128833,0.052415210688591986,n4000_seed7
cifar10,geo_m,8,0.2,409,magnitude,0.6491935483870968,0.11093029563330621,n4000_seed7
cifar10,geo_m,8,0.2,409,variance,0.8299776286353467,0.11093029563330621,n4000_seed7
cifar10,geo_m,8,0.2,409,rate,0.4103448275862069,0.11093029563330621,n4000_seed7
cifar10,geo_m,8,0.2,409,probe_weight,0.34318555008210183,0.11093029563330621,n4000_seed7
cifar10,geo_m,8,0.5,1024,magnitude,0.7195633921074727,0.3333333333333333,n4000_seed7
cifar10,geo_m,8,0.5,1024,variance,0.8028169014084507,0.3333333333333333,n4000_seed7
cifar10,geo_m,8,0.5,1024,rate,0.610062893081761,0.3333333333333333,n4000_seed7
cifar10,geo_m,8,0.5,1024,probe_weight,0.49707602339181284,0.3333333333333333,n4000_seed7
cifar10,geo_m,9,0.05,102,magnitude,0.29936305732484075,0.02553830746119179,n4000_seed7
cifar10,geo_m,9,0.05,102,variance,0.5223880597014925,0.02553830746119179,n4000_seed7
cifar10,geo_m,9,0.05,102,rate,0.1590909090909091,0.02553830746119179,n4000_seed7
cifar10,geo_m,9,0.05,102,probe_weight,0.29936305732484075,0.02553830746119179,n4000_seed7
cifar10,geo_m,9,0.1,204,magnitude,0.4020618556701031,0.052415210688591986,n4000_seed7
cifar10,geo_m,9,0.1,204,variance,0.5813953488372093,0.052415210688591986,n4000_seed7
cifar10,geo_m,9,0.1,204,rate,0.20353982300884957,0.052415210688591986,n4000_seed7
cifar10,geo_m,9,0.1,204,probe_weight,0.2830188679245283,0.052415210688591986,n4000_seed7
cifar10,geo_m,9,0.2,409,magnitude,0.4927007299270073,0.11093029563330621,n4000_seed7
cifar10,geo_m,9,0.2,409,variance,0.623015873015873,0.11093029563330621,n4000_seed7
cifar10,geo_m,9,0.2,409,rate,0.29635499207606975,0.11093029563330621,n4000_seed7
cifar10,geo_m,9,0.2,409,probe_weight,0.3172302737520129,0.11093029563330621,n4000_seed7
cifar10,geo_m,9,0.5,1024,magnitude,0.8998144712430427,0.3333333333333333,n4000_seed7
cifar10,geo_m,9,0.5,1024,variance,0.9302544769085768,0.3333333333333333,n4000_seed7
cifar10,geo_m,9,0.5,1024,rate,0.7731601731601732,0.3333333333333333,n4000_seed7
cifar10,geo_m,9,0.5,1024,probe_weight,0.501466275659824,0.3333333333333333,n4000_seed7
cifar10,geo_r,0,0.05,102,magnitude,0.19298245614035087,0.02553830746119179,n4000_seed7
cifar10,geo_r,0,0.05,102,variance,0.1791907514450867,0.02553830746119179,n4000_seed7
cifar10,geo_r,0,0.05,102,rate,0.15254237288135594,0.02553830746119179,n4000_seed7
cifar10,geo_r,0,0.05,102,probe_weight,0.10869565217391304,0.02553830746119179,n4000_seed7
cifar10,geo_r,0,0.1,204,magnitude,0.36454849498327757,0.052415210688591986,n4000_seed7
cifar10,geo_r,0,0.1,204,variance,0.3161290322580645,0.052415210688591986,n4000_seed7
cifar10,geo_r,0,0.1,204,rate,0.3377049180327869,0.052415210688591986,n4000_seed7
cifar10,geo_r,0,0.1,204,probe_weight,0.1724137931034483,0.052415210688591986,n4000_seed7
cifar10,geo_r,0,0.2,409,magnitude,0.41278065630397237,0.11093029563330621,n4000_seed7
cifar10,geo_r,0,0.2,409,variance,0.3794266441821248,0.11093029563330621,n4000_seed7
cifar10,geo_r,0,0.2,409,rate,0.43508771929824563,0.11093029563330621,n4000_seed7
cifar10,geo_r,0,0.2,409,probe_weight,0.24885496183206107,0.11093029563330621,n4000_seed7
cifar10,geo_r,0,0.5,1024,magnitude,0.5249441548771407,0.3333333333333333,n4000_seed7
cifar10,geo_r,0,0.5,1024,variance,0.5092114959469418,0.3333333333333333,n4000_seed7
cifar10,geo_r,0,0.5,1024,rate,0.5294996265870052,0.3333333333333333,n4000_seed7
cifar10,geo_r,0,0.5,1024,probe_weight,0.41632088520055327,0.3333333333333333,n4000_seed7
cifar10,geo_r,1,0.05,102,magnitude,0.2,0.02553830746119179,n4000_seed7
cifar10,geo_r,1,0.05,102,variance,0.2215568862275449,0.02553830746119179,n4000_seed7
cifar10,geo_r,1,0.05,102,rate,0.13333333333333333,0.02553830746119179,n4000_seed7
cifar10,geo_r,1,0.05,102,probe_weight,0.1270718232044199,0.02553830746119179,n4000_seed7
cifar10,geo_r,1,0.1,204,magnitude,0.3972602739726027,0.052415210688591986,n4000_seed7
cifar10,geo_r,1,0.1,204,variance,0.36454849498327757,0.052415210688591986,n4000_seed7
cifar10,geo_r,1,0.1,204,rate,0.3465346534653465,0.052415210688591986,n4000_seed7
cifar10,geo_r,1,0.1,204,probe_weight,0.20353982300884957,0.052415210688591986,n4000_seed7
cifar10,geo_r,1,0.2,409,magnitude,0.450354609929078,0.11093029563330621,n4000_seed7
cifar10,geo_r,1,0.2,409,variance,0.43006993006993005,0.11093029563330621,n4000_seed7
cifar10,geo_r,1,0.2,409,rate,0.4103448275862069,0.11093029563330621,n4000_seed7
cifar10,geo_r,1,0.2,409,probe_weight,0.2623456790123457,0.11093029563330621,n4000_seed7
cifar10,geo_r,1,0.5,1024,magnitude,0.6318725099601593,0.3333333333333333,n4000_seed7
cifar10,geo_r,1,0.5,1024,variance,0.6241078509119746,0.3333333333333333,n4000_seed7
cifar10,geo_r,1,0.5,1024,rate,0.6075353218210361,0.3333333333333333,n4000_seed7
cifar10,geo_r,1,0.5,1024,probe_weight,0.44022503516174405,0.3333333333333333,n4000_seed7
cifar10,geo_r,2,0.05,102,magnitude,0.23636363636363636,0.02553830746119179,n4000_seed7
cifar10,geo_r,2,0.05,102,variance,0.25153374233128833,0.02553830746119179,n4000_seed7
cifar10,geo_r,2,0.05,102,rate,0.1791907514450867,0.02553830746119179,n4000_seed7
cifar10,geo_r,2,0.05,102,probe_weight,0.1270718232044199,0.02553830746119179,n4000_seed7
cifar10,geo_r,2,0.1,204,magnitude,0.275,0.052415210688591986,n4000_seed7
cifar10,geo_r,2,0.1,204,variance,0.2670807453416149,0.052415210688591986,n4000_seed7
cifar10,geo_r,2,0.1,204,rate,0.22522522522522523,0.052415210688591986,n4000_seed7
cifar10,geo_r,2,0.1,204,probe_weight,0.1623931623931624,0.052415210688591986,n4000_seed7
cifar10,geo_r,2,0.2,409,magnitude,0.28414442700156983,0.11093029563330621,n4000_seed7
cifar10,geo_r,2,0.2,409,variance,0.2861635220125786,0.11093029563330621,n4000_seed7
cifar10,geo_r,2,0.2,409,rate,0.25267993874425726,0.11093029563330621,n4000_seed7
cifar10,geo_r,2,0.2,409,probe_weight,0.19941348973607037,0.11093029563330621,n4000_seed7
cifar10,geo_r,2,0.5,1024,magnitude,0.4291695743196092,0.3333333333333333,n4000_seed7
cifar10,geo_r,2,0.5,1024,variance,0.42618384401114207,0.3333333333333333,n4000_seed7
cifar10,geo_r,2,0.5,1024,rate,0.4222222222222222,0.3333333333333333,n4000_seed7
cifar10,geo_r,2,0.5,1024,probe_weight,0.3617021276595745,0.3333333333333333,n4000_seed7
cifar10,geo_r,3,0.05,102,magnitude,0.2670807453416149,0.02553830746119179,n4000_seed7
cifar10,geo_r,3,0.05,102,variance,0.25925925925925924,0.02553830746119179,n4000_seed7
cifar10,geo_r,3,0.05,102,rate,0.24390243902439024,0.02553830746119179,n4000_seed7
cifar10,geo_r,3,0.05,102,probe_weight,0.1270718232044199,0.02553830746119179,n4000_seed7
cifar10,geo_r,3,0.1,204,magnitude,0.3972602739726027,0.052415210688591986,n4000_seed7
cifar10,geo_r,3,0.1,204,variance,0.36454849498327757,0.052415210688591986,n4000_seed7
cifar10,geo_r,3,0.1,204,rate,0.3465346534653465,0.052415210688591986,n4000_seed7
cifar10,geo_r,3,0.1,204,probe_weight,0.2,0.052415210688591986,n4000_seed7
cifar10,geo_r,3,0.2,409,magnitude,0.48188405797101447,0.11093029563330621,n4000_seed7
cifar10,geo_r,3,0.2,409,variance,0.45811051693404636,0.11093029563330621,n4000_seed7
cifar10,geo_r,3,0.2,409,rate,0.44014084507042256,0.11093029563330621,n4000_seed7
cifar10,geo_r,3,0.2,409,probe_weight,0.3108974358974359,0.11093029563330621,n4000_seed7
cifar10,geo_r,3,0.5,1024,magnitude,0.506990434142752,0.3333333333333333,n4000_seed7
cifar10,geo_r,3,0.5,1024,variance,0.508100147275405,0.3333333333333333,n4000_seed7
cifar10,geo_r,3,0.5,1024,rate,0.5036710719530103,0.3333333333333333,n4000_seed7
cifar10,geo_r,3,0.5,1024,probe_weight,0.4242002781641168,0.3333333333333333,n4000_seed7
cifar10,geo_r,4,0.05,102,magnitude,0.2289156626506024,0.02553830746119179,n4000_seed7
cifar10,geo_r,4,0.05,102,variance,0.21428571428571427,0.02553830746119179,n4000_seed7
cifar10,geo_r,4,0.05,102,rate,0.21428571428571427,0.02553830746119179,n4000_seed7
cifar10,geo_r,4,0.05,102,probe_weight,0.11475409836065574,0.02553830746119179,n4000_seed7
cifar10,geo_r,4,0.1,204,magnitude,0.24012158054711247,0.052415210688591986,n4000_seed7
cifar10,geo_r,4,0.1,204,variance,0.24770642201834864,0.052415210688591986,n4000_seed7
cifar10,geo_r,4,0.1,204,rate,0.20710059171597633,0.052415210688591986,n4000_seed7
cifar10,geo_r,4,0.1,204,probe_weight,0.18604651162790697,0.052415210688591986,n4000_seed7
cifar10,geo_r,4,0.2,409,magnitude,0.3130016051364366,0.11093029563330621,n4000_seed7
cifar10,geo_r,4,0.2,409,variance,0.2984126984126984,0.11093029563330621,n4000_seed7
cifar10,geo_r,4,0.2,409,rate,0.28012519561815336,0.11093029563330621,n4000_seed7
cifar10,geo_r,4,0.2,409,probe_weight,0.21907600596125187,0.11093029563330621,n4000_seed7
cifar10,geo_r,4,0.5,1024,magnitude,0.3998632946001367,0.3333333333333333,n4000_seed7
cifar10,geo_r,4,0.5,1024,variance,0.39414567733151806,0.3333333333333333,n4000_seed7
cifar10,geo_r,4,0.5,1024,rate,0.3969986357435198,0.3333333333333333,n4000_seed7
cifar10,geo_r,4,0.5,1024,probe_weight,0.3772696704774714,0.3333333333333333,n4000_seed7
cifar10,geo_r,5,0.05,102,magnitude,0.23636363636363636,0.02553830746119179,n4000_seed7
cifar10,geo_r,5,0.05,102,variance,0.2289156626506024,0.02553830746119179,n4000_seed7
cifar10,geo_r,5,0.05,102,rate,0.1724137931034483,0.02553830746119179,n4000_seed7
cifar10,geo_r,5,0.05,102,probe_weight,0.12087912087912088,0.02553830746119179,n4000_seed7
cifar10,geo_r,5,0.1,204,magnitude,0.2215568862275449,0.052415210688591986,n4000_seed7
cifar10,geo_r,5,0.1,204,variance,0.2289156626506024,0.052415210688591986,n4000_seed7
cifar10,geo_r,5,0.1,204,rate,0.17579250720461095,0.052415210688591986,n4000_seed7
cifar10,geo_r,5,0.1,204,probe_weight,0.13019390581717452,0.052415210688591986,n4000_seed7
cifar10,geo_r,5,0.2,409,magnitude,0.32148626817447495,0.11093029563330621,n4000_seed7
cifar10,geo_r,5,0.2,409,variance,0.3300813008130081,0.11093029563330621,n4000_seed7
cifar10,geo_r,5,0.2,409,rate,0.28012519561815336,0.11093029563330621,n4000_seed7
cifar10,geo_r,5,0.2,409,probe_weight,0.24885496183206107,0.11093029563330621,n4000_seed7
cifar10,geo_r,5,0.5,1024,magnitude,0.37912457912457914,0.3333333333333333,n4000_seed7
cifar10,geo_r,5,0.5,1024,variance,0.38005390835579517,0.3333333333333333,n4000_seed7
cifar10,geo_r,5,0.5,1024,rate,0.3726541554959786,0.3333333333333333,n4000_seed7
cifar10,geo_r,5,0.5,1024,probe_weight,0.3527080581241744,0.3333333333333333,n4000_seed7
cifar10,geo_r,6,0.05,102,magnitude,0.11475409836065574,0.02553830746119179,n4000_seed7
cifar10,geo_r,6,0.05,102,variance,0.15254237288135594,0.02553830746119179,n4000_seed7
cifar10,geo_r,6,0.05,102,rate,0.0851063829787234,0.02553830746119179,n4000_seed7
cifar10,geo_r,6,0.05,102,probe_weight,0.07368421052631578,0.02553830746119179,n4000_seed7
cifar10,geo_r,6,0.1,204,magnitude,0.2326283987915408,0.052415210688591986,n4000_seed7
cifar10,geo_r,6,0.1,204,variance,0.22522522522522523,0.052415210688591986,n4000_seed7
cifar10,geo_r,6,0.1,204,rate,0.1791907514450867,0.052415210688591986,n4000_seed7
cifar10,geo_r,6,0.1,204,probe_weight,0.13966480446927373,0.052415210688591986,n4000_seed7
cifar10,geo_r,6,0.2,409,magnitude,0.28012519561815336,0.11093029563330621,n4000_seed7
cifar10,geo_r,6,0.2,409,variance,0.28818897637795277,0.11093029563330621,n4000_seed7
cifar10,geo_r,6,0.2,409,rate,0.26040061633281975,0.11093029563330621,n4000_seed7
cifar10,geo_r,6,0.2,409,probe_weight,0.195906432748538,0.11093029563330621,n4000_seed7
cifar10,geo_r,6,0.5,1024,magnitude,0.43820224719101125,0.3333333333333333,n4000_seed7
cifar10,geo_r,6,0.5,1024,variance,0.43116701607267643,0.3333333333333333,n4000_seed7
cifar10,geo_r,6,0.5,1024,rate,0.4341736694677871,0.3333333333333333,n4000_seed7
cifar10,geo_r,6,0.5,1024,probe_weight,0.36624416277518346,0.3333333333333333,n4000_seed7
cifar10,geo_r,7,0.05,102,magnitude,0.3076923076923077,0.02553830746119179,n4000_seed7
cifar10,geo_r,7,0.05,102,variance,0.3161290322580645,0.02553830746119179,n4000_seed7
cifar10,geo_r,7,0.05,102,rate,0.24390243902439024,0.02553830746119179,n4000_seed7
cifar10,geo_r,7,0.05,102,probe_weight,0.13966480446927373,0.02553830746119179,n4000_seed7
cifar10,geo_r,7,0.1,204,magnitude,0.31189710610932475,0.052415210688591986,n4000_seed7
cifar10,geo_r,7,0.1,204,variance,0.3377049180327869,0.052415210688591986,n4000_seed7
cifar10,geo_r,7,0.1,204,rate,0.24390243902439024,0.052415210688591986,n4000_seed7
cifar10,geo_r,7,0.1,204,probe_weight,0.17579250720461095,0.052415210688591986,n4000_seed7
cifar10,geo_r,7,0.2,409,magnitude,0.4079173838209983,0.11093029563330621,n4000_seed7
cifar10,geo_r,7,0.2,409,variance,0.41767764298093585,0.11093029563330621,n4000_seed7
cifar10,geo_r,7,0.2,409,rate,0.3588039867109635,0.11093029563330621,n4000_seed7
cifar10,geo_r,7,0.2,409,probe_weight,0.2861635220125786,0.11093029563330621,n4000_seed7
cifar10,geo_r,7,0.5,1024,magnitude,0.48729121278140886,0.3333333333333333,n4000_seed7
cifar10,geo_r,7,0.5,1024,variance,0.48405797101449277,0.3333333333333333,n4000_seed7
cifar10,geo_r,7,0.5,1024,rate,0.47020818377602297,0.3333333333333333,n4000_seed7
cifar10,geo_r,7,0.5,1024,probe_weight,0.40273972602739727,0.3333333333333333,n4000_seed7
cifar10,geo_r,8,0.05,102,magnitude,0.25925925925925924,0.02553830746119179,n4000_seed7
cifar10,geo_r,8,0.05,102,variance,0.3246753246753247,0.02553830746119179,n4000_seed7
cifar10,geo_r,8,0.05,102,rate,0.20710059171597633,0.02553830746119179,n4000_seed7
cifar10,geo_r,8,0.05,102,probe_weight,0.1724137931034483,0.02553830746119179,n4000_seed7
cifar10,geo_r,8,0.1,204,magnitude,0.3161290322580645,0.052415210688591986,n4000_seed7
cifar10,geo_r,8,0.1,204,variance,0.3076923076923077,0.052415210688591986,n4000_seed7
cifar10,geo_r,8,0.1,204,rate,0.275,0.052415210688591986,n4000_seed7
cifar10,geo_r,8,0.1,204,probe_weight,0.15254237288135594,0.052415210688591986,n4000_seed7
cifar10,geo_r,8,0.2,409,magnitude,0.4054982817869416,0.11093029563330621,n4000_seed7
cifar10,geo_r,8,0.2,409,variance,0.4054982817869416,0.11093029563330621,n4000_seed7
cifar10,geo_r,8,0.2,409,rate,0.3656093489148581,0.11093029563330621,n4000_seed7
cifar10,geo_r,8,0.2,409,probe_weight,0.27216174183514774,0.11093029563330621,n4000_seed7
cifar10,geo_r,8,0.5,1024,magnitude,0.5778120184899846,0.3333333333333333,n4000_seed7
cifar10,geo_r,8,0.5,1024,variance,0.5875968992248062,0.3333333333333333,n4000_seed7
cifar10,geo_r,8,0.5,1024,rate,0.5574144486692015,0.3333333333333333,n4000_seed7
cifar10,geo_r,8,0.5,1024,probe_weight,0.43116701607267643,0.3333333333333333,n4000_seed7
cifar10,geo_r,9,0.05,102,magnitude,0.11475409836065574,0.02553830746119179,n4000_seed7
cifar10,geo_r,9,0.05,102,variance,0.13966480446927373,0.02553830746119179,n4000_seed7
cifar10,geo_r,9,0.05,102,rate,0.0851063829787234,0.02553830746119179,n4000_seed7
cifar10,geo_r,9,0.05,102,probe_weight,0.1590909090909091,0.02553830746119179,n4000_seed7
cifar10,geo_r,9,0.1,204,magnitude,0.22522522522522523,0.052415210688591986,n4000_seed7
cifar10,geo_r,9,0.1,204,variance,0.23636363636363636,0.052415210688591986,n4000_seed7
cifar10,geo_r,9,0.1,204,rate,0.1826086956521739,0.052415210688591986,n4000_seed7
cifar10,geo_r,9,0.1,204,probe_weight,0.1791907514450867,0.052415210688591986,n4000_seed7
cifar10,geo_r,9,0.2,409,magnitude,0.2682170542635659,0.11093029563330621,n4000_seed7
cifar10,geo_r,9,0.2,409,variance,0.27613104524180965,0.11093029563330621,n4000_seed7
cifar10,geo_r,9,0.2,409,rate,0.25267993874425726,0.11093029563330621,n4000_seed7
cifar10,geo_r,9,0.2,409,probe_weight,0.2227204783258595,0.11093029563330621,n4000_seed7
cifar10,geo_r,9,0.5,1024,magnitude,0.5272184936614467,0.3333333333333333,n4000_seed7
cifar10,geo_r,9,0.5,1024,variance,0.5159141376757957,0.3333333333333333,n4000_seed7
cifar10,geo_r,9,0.5,1024,rate,0.5294996265870052,0.3333333333333333,n4000_seed7
cifar10,geo_r,9,0.5,1024,probe_weight,0.4143646408839779,0.3333333333333333,n4000_seed7
cifar10,geo_pca,0,0.05,102,magnitude,0.2670807453416149,0.02553830746119179,n4000_seed7
cifar10,geo_pca,0,0.05,102,variance,0.3076923076923077,0.02553830746119179,n4000_seed7
cifar10,geo_pca,0,0.05,102,rate,0.21428571428571427,0.02553830746119179,n4000_seed7
cifar10,geo_pca,0,0.05,102,probe_weight,0.1657142857142857,0.02553830746119179,n4000_seed7
cifar10,geo_pca,0,0.1,204,magnitude,0.24012158054711247,0.052415210688591986,n4000_seed7
cifar10,geo_pca,0,0.1,204,variance,0.23636363636363636,0.052415210688591986,n4000_seed7
cifar10,geo_pca,0,0.1,204,rate,0.21068249258160238,0.052415210688591986,n4000_seed7
cifar10,geo_pca,0,0.1,204,probe_weight,0.14929577464788732,0.052415210688591986,n4000_seed7
cifar10,geo_pca,0,0.2,409,magnitude,0.3004769475357711,0.11093029563330621,n4000_seed7
cifar10,geo_pca,0,0.2,409,variance,0.30254777070063693,0.11093029563330621,n4000_seed7
cifar10,geo_pca,0,0.2,409,rate,0.292259083728278,0.11093029563330621,n4000_seed7
cifar10,geo_pca,0,0.2,409,probe_weight,0.23564954682779457,0.11093029563330621,n4000_seed7
cifar10,geo_pca,0,0.5,1024,magnitude,0.25259938837920487,0.3333333333333333,n4000_seed7
cifar10,geo_pca,0,0.5,1024,variance,0.2587584511370621,0.3333333333333333,n4000_seed7
cifar10,geo_pca,0,0.5,1024,rate,0.2397094430992736,0.3333333333333333,n4000_seed7
cifar10,geo_pca,0,0.5,1024,probe_weight,0.2784019975031211,0.3333333333333333,n4000_seed7
cifar10,geo_pca,1,0.05,102,magnitude,0.21428571428571427,0.02553830746119179,n4000_seed7
cifar10,geo_pca,1,0.05,102,variance,0.25153374233128833,0.02553830746119179,n4000_seed7
cifar10,geo_pca,1,0.05,102,rate,0.1590909090909091,0.02553830746119179,n4000_seed7
cifar10,geo_pca,1,0.05,102,probe_weight,0.1590909090909091,0.02553830746119179,n4000_seed7
cifar10,geo_pca,1,0.1,204,magnitude,0.15254237288135594,0.052415210688591986,n4000_seed7
cifar10,geo_pca,1,0.1,204,variance,0.18604651162790697,0.052415210688591986,n4000_seed7
cifar10,geo_pca,1,0.1,204,rate,0.088,0.052415210688591986,n4000_seed7
cifar10,geo_pca,1,0.1,204,probe_weight,0.13649025069637882,0.052415210688591986,n4000_seed7
cifar10,geo_pca,1,0.2,409,magnitude,0.391156462585034,0.11093029563330621,n4000_seed7
cifar10,geo_pca,1,0.2,409,variance,0.35655058043117743,0.11093029563330621,n4000_seed7
cifar10,geo_pca,1,0.2,409,rate,0.4079173838209983,0.11093029563330621,n4000_seed7
cifar10,geo_pca,1,0.2,409,probe_weight,0.2623456790123457,0.11093029563330621,n4000_seed7
cifar10,geo_pca,1,0.5,1024,magnitude,0.26811145510835915,0.3333333333333333,n4000_seed7
cifar10,geo_pca,1,0.5,1024,variance,0.28240450845335,0.3333333333333333,n4000_seed7
cifar10,geo_pca,1,0.5,1024,rate,0.257985257985258,0.3333333333333333,n4000_seed7
cifar10,geo_pca,1,0.5,1024,probe_weight,0.29538266919671097,0.3333333333333333,n4000_seed7
cifar10,geo_pca,2,0.05,102,magnitude,0.3333333333333333,0.02553830746119179,n4000_seed7
cifar10,geo_pca,2,0.05,102,variance,0.275,0.02553830746119179,n4000_seed7
cifar10,geo_pca,2,0.05,102,rate,0.21428571428571427,0.02553830746119179,n4000_seed7
cifar10,geo_pca,2,0.05,102,probe_weight,0.23636363636363636,0.02553830746119179,n4000_seed7
cifar10,geo_pca,2,0.1,204,magnitude,0.3783783783783784,0.052415210688591986,n4000_seed7
cifar10,geo_pca,2,0.1,204,variance,0.3509933774834437,0.052415210688591986,n4000_seed7
cifar10,geo_pca,2,0.1,204,rate,0.3554817275747508,0.052415210688591986,n4000_seed7
cifar10,geo_pca,2,0.1,204,probe_weight,0.21428571428571427,0.052415210688591986,n4000_seed7
cifar10,geo_pca,2,0.2,409,magnitude,0.43508771929824563,0.11093029563330621,n4000_seed7
cifar10,geo_pca,2,0.2,409,variance,0.4103448275862069,0.11093029563330621,n4000_seed7
cifar10,geo_pca,2,0.2,409,rate,0.37478991596638656,0.11093029563330621,n4000_seed7
cifar10,geo_pca,2,0.2,409,probe_weight,0.28213166144200624,0.11093029563330621,n4000_seed7
cifar10,geo_pca,2,0.5,1024,magnitude,0.3527080581241744,0.3333333333333333,n4000_seed7
cifar10,geo_pca,2,0.5,1024,variance,0.34648257725180803,0.3333333333333333,n4000_seed7
cifar10,geo_pca,2,0.5,1024,rate,0.3420707732634338,0.3333333333333333,n4000_seed7
cifar10,geo_pca,2,0.5,1024,probe_weight,0.32470892626131953,0.3333333333333333,n4000_seed7
cifar10,geo_pca,3,0.05,102,magnitude,0.24390243902439024,0.02553830746119179,n4000_seed7
cifar10,geo_pca,3,0.05,102,variance,0.2215568862275449,0.02553830746119179,n4000_seed7
cifar10,geo_pca,3,0.05,102,rate,0.18604651162790697,0.02553830746119179,n4000_seed7
cifar10,geo_pca,3,0.05,102,probe_weight,0.14606741573033707,0.02553830746119179,n4000_seed7
cifar10,geo_pca,3,0.1,204,magnitude,0.3554817275747508,0.052415210688591986,n4000_seed7
cifar10,geo_pca,3,0.1,204,variance,0.29936305732484075,0.052415210688591986,n4000_seed7
cifar10,geo_pca,3,0.1,204,rate,0.36454849498327757,0.052415210688591986,n4000_seed7
cifar10,geo_pca,3,0.1,204,probe_weight,0.1657142857142857,0.052415210688591986,n4000_seed7
cifar10,geo_pca,3,0.2,409,magnitude,0.391156462585034,0.11093029563330621,n4000_seed7
cifar10,geo_pca,3,0.2,409,variance,0.3724832214765101,0.11093029563330621,n4000_seed7
cifar10,geo_pca,3,0.2,409,rate,0.38175675675675674,0.11093029563330621,n4000_seed7
cifar10,geo_pca,3,0.2,409,probe_weight,0.24127465857359637,0.11093029563330621,n4000_seed7
cifar10,geo_pca,3,0.5,1024,magnitude,0.5491679273827534,0.3333333333333333,n4000_seed7
cifar10,geo_pca,3,0.5,1024,variance,0.5306427503736921,0.3333333333333333,n4000_seed7
cifar10,geo_pca,3,0.5,1024,rate,0.5386927122464312,0.3333333333333333,n4000_seed7
cifar10,geo_pca,3,0.5,1024,probe_weight,0.4291695743196092,0.3333333333333333,n4000_seed7
cifar10,geo_pca,4,0.05,102,magnitude,0.10869565217391304,0.02553830746119179,n4000_seed7
cifar10,geo_pca,4,0.05,102,variance,0.1590909090909091,0.02553830746119179,n4000_seed7
cifar10,geo_pca,4,0.05,102,rate,0.0625,0.02553830746119179,n4000_seed7
cifar10,geo_pca,4,0.05,102,probe_weight,0.13333333333333333,0.02553830746119179,n4000_seed7
cifar10,geo_pca,4,0.1,204,magnitude,0.23636363636363636,0.052415210688591986,n4000_seed7
cifar10,geo_pca,4,0.1,204,variance,0.2553846153846154,0.052415210688591986,n4000_seed7
cifar10,geo_pca,4,0.1,204,rate,0.1791907514450867,0.052415210688591986,n4000_seed7
cifar10,geo_pca,4,0.1,204,probe_weight,0.19648093841642228,0.052415210688591986,n4000_seed7
cifar10,geo_pca,4,0.2,409,magnitude,0.32148626817447495,0.11093029563330621,n4000_seed7
cifar10,geo_pca,4,0.2,409,variance,0.34098360655737703,0.11093029563330621,n4000_seed7
cifar10,geo_pca,4,0.2,409,rate,0.254601226993865,0.11093029563330621,n4000_seed7
cifar10,geo_pca,4,0.2,409,probe_weight,0.2861635220125786,0.11093029563330621,n4000_seed7
cifar10,geo_pca,4,0.5,1024,magnitude,0.38098449089683073,0.3333333333333333,n4000_seed7
cifar10,geo_pca,4,0.5,1024,variance,0.3781965006729475,0.3333333333333333,n4000_seed7
cifar10,geo_pca,4,0.5,1024,rate,0.3837837837837838,0.3333333333333333,n4000_seed7
cifar10,geo_pca,4,0.5,1024,probe_weight,0.3680694722778891,0.3333333333333333,n4000_seed7
cifar10,geo_pca,5,0.05,102,magnitude,0.3246753246753247,0.02553830746119179,n4000_seed7
cifar10,geo_pca,5,0.05,102,variance,0.3509933774834437,0.02553830746119179,n4000_seed7
cifar10,geo_pca,5,0.05,102,rate,0.21428571428571427,0.02553830746119179,n4000_seed7
cifar10,geo_pca,5,0.05,102,probe_weight,0.21428571428571427,0.02553830746119179,n4000_seed7
cifar10,geo_pca,5,0.1,204,magnitude,0.37373737373737376,0.052415210688591986,n4000_seed7
cifar10,geo_pca,5,0.1,204,variance,0.3465346534653465,0.052415210688591986,n4000_seed7
cifar10,geo_pca,5,0.1,204,rate,0.3783783783783784,0.052415210688591986,n4000_seed7
cifar10,geo_pca,5,0.1,204,probe_weight,0.1657142857142857,0.052415210688591986,n4000_seed7
cifar10,geo_pca,5,0.2,409,magnitude,0.36789297658862874,0.11093029563330621,n4000_seed7
cifar10,geo_pca,5,0.2,409,variance,0.35655058043117743,0.11093029563330621,n4000_seed7
cifar10,geo_pca,5,0.2,409,rate,0.37018425460636517,0.11093029563330621,n4000_seed7
cifar10,geo_pca,5,0.2,409,probe_weight,0.2623456790123457,0.11093029563330621,n4000_seed7
cifar10,geo_pca,5,0.5,1024,magnitude,0.5491679273827534,0.3333333333333333,n4000_seed7
cifar10,geo_pca,5,0.5,1024,variance,0.536384096024006,0.3333333333333333,n4000_seed7
cifar10,geo_pca,5,0.5,1024,rate,0.5609756097560976,0.3333333333333333,n4000_seed7
cifar10,geo_pca,5,0.5,1024,probe_weight,0.420249653259362,0.3333333333333333,n4000_seed7
cifar10,geo_pca,6,0.05,102,magnitude,0.04081632653061224,0.02553830746119179,n4000_seed7
cifar10,geo_pca,6,0.05,102,variance,0.07936507936507936,0.02553830746119179,n4000_seed7
cifar10,geo_pca,6,0.05,102,rate,0.04081632653061224,0.02553830746119179,n4000_seed7
cifar10,geo_pca,6,0.05,102,probe_weight,0.09090909090909091,0.02553830746119179,n4000_seed7
cifar10,geo_pca,6,0.1,204,magnitude,0.42160278745644597,0.052415210688591986,n4000_seed7
cifar10,geo_pca,6,0.1,204,variance,0.3691275167785235,0.052415210688591986,n4000_seed7
cifar10,geo_pca,6,0.1,204,rate,0.3924914675767918,0.052415210688591986,n4000_seed7
cifar10,geo_pca,6,0.1,204,probe_weight,0.2289156626506024,0.052415210688591986,n4000_seed7
cifar10,geo_pca,6,0.2,409,magnitude,0.3004769475357711,0.11093029563330621,n4000_seed7
cifar10,geo_pca,6,0.2,409,variance,0.3004769475357711,0.11093029563330621,n4000_seed7
cifar10,geo_pca,6,0.2,409,rate,0.2682170542635659,0.11093029563330621,n4000_seed7
cifar10,geo_pca,6,0.2,409,probe_weight,0.21545319465081725,0.11093029563330621,n4000_seed7
cifar10,geo_pca,6,0.5,1024,magnitude,0.28562460765850595,0.3333333333333333,n4000_seed7
cifar10,geo_pca,6,0.5,1024,variance,0.29292929292929293,0.3333333333333333,n4000_seed7
cifar10,geo_pca,6,0.5,1024,rate,0.26732673267326734,0.3333333333333333,n4000_seed7
cifar10,geo_pca,6,0.5,1024,probe_weight,0.32043842682140555,0.3333333333333333,n4000_seed7
cifar10,geo_pca,7,0.05,102,magnitude,0.2911392405063291,0.02553830746119179,n4000_seed7
cifar10,geo_pca,7,0.05,102,variance,0.3161290322580645,0.02553830746119179,n4000_seed7
cifar10,geo_pca,7,0.05,102,rate,0.18604651162790697,0.02553830746119179,n4000_seed7
cifar10,geo_pca,7,0.05,102,probe_weight,0.23636363636363636,0.02553830746119179,n4000_seed7
cifar10,geo_pca,7,0.1,204,magnitude,0.24390243902439024,0.052415210688591986,n4000_seed7
cifar10,geo_pca,7,0.1,204,variance,0.2830188679245283,0.052415210688591986,n4000_seed7
cifar10,geo_pca,7,0.1,204,rate,0.1791907514450867,0.052415210688591986,n4000_seed7
cifar10,geo_pca,7,0.1,204,probe_weight,0.18950437317784258,0.052415210688591986,n4000_seed7
cifar10,geo_pca,7,0.2,409,magnitude,0.3130016051364366,0.11093029563330621,n4000_seed7
cifar10,geo_pca,7,0.2,409,variance,0.33442088091353994,0.11093029563330621,n4000_seed7
cifar10,geo_pca,7,0.2,409,rate,0.25076452599388377,0.11093029563330621,n4000_seed7
cifar10,geo_pca,7,0.2,409,probe_weight,0.2642967542503864,0.11093029563330621,n4000_seed7
cifar10,geo_pca,7,0.5,1024,magnitude,0.4056280027453672,0.3333333333333333,n4000_seed7
cifar10,geo_pca,7,0.5,1024,variance,0.41730103806228375,0.3333333333333333,n4000_seed7
cifar10,geo_pca,7,0.5,1024,rate,0.3960463531015678,0.3333333333333333,n4000_seed7
cifar10,geo_pca,7,0.5,1024,probe_weight,0.38191632928475033,0.3333333333333333,n4000_seed7
cifar10,geo_pca,8,0.05,102,magnitude,0.18604651162790697,0.02553830746119179,n4000_seed7
cifar10,geo_pca,8,0.05,102,variance,0.2289156626506024,0.02553830746119179,n4000_seed7
cifar10,geo_pca,8,0.05,102,rate,0.13333333333333333,0.02553830746119179,n4000_seed7
cifar10,geo_pca,8,0.05,102,probe_weight,0.1791907514450867,0.02553830746119179,n4000_seed7
cifar10,geo_pca,8,0.1,204,magnitude,0.15254237288135594,0.052415210688591986,n4000_seed7
cifar10,geo_pca,8,0.1,204,variance,0.1623931623931624,0.052415210688591986,n4000_seed7
cifar10,geo_pca,8,0.1,204,rate,0.13333333333333333,0.052415210688591986,n4000_seed7
cifar10,geo_pca,8,0.1,204,probe_weight,0.11171662125340599,0.052415210688591986,n4000_seed7
cifar10,geo_pca,8,0.2,409,magnitude,0.18895348837209303,0.11093029563330621,n4000_seed7
cifar10,geo_pca,8,0.2,409,variance,0.20827178729689808,0.11093029563330621,n4000_seed7
cifar10,geo_pca,8,0.2,409,rate,0.16028368794326242,0.11093029563330621,n4000_seed7
cifar10,geo_pca,8,0.2,409,probe_weight,0.18037518037518038,0.11093029563330621,n4000_seed7
cifar10,geo_pca,8,0.5,1024,magnitude,0.21904761904761905,0.3333333333333333,n4000_seed7
cifar10,geo_pca,8,0.5,1024,variance,0.2256134051466188,0.3333333333333333,n4000_seed7
cifar10,geo_pca,8,0.5,1024,rate,0.2205005959475566,0.3333333333333333,n4000_seed7
cifar10,geo_pca,8,0.5,1024,probe_weight,0.27680798004987534,0.3333333333333333,n4000_seed7
cifar10,geo_pca,9,0.05,102,magnitude,0.2,0.02553830746119179,n4000_seed7
cifar10,geo_pca,9,0.05,102,variance,0.2215568862275449,0.02553830746119179,n4000_seed7
cifar10,geo_pca,9,0.05,102,rate,0.1270718232044199,0.02553830746119179,n4000_seed7
cifar10,geo_pca,9,0.05,102,probe_weight,0.18604651162790697,0.02553830746119179,n4000_seed7
cifar10,geo_pca,9,0.1,204,magnitude,0.3076923076923077,0.052415210688591986,n4000_seed7
cifar10,geo_pca,9,0.1,204,variance,0.2911392405063291,0.052415210688591986,n4000_seed7
cifar10,geo_pca,9,0.1,204,rate,0.275,0.052415210688591986,n4000_seed7
cifar10,geo_pca,9,0.1,204,probe_weight,0.19298245614035087,0.052415210688591986,n4000_seed7
cifar10,geo_pca,9,0.2,409,magnitude,0.34983498349834985,0.11093029563330621,n4000_seed7
cifar10,geo_pca,9,0.2,409,variance,0.37018425460636517,0.11093029563330621,n4000_seed7
cifar10,geo_pca,9,0.2,409,rate,0.28414442700156983,0.11093029563330621,n4000_seed7
cifar10,geo_pca,9,0.2,409,probe_weight,0.27613104524180965,0.11093029563330621,n4000_seed7
cifar10,geo_pca,9,0.5,1024,magnitude,0.4182825484764543,0.3333333333333333,n4000_seed7
cifar10,geo_pca,9,0.5,1024,variance,0.4143646408839779,0.3333333333333333,n4000_seed7
cifar10,geo_pca,9,0.5,1024,rate,0.4114403859407305,0.3333333333333333,n4000_seed7
cifar10,geo_pca,9,0.5,1024,probe_weight,0.36533333333333334,0.3333333333333333,n4000_seed7
cifar10,geo_m,0,0.05,102,magnitude,0.29936305732484075,0.02553830746119179,n4000_seed8
cifar10,geo_m,0,0.05,102,variance,0.5454545454545454,0.02553830746119179,n4000_seed8
cifar10,geo_m,0,0.05,102,rate,0.15254237288135594,0.02553830746119179,n4000_seed8
cifar10,geo_m,0,0.05,102,probe_weight,0.275,0.02553830746119179,n4000_seed8
cifar10,geo_m,0,0.1,204,magnitude,0.4166666666666667,0.052415210688591986,n4000_seed8
cifar10,geo_m,0,0.1,204,variance,0.6,0.052415210688591986,n4000_seed8
cifar10,geo_m,0,0.1,204,rate,0.2326283987915408,0.052415210688591986,n4000_seed8
cifar10,geo_m,0,0.1,204,probe_weight,0.27899686520376177,0.052415210688591986,n4000_seed8
cifar10,geo_m,0,0.2,409,magnitude,0.4079173838209983,0.11093029563330621,n4000_seed8
cifar10,geo_m,0,0.2,409,variance,0.5347091932457786,0.11093029563330621,n4000_seed8
cifar10,geo_m,0,0.2,409,rate,0.2450532724505327,0.11093029563330621,n4000_seed8
cifar10,geo_m,0,0.2,409,probe_weight,0.32148626817447495,0.11093029563330621,n4000_seed8
cifar10,geo_m,0,0.5,1024,magnitude,0.7210084033613445,0.3333333333333333,n4000_seed8
cifar10,geo_m,0,0.5,1024,variance,0.8075904677846425,0.3333333333333333,n4000_seed8
cifar10,geo_m,0,0.5,1024,rate,0.6062745098039216,0.3333333333333333,n4000_seed8
cifar10,geo_m,0,0.5,1024,probe_weight,0.49162418062636565,0.3333333333333333,n4000_seed8
cifar10,geo_m,1,0.05,102,magnitude,0.2911392405063291,0.02553830746119179,n4000_seed8
cifar10,geo_m,1,0.05,102,variance,0.5338345864661654,0.02553830746119179,n4000_seed8
cifar10,geo_m,1,0.05,102,rate,0.1270718232044199,0.02553830746119179,n4000_seed8
cifar10,geo_m,1,0.05,102,probe_weight,0.23636363636363636,0.02553830746119179,n4000_seed8
cifar10,geo_m,1,0.1,204,magnitude,0.38305084745762713,0.052415210688591986,n4000_seed8
cifar10,geo_m,1,0.1,204,variance,0.5454545454545454,0.052415210688591986,n4000_seed8
cifar10,geo_m,1,0.1,204,rate,0.2215568862275449,0.052415210688591986,n4000_seed8
cifar10,geo_m,1,0.1,204,probe_weight,0.275,0.052415210688591986,n4000_seed8
cifar10,geo_m,1,0.2,409,magnitude,0.6070726915520629,0.11093029563330621,n4000_seed8
cifar10,geo_m,1,0.2,409,variance,0.7782608695652173,0.11093029563330621,n4000_seed8
cifar10,geo_m,1,0.2,409,rate,0.391156462585034,0.11093029563330621,n4000_seed8
cifar10,geo_m,1,0.2,409,probe_weight,0.35206611570247937,0.11093029563330621,n4000_seed8
cifar10,geo_m,1,0.5,1024,magnitude,0.7534246575342466,0.3333333333333333,n4000_seed8
cifar10,geo_m,1,0.5,1024,variance,0.841726618705036,0.3333333333333333,n4000_seed8
cifar10,geo_m,1,0.5,1024,rate,0.6331738437001595,0.3333333333333333,n4000_seed8
cifar10,geo_m,1,0.5,1024,probe_weight,0.48405797101449277,0.3333333333333333,n4000_seed8
cifar10,geo_m,2,0.05,102,magnitude,0.43661971830985913,0.02553830746119179,n4000_seed8
cifar10,geo_m,2,0.05,102,variance,0.7142857142857143,0.02553830746119179,n4000_seed8
cifar10,geo_m,2,0.05,102,rate,0.20710059171597633,0.02553830746119179,n4000_seed8
cifar10,geo_m,2,0.05,102,probe_weight,0.23636363636363636,0.02553830746119179,n4000_seed8
cifar10,geo_m,2,0.1,204,magnitude,0.5111111111111111,0.052415210688591986,n4000_seed8
cifar10,geo_m,2,0.1,204,variance,0.7288135593220338,0.052415210688591986,n4000_seed8
cifar10,geo_m,2,0.1,204,rate,0.2830188679245283,0.052415210688591986,n4000_seed8
cifar10,geo_m,2,0.1,204,probe_weight,0.29523809523809524,0.052415210688591986,n4000_seed8
cifar10,geo_m,2,0.2,409,magnitude,0.4927007299270073,0.11093029563330621,n4000_seed8
cifar10,geo_m,2,0.2,409,variance,0.6327345309381237,0.11093029563330621,n4000_seed8
cifar10,geo_m,2,0.2,409,rate,0.3108974358974359,0.11093029563330621,n4000_seed8
cifar10,geo_m,2,0.2,409,probe_weight,0.3300813008130081,0.11093029563330621,n4000_seed8
cifar10,geo_m,2,0.5,1024,magnitude,0.6925619834710743,0.3333333333333333,n4000_seed8
cifar10,geo_m,2,0.5,1024,variance,0.7777777777777778,0.3333333333333333,n4000_seed8
cifar10,geo_m,2,0.5,1024,rate,0.5851393188854489,0.3333333333333333,n4000_seed8
cifar10,geo_m,2,0.5,1024,probe_weight,0.4797687861271676,0.3333333333333333,n4000_seed8
cifar10,geo_m,3,0.05,102,magnitude,0.18604651162790697,0.02553830746119179,n4000_seed8
cifar10,geo_m,3,0.05,102,variance,0.36,0.02553830746119179,n4000_seed8
cifar10,geo_m,3,0.05,102,rate,0.02512562814070352,0.02553830746119179,n4000_seed8
cifar10,geo_m,3,0.05,102,probe_weight,0.18604651162790697,0.02553830746119179,n4000_seed8
cifar10,geo_m,3,0.1,204,magnitude,0.48905109489051096,0.052415210688591986,n4000_seed8
cifar10,geo_m,3,0.1,204,variance,0.7142857142857143,0.052415210688591986,n4000_seed8
cifar10,geo_m,3,0.1,204,rate,0.2553846153846154,0.052415210688591986,n4000_seed8
cifar10,geo_m,3,0.1,204,probe_weight,0.2870662460567823,0.052415210688591986,n4000_seed8
cifar10,geo_m,3,0.2,409,magnitude,0.6626016260162602,0.11093029563330621,n4000_seed8
cifar10,geo_m,3,0.2,409,variance,0.8299776286353467,0.11093029563330621,n4000_seed8
cifar10,geo_m,3,0.2,409,rate,0.42757417102966844,0.11093029563330621,n4000_seed8
cifar10,geo_m,3,0.2,409,probe_weight,0.34318555008210183,0.11093029563330621,n4000_seed8
cifar10,geo_m,3,0.5,1024,magnitude,0.8720292504570384,0.3333333333333333,n4000_seed8
cifar10,geo_m,3,0.5,1024,variance,0.9412322274881516,0.3333333333333333,n4000_seed8
cifar10,geo_m,3,0.5,1024,rate,0.7444633730834753,0.3333333333333333,n4000_seed8
cifar10,geo_m,3,0.5,1024,probe_weight,0.4981711777615216,0.3333333333333333,n4000_seed8
cifar10,geo_m,4,0.05,102,magnitude,0.07936507936507936,0.02553830746119179,n4000_seed8
cifar10,geo_m,4,0.05,102,variance,0.2289156626506024,0.02553830746119179,n4000_seed8
cifar10,geo_m,4,0.05,102,rate,0.0,0.02553830746119179,n4000_seed8
cifar10,geo_m,4,0.05,102,probe_weight,0.1724137931034483,0.02553830746119179,n4000_seed8
cifar10,geo_m,4,0.1,204,magnitude,0.4782608695652174,0.052415210688591986,n4000_seed8
cifar10,geo_m,4,0.1,204,variance,0.6790123456790124,0.052415210688591986,n4000_seed8
cifar10,geo_m,4,0.1,204,rate,0.25153374233128833,0.052415210688591986,n4000_seed8
cifar10,geo_m,4,0.1,204,probe_weight,0.2911392405063291,0.052415210688591986,n4000_seed8
cifar10,geo_m,4,0.2,409,magnitude,0.4981684981684982,0.11093029563330621,n4000_seed8
cifar10,geo_m,4,0.2,409,variance,0.6491935483870968,0.11093029563330621,n4000_seed8
cifar10,geo_m,4,0.2,409,rate,0.3130016051364366,0.11093029563330621,n4000_seed8
cifar10,geo_m,4,0.2,409,probe_weight,0.34318555008210183,0.11093029563330621,n4000_seed8
cifar10,geo_m,4,0.5,1024,magnitude,0.8806244260789715,0.3333333333333333,n4000_seed8
cifar10,geo_m,4,0.5,1024,variance,0.9375591296121097,0.3333333333333333,n4000_seed8
cifar10,geo_m,4,0.5,1024,rate,0.7519247219846023,0.3333333333333333,n4000_seed8
cifar10,geo_m,4,0.5,1024,probe_weight,0.4959824689554419,0.3333333333333333,n4000_seed8
cifar10,geo_m,5,0.05,102,magnitude,0.10869565217391304,0.02553830746119179,n4000_seed8
cifar10,geo_m,5,0.05,102,variance,0.275,0.02553830746119179,n4000_seed8
cifar10,geo_m,5,0.05,102,rate,0.009900990099009901,0.02553830746119179,n4000_seed8
cifar10,geo_m,5,0.05,102,probe_weight,0.1791907514450867,0.02553830746119179,n4000_seed8
cifar10,geo_m,5,0.1,204,magnitude,0.3377049180327869,0.052415210688591986,n4000_seed8
cifar10,geo_m,5,0.1,204,variance,0.5055350553505535,0.052415210688591986,n4000_seed8
cifar10,geo_m,5,0.1,204,rate,0.1724137931034483,0.052415210688591986,n4000_seed8
cifar10,geo_m,5,0.1,204,probe_weight,0.25925925925925924,0.052415210688591986,n4000_seed8
cifar10,geo_m,5,0.2,409,magnitude,0.636,0.11093029563330621,n4000_seed8
cifar10,geo_m,5,0.2,409,variance,0.7978021978021979,0.11093029563330621,n4000_seed8
cifar10,geo_m,5,0.2,409,rate,0.40308747855917665,0.11093029563330621,n4000_seed8
cifar10,geo_m,5,0.2,409,probe_weight,0.34098360655737703,0.11093029563330621,n4000_seed8
cifar10,geo_m,5,0.5,1024,magnitude,0.7793223284100782,0.3333333333333333,n4000_seed8
cifar10,geo_m,5,0.5,1024,variance,0.8754578754578755,0.3333333333333333,n4000_seed8
cifar10,geo_m,5,0.5,1024,rate,0.6582995951417004,0.3333333333333333,n4000_seed8
cifar10,geo_m,5,0.5,1024,probe_weight,0.5003663003663004,0.3333333333333333,n4000_seed8
cifar10,geo_m,6,0.05,102,magnitude,0.1590909090909091,0.02553830746119179,n4000_seed8
cifar10,geo_m,6,0.05,102,variance,0.3509933774834437,0.02553830746119179,n4000_seed8
cifar10,geo_m,6,0.05,102,rate,0.04081632653061224,0.02553830746119179,n4000_seed8
cifar10,geo_m,6,0.05,102,probe_weight,0.18604651162790697,0.02553830746119179,n4000_seed8
cifar10,geo_m,6,0.1,204,magnitude,0.43157894736842106,0.052415210688591986,n4000_seed8
cifar10,geo_m,6,0.1,204,variance,0.632,0.052415210688591986,n4000_seed8
cifar10,geo_m,6,0.1,204,rate,0.22522522522522523,0.052415210688591986,n4000_seed8
cifar10,geo_m,6,0.1,204,probe_weight,0.29523809523809524,0.052415210688591986,n4000_seed8
cifar10,geo_m,6,0.2,409,magnitude,0.59765625,0.11093029563330621,n4000_seed8
cifar10,geo_m,6,0.2,409,variance,0.7821350762527233,0.11093029563330621,n4000_seed8
cifar10,geo_m,6,0.2,409,rate,0.3864406779661017,0.11093029563330621,n4000_seed8
cifar10,geo_m,6,0.2,409,probe_weight,0.35206611570247937,0.11093029563330621,n4000_seed8
cifar10,geo_m,6,0.5,1024,magnitude,0.6344772545889864,0.3333333333333333,n4000_seed8
cifar10,geo_m,6,0.5,1024,variance,0.7166806370494552,0.3333333333333333,n4000_seed8
cifar10,geo_m,6,0.5,1024,rate,0.5329341317365269,0.3333333333333333,n4000_seed8
cifar10,geo_m,6,0.5,1024,probe_weight,0.46915351506456243,0.3333333333333333,n4000_seed8
cifar10,geo_m,7,0.05,102,magnitude,0.23636363636363636,0.02553830746119179,n4000_seed8
cifar10,geo_m,7,0.05,102,variance,0.4676258992805755,0.02553830746119179,n4000_seed8
cifar10,geo_m,7,0.05,102,rate,0.10869565217391304,0.02553830746119179,n4000_seed8
cifar10,geo_m,7,0.05,102,probe_weight,0.25153374233128833,0.02553830746119179,n4000_seed8
cifar10,geo_m,7,0.1,204,magnitude,0.45195729537366547,0.052415210688591986,n4000_seed8
cifar10,geo_m,7,0.1,204,variance,0.6518218623481782,0.052415210688591986,n4000_seed8
cifar10,geo_m,7,0.1,204,rate,0.23636363636363636,0.052415210688591986,n4000_seed8
cifar10,geo_m,7,0.1,204,probe_weight,0.2911392405063291,0.052415210688591986,n4000_seed8
cifar10,geo_m,7,0.2,409,magnitude,0.7221052631578947,0.11093029563330621,n4000_seed8
cifar10,geo_m,7,0.2,409,variance,0.867579908675799,0.11093029563330621,n4000_seed8
cifar10,geo_m,7,0.2,409,rate,0.484573502722323,0.11093029563330621,n4000_seed8
cifar10,geo_m,7,0.2,409,probe_weight,0.34098360655737703,0.11093029563330621,n4000_seed8
cifar10,geo_m,7,0.5,1024,magnitude,0.8962962962962963,0.3333333333333333,n4000_seed8
cifar10,geo_m,7,0.5,1024,variance,0.8028169014084507,0.3333333333333333,n4000_seed8
cifar10,geo_m,7,0.5,1024,rate,0.9194001874414246,0.3333333333333333,n4000_seed8
cifar10,geo_m,7,0.5,1024,probe_weight,0.49162418062636565,0.3333333333333333,n4000_seed8
cifar10,geo_m,8,0.05,102,magnitude,0.009900990099009901,0.02553830746119179,n4000_seed8
cifar10,geo_m,8,0.05,102,variance,0.11475409836065574,0.02553830746119179,n4000_seed8
cifar10,geo_m,8,0.05,102,rate,0.0,0.02553830746119179,n4000_seed8
cifar10,geo_m,8,0.05,102,probe_weight,0.1590909090909091,0.02553830746119179,n4000_seed8
cifar10,geo_m,8,0.1,204,magnitude,0.2553846153846154,0.052415210688591986,n4000_seed8
cifar10,geo_m,8,0.1,204,variance,0.4068965517241379,0.052415210688591986,n4000_seed8
cifar10,geo_m,8,0.1,204,rate,0.12396694214876033,0.052415210688591986,n4000_seed8
cifar10,geo_m,8,0.1,204,probe_weight,0.24390243902439024,0.052415210688591986,n4000_seed8
cifar10,geo_m,8,0.2,409,magnitude,0.642570281124498,0.11093029563330621,n4000_seed8
cifar10,geo_m,8,0.2,409,variance,0.8137472283813747,0.11093029563330621,n4000_seed8
cifar10,geo_m,8,0.2,409,rate,0.41767764298093585,0.11093029563330621,n4000_seed8
cifar10,geo_m,8,0.2,409,probe_weight,0.3366013071895425,0.11093029563330621,n4000_seed8
cifar10,geo_m,8,0.5,1024,magnitude,0.7224558452481077,0.3333333333333333,n4000_seed8
cifar10,geo_m,8,0.5,1024,variance,0.8107869142351901,0.3333333333333333,n4000_seed8
cifar10,geo_m,8,0.5,1024,rate,0.6125984251968504,0.3333333333333333,n4000_seed8
cifar10,geo_m,8,0.5,1024,probe_weight,0.49162418062636565,0.3333333333333333,n4000_seed8
cifar10,geo_m,9,0.05,102,magnitude,0.3076923076923077,0.02553830746119179,n4000_seed8
cifar10,geo_m,9,0.05,102,variance,0.5454545454545454,0.02553830746119179,n4000_seed8
cifar10,geo_m,9,0.05,102,rate,0.15254237288135594,0.02553830746119179,n4000_seed8
cifar10,geo_m,9,0.05,102,probe_weight,0.25925925925925924,0.02553830746119179,n4000_seed8
cifar10,geo_m,9,0.1,204,magnitude,0.4020618556701031,0.052415210688591986,n4000_seed8
cifar10,geo_m,9,0.1,204,variance,0.5875486381322957,0.052415210688591986,n4000_seed8
cifar10,geo_m,9,0.1,204,rate,0.20353982300884957,0.052415210688591986,n4000_seed8
cifar10,geo_m,9,0.1,204,probe_weight,0.275,0.052415210688591986,n4000_seed8
cifar10,geo_m,9,0.2,409,magnitude,0.4927007299270073,0.11093029563330621,n4000_seed8
cifar10,geo_m,9,0.2,409,variance,0.623015873015873,0.11093029563330621,n4000_seed8
cifar10,geo_m,9,0.2,409,rate,0.30462519936204147,0.11093029563330621,n4000_seed8
cifar10,geo_m,9,0.2,409,probe_weight,0.33878887070376434,0.11093029563330621,n4000_seed8
cifar10,geo_m,9,0.5,1024,magnitude,0.9068901303538175,0.3333333333333333,n4000_seed8
cifar10,geo_m,9,0.5,1024,variance,0.9338999055712937,0.3333333333333333,n4000_seed8
cifar10,geo_m,9,0.5,1024,rate,0.7762359063313097,0.3333333333333333,n4000_seed8
cifar10,geo_m,9,0.5,1024,probe_weight,0.4938001458789205,0.3333333333333333,n4000_seed8
cifar10,geo_r,0,0.05,102,magnitude,0.2,0.02553830746119179,n4000_seed8
cifar10,geo_r,0,0.05,102,variance,0.1724137931034483,0.02553830746119179,n4000_seed8
cifar10,geo_r,0,0.05,102,rate,0.13966480446927373,0.02553830746119179,n4000_seed8
cifar10,geo_r,0,0.05,102,probe_weight,0.13966480446927373,0.02553830746119179,n4000_seed8
cifar10,geo_r,0,0.1,204,magnitude,0.3691275167785235,0.052415210688591986,n4000_seed8
cifar10,geo_r,0,0.1,204,variance,0.3035143769968051,0.052415210688591986,n4000_seed8
cifar10,geo_r,0,0.1,204,rate,0.3377049180327869,0.052415210688591986,n4000_seed8
cifar10,geo_r,0,0.1,204,probe_weight,0.1657142857142857,0.052415210688591986,n4000_seed8
cifar10,geo_r,0,0.2,409,magnitude,0.41278065630397237,0.11093029563330621,n4000_seed8
cifar10,geo_r,0,0.2,409,variance,0.3864406779661017,0.11093029563330621,n4000_seed8
cifar10,geo_r,0,0.2,409,rate,0.4201388888888889,0.11093029563330621,n4000_seed8
cifar10,geo_r,0,0.2,409,probe_weight,0.22638680659670166,0.11093029563330621,n4000_seed8
cifar10,geo_r,0,0.5,1024,magnitude,0.531787584143605,0.3333333333333333,n4000_seed8
cifar10,geo_r,0,0.5,1024,variance,0.5125553914327917,0.3333333333333333,n4000_seed8
cifar10,geo_r,0,0.5,1024,rate,0.5306427503736921,0.3333333333333333,n4000_seed8
cifar10,geo_r,0,0.5,1024,probe_weight,0.4046639231824417,0.3333333333333333,n4000_seed8
cifar10,geo_r,1,0.05,102,magnitude,0.20710059171597633,0.02553830746119179,n4000_seed8
cifar10,geo_r,1,0.05,102,variance,0.2289156626506024,0.02553830746119179,n4000_seed8
cifar10,geo_r,1,0.05,102,rate,0.12087912087912088,0.02553830746119179,n4000_seed8
cifar10,geo_r,1,0.05,102,probe_weight,0.12087912087912088,0.02553830746119179,n4000_seed8
cifar10,geo_r,1,0.1,204,magnitude,0.4117647058823529,0.052415210688591986,n4000_seed8
cifar10,geo_r,1,0.1,204,variance,0.36454849498327757,0.052415210688591986,n4000_seed8
cifar10,geo_r,1,0.1,204,rate,0.3377049180327869,0.052415210688591986,n4000_seed8
cifar10,geo_r,1,0.1,204,probe_weight,0.23636363636363636,0.052415210688591986,n4000_seed8
cifar10,geo_r,1,0.2,409,magnitude,0.44778761061946903,0.11093029563330621,n4000_seed8
cifar10,geo_r,1,0.2,409,variance,0.42757417102966844,0.11093029563330621,n4000_seed8
cifar10,geo_r,1,0.2,409,rate,0.41278065630397237,0.11093029563330621,n4000_seed8
cifar10,geo_r,1,0.2,409,probe_weight,0.2565284178187404,0.11093029563330621,n4000_seed8
cifar10,geo_r,1,0.5,1024,magnitude,0.6344772545889864,0.3333333333333333,n4000_seed8
cifar10,geo_r,1,0.5,1024,variance,0.6228209191759112,0.3333333333333333,n4000_seed8
cifar10,geo_r,1,0.5,1024,rate,0.6087981146897093,0.3333333333333333,n4000_seed8
cifar10,geo_r,1,0.5,1024,probe_weight,0.4422535211267606,0.3333333333333333,n4000_seed8
cifar10,geo_r,2,0.05,102,magnitude,0.2289156626506024,0.02553830746119179,n4000_seed8
cifar10,geo_r,2,0.05,102,variance,0.25925925925925924,0.02553830746119179,n4000_seed8
cifar10,geo_r,2,0.05,102,rate,0.18604651162790697,0.02553830746119179,n4000_seed8
cifar10,geo_r,2,0.05,102,probe_weight,0.11475409836065574,0.02553830746119179,n4000_seed8
cifar10,geo_r,2,0.1,204,magnitude,0.2670807453416149,0.052415210688591986,n4000_seed8
cifar10,geo_r,2,0.1,204,variance,0.2830188679245283,0.052415210688591986,n4000_seed8
cifar10,geo_r,2,0.1,204,rate,0.22522522522522523,0.052415210688591986,n4000_seed8
cifar10,geo_r,2,0.1,204,probe_weight,0.13966480446927373,0.052415210688591986,n4000_seed8
cifar10,geo_r,2,0.2,409,magnitude,0.28414442700156983,0.11093029563330621,n4000_seed8
cifar10,geo_r,2,0.2,409,variance,0.2902208201892745,0.11093029563330621,n4000_seed8
cifar10,geo_r,2,0.2,409,rate,0.254601226993865,0.11093029563330621,n4000_seed8
cifar10,geo_r,2,0.2,409,probe_weight,0.20648967551622419,0.11093029563330621,n4000_seed8
cifar10,geo_r,2,0.5,1024,magnitude,0.43116701607267643,0.3333333333333333,n4000_seed8
cifar10,geo_r,2,0.5,1024,variance,0.4281729428172943,0.3333333333333333,n4000_seed8
cifar10,geo_r,2,0.5,1024,rate,0.4232105628908965,0.3333333333333333,n4000_seed8
cifar10,geo_r,2,0.5,1024,probe_weight,0.37173476222371066,0.3333333333333333,n4000_seed8
cifar10,geo_r,3,0.05,102,magnitude,0.2830188679245283,0.02553830746119179,n4000_seed8
cifar10,geo_r,3,0.05,102,variance,0.24390243902439024,0.02553830746119179,n4000_seed8
cifar10,geo_r,3,0.05,102,rate,0.25925925925925924,0.02553830746119179,n4000_seed8
cifar10,geo_r,3,0.05,102,probe_weight,0.1270718232044199,0.02553830746119179,n4000_seed8
cifar10,geo_r,3,0.1,204,magnitude,0.3924914675767918,0.052415210688591986,n4000_seed8
cifar10,geo_r,3,0.1,204,variance,0.3465346534653465,0.052415210688591986,n4000_seed8
cifar10,geo_r,3,0.1,204,rate,0.3465346534653465,0.052415210688591986,n4000_seed8
cifar10,geo_r,3,0.1,204,probe_weight,0.21428571428571427,0.052415210688591986,n4000_seed8
cifar10,geo_r,3,0.2,409,magnitude,0.48727272727272725,0.11093029563330621,n4000_seed8
cifar10,geo_r,3,0.2,409,variance,0.46858168761220825,0.11093029563330621,n4000_seed8
cifar10,geo_r,3,0.2,409,rate,0.44778761061946903,0.11093029563330621,n4000_seed8
cifar10,geo_r,3,0.2,409,probe_weight,0.28414442700156983,0.11093029563330621,n4000_seed8
cifar10,geo_r,3,0.5,1024,magnitude,0.5125553914327917,0.3333333333333333,n4000_seed8
cifar10,geo_r,3,0.5,1024,variance,0.5114391143911439,0.3333333333333333,n4000_seed8
cifar10,geo_r,3,0.5,1024,rate,0.501466275659824,0.3333333333333333,n4000_seed8
cifar10,geo_r,3,0.5,1024,probe_weight,0.40177960301163584,0.3333333333333333,n4000_seed8
cifar10,geo_r,4,0.05,102,magnitude,0.23636363636363636,0.02553830746119179,n4000_seed8
cifar10,geo_r,4,0.05,102,variance,0.21428571428571427,0.02553830746119179,n4000_seed8
cifar10,geo_r,4,0.05,102,rate,0.21428571428571427,0.02553830746119179,n4000_seed8
cifar10,geo_r,4,0.05,102,probe_weight,0.11475409836065574,0.02553830746119179,n4000_seed8
cifar10,geo_r,4,0.1,204,magnitude,0.2326283987915408,0.052415210688591986,n4000_seed8
cifar10,geo_r,4,0.1,204,variance,0.23636363636363636,0.052415210688591986,n4000_seed8
cifar10,geo_r,4,0.1,204,rate,0.20353982300884957,0.052415210688591986,n4000_seed8
cifar10,geo_r,4,0.1,204,probe_weight,0.1623931623931624,0.052415210688591986,n4000_seed8
cifar10,geo_r,4,0.2,409,magnitude,0.30670926517571884,0.11093029563330621,n4000_seed8
cifar10,geo_r,4,0.2,409,variance,0.3088,0.11093029563330621,n4000_seed8
cifar10,geo_r,4,0.2,409,rate,0.27414330218068533,0.11093029563330621,n4000_seed8
cifar10,geo_r,4,0.2,409,probe_weight,0.21545319465081725,0.11093029563330621,n4000_seed8
cifar10,geo_r,4,0.5,1024,magnitude,0.39795221843003414,0.3333333333333333,n4000_seed8
cifar10,geo_r,4,0.5,1024,variance,0.3960463531015678,0.3333333333333333,n4000_seed8
cifar10,geo_r,4,0.5,1024,rate,0.39509536784741145,0.3333333333333333,n4000_seed8
cifar10,geo_r,4,0.5,1024,probe_weight,0.35809018567639256,0.3333333333333333,n4000_seed8
cifar10,geo_r,5,0.05,102,magnitude,0.2289156626506024,0.02553830746119179,n4000_seed8
cifar10,geo_r,5,0.05,102,variance,0.23636363636363636,0.02553830746119179,n4000_seed8
cifar10,geo_r,5,0.05,102,rate,0.1724137931034483,0.02553830746119179,n4000_seed8
cifar10,geo_r,5,0.05,102,probe_weight,0.10270270270270271,0.02553830746119179,n4000_seed8
cifar10,geo_r,5,0.1,204,magnitude,0.2215568862275449,0.052415210688591986,n4000_seed8
cifar10,geo_r,5,0.1,204,variance,0.24012158054711247,0.052415210688591986,n4000_seed8
cifar10,geo_r,5,0.1,204,rate,0.1791907514450867,0.052415210688591986,n4000_seed8
cifar10,geo_r,5,0.1,204,probe_weight,0.15254237288135594,0.052415210688591986,n4000_seed8
cifar10,geo_r,5,0.2,409,magnitude,0.3193548387096774,0.11093029563330621,n4000_seed8
cifar10,geo_r,5,0.2,409,variance,0.32362459546925565,0.11093029563330621,n4000_seed8
cifar10,geo_r,5,0.2,409,rate,0.278125,0.11093029563330621,n4000_seed8
cifar10,geo_r,5,0.2,409,probe_weight,0.2245508982035928,0.11093029563330621,n4000_seed8
cifar10,geo_r,5,0.5,1024,magnitude,0.3726541554959786,0.3333333333333333,n4000_seed8
cifar10,geo_r,5,0.5,1024,variance,0.374496644295302,0.3333333333333333,n4000_seed8
cifar10,geo_r,5,0.5,1024,rate,0.36989966555183945,0.3333333333333333,n4000_seed8
cifar10,geo_r,5,0.5,1024,probe_weight,0.3617021276595745,0.3333333333333333,n4000_seed8
cifar10,geo_r,6,0.05,102,magnitude,0.10869565217391304,0.02553830746119179,n4000_seed8
cifar10,geo_r,6,0.05,102,variance,0.14606741573033707,0.02553830746119179,n4000_seed8
cifar10,geo_r,6,0.05,102,rate,0.07936507936507936,0.02553830746119179,n4000_seed8
cifar10,geo_r,6,0.05,102,probe_weight,0.09090909090909091,0.02553830746119179,n4000_seed8
cifar10,geo_r,6,0.1,204,magnitude,0.2289156626506024,0.052415210688591986,n4000_seed8
cifar10,geo_r,6,0.1,204,variance,0.21791044776119403,0.052415210688591986,n4000_seed8
cifar10,geo_r,6,0.1,204,rate,0.1791907514450867,0.052415210688591986,n4000_seed8
cifar10,geo_r,6,0.1,204,probe_weight,0.14606741573033707,0.052415210688591986,n4000_seed8
cifar10,geo_r,6,0.2,409,magnitude,0.28213166144200624,0.11093029563330621,n4000_seed8
cifar10,geo_r,6,0.2,409,variance,0.28012519561815336,0.11093029563330621,n4000_seed8
cifar10,geo_r,6,0.2,409,rate,0.2623456790123457,0.11093029563330621,n4000_seed8
cifar10,geo_r,6,0.2,409,probe_weight,0.20294117647058824,0.11093029563330621,n4000_seed8
cifar10,geo_r,6,0.5,1024,magnitude,0.4361851332398317,0.3333333333333333,n4000_seed8
cifar10,geo_r,6,0.5,1024,variance,0.4242002781641168,0.3333333333333333,n4000_seed8
cifar10,geo_r,6,0.5,1024,rate,0.4331700489853044,0.3333333333333333,n4000_seed8
cifar10,geo_r,6,0.5,1024,probe_weight,0.38565629228687415,0.3333333333333333,n4000_seed8
cifar10,geo_r,7,0.05,102,magnitude,0.2911392405063291,0.02553830746119179,n4000_seed8
cifar10,geo_r,7,0.05,102,variance,0.3246753246753247,0.02553830746119179,n4000_seed8
cifar10,geo_r,7,0.05,102,rate,0.25153374233128833,0.02553830746119179,n4000_seed8
cifar10,geo_r,7,0.05,102,probe_weight,0.1791907514450867,0.02553830746119179,n4000_seed8
cifar10,geo_r,7,0.1,204,magnitude,0.31189710610932475,0.052415210688591986,n4000_seed8
cifar10,geo_r,7,0.1,204,variance,0.3289902280130293,0.052415210688591986,n4000_seed8
cifar10,geo_r,7,0.1,204,rate,0.24770642201834864,0.052415210688591986,n4000_seed8
cifar10,geo_r,7,0.1,204,probe_weight,0.21068249258160238,0.052415210688591986,n4000_seed8
cifar10,geo_r,7,0.2,409,magnitude,0.41278065630397237,0.11093029563330621,n4000_seed8
cifar10,geo_r,7,0.2,409,variance,0.4226086956521739,0.11093029563330621,n4000_seed8
cifar10,geo_r,7,0.2,409,rate,0.3610648918469218,0.11093029563330621,n4000_seed8
cifar10,geo_r,7,0.2,409,probe_weight,0.25267993874425726,0.11093029563330621,n4000_seed8
cifar10,geo_r,7,0.5,1024,magnitude,0.48729121278140886,0.3333333333333333,n4000_seed8
cifar10,geo_r,7,0.5,1024,variance,0.48083875632682577,0.3333333333333333,n4000_seed8
cifar10,geo_r,7,0.5,1024,rate,0.4670487106017192,0.3333333333333333,n4000_seed8
cifar10,geo_r,7,0.5,1024,probe_weight,0.39795221843003414,0.3333333333333333,n4000_seed8
cifar10,geo_r,8,0.05,102,magnitude,0.2830188679245283,0.02553830746119179,n4000_seed8
cifar10,geo_r,8,0.05,102,variance,0.3246753246753247,0.02553830746119179,n4000_seed8
cifar10,geo_r,8,0.05,102,rate,0.2,0.02553830746119179,n4000_seed8
cifar10,geo_r,8,0.05,102,probe_weight,0.1590909090909091,0.02553830746119179,n4000_seed8
cifar10,geo_r,8,0.1,204,magnitude,0.3161290322580645,0.052415210688591986,n4000_seed8
cifar10,geo_r,8,0.1,204,variance,0.31189710610932475,0.052415210688591986,n4000_seed8
cifar10,geo_r,8,0.1,204,rate,0.275,0.052415210688591986,n4000_seed8
cifar10,geo_r,8,0.1,204,probe_weight,0.1558073654390935,0.052415210688591986,n4000_seed8
cifar10,geo_r,8,0.2,409,magnitude,0.41278065630397237,0.11093029563330621,n4000_seed8
cifar10,geo_r,8,0.2,409,variance,0.4054982817869416,0.11093029563330621,n4000_seed8
cifar10,geo_r,8,0.2,409,rate,0.36789297658862874,0.11093029563330621,n4000_seed8
cifar10,geo_r,8,0.2,409,probe_weight,0.24127465857359637,0.11093029563330621,n4000_seed8
cifar10,geo_r,8,0.5,1024,magnitude,0.5765973826020016,0.3333333333333333,n4000_seed8
cifar10,geo_r,8,0.5,1024,variance,0.5888285492629945,0.3333333333333333,n4000_seed8
cifar10,geo_r,8,0.5,1024,rate,0.5562310030395137,0.3333333333333333,n4000_seed8
cifar10,geo_r,8,0.5,1024,probe_weight,0.43216783216783217,0.3333333333333333,n4000_seed8
cifar10,geo_r,9,0.05,102,magnitude,0.10869565217391304,0.02553830746119179,n4000_seed8
cifar10,geo_r,9,0.05,102,variance,0.12087912087912088,0.02553830746119179,n4000_seed8
cifar10,geo_r,9,0.05,102,rate,0.09090909090909091,0.02553830746119179,n4000_seed8
cifar10,geo_r,9,0.05,102,probe_weight,0.14606741573033707,0.02553830746119179,n4000_seed8
cifar10,geo_r,9,0.1,204,magnitude,0.2215568862275449,0.052415210688591986,n4000_seed8
cifar10,geo_r,9,0.1,204,variance,0.23636363636363636,0.052415210688591986,n4000_seed8
cifar10,geo_r,9,0.1,204,rate,0.18604651162790697,0.052415210688591986,n4000_seed8
cifar10,geo_r,9,0.1,204,probe_weight,0.1724137931034483,0.052415210688591986,n4000_seed8
cifar10,geo_r,9,0.2,409,magnitude,0.2682170542635659,0.11093029563330621,n4000_seed8
cifar10,geo_r,9,0.2,409,variance,0.27613104524180965,0.11093029563330621,n4000_seed8
cifar10,geo_r,9,0.2,409,rate,0.25267993874425726,0.11093029563330621,n4000_seed8
cifar10,geo_r,9,0.2,409,probe_weight,0.21545319465081725,0.11093029563330621,n4000_seed8
cifar10,geo_r,9,0.5,1024,magnitude,0.5226765799256505,0.3333333333333333,n4000_seed8
cifar10,geo_r,9,0.5,1024,variance,0.5125553914327917,0.3333333333333333,n4000_seed8
cifar10,geo_r,9,0.5,1024,rate,0.531787584143605,0.3333333333333333,n4000_seed8
cifar10,geo_r,9,0.5,1024,probe_weight,0.4065934065934066,0.3333333333333333,n4000_seed8
cifar10,geo_pca,0,0.05,102,magnitude,0.2670807453416149,0.02553830746119179,n4000_seed8
cifar10,geo_pca,0,0.05,102,variance,0.29936305732484075,0.02553830746119179,n4000_seed8
cifar10,geo_pca,0,0.05,102,rate,0.21428571428571427,0.02553830746119179,n4000_seed8
cifar10,geo_pca,0,0.05,102,probe_weight,0.1590909090909091,0.02553830746119179,n4000_seed8
cifar10,geo_pca,0,0.1,204,magnitude,0.23636363636363636,0.052415210688591986,n4000_seed8
cifar10,geo_pca,0,0.1,204,variance,0.2326283987915408,0.052415210688591986,n4000_seed8
cifar10,geo_pca,0,0.1,204,rate,0.21068249258160238,0.052415210688591986,n4000_seed8
cifar10,geo_pca,0,0.1,204,probe_weight,0.16905444126074498,0.052415210688591986,n4000_seed8
cifar10,geo_pca,0,0.2,409,magnitude,0.2984126984126984,0.11093029563330621,n4000_seed8
cifar10,geo_pca,0,0.2,409,variance,0.31511254019292606,0.11093029563330621,n4000_seed8
cifar10,geo_pca,0,0.2,409,rate,0.28818897637795277,0.11093029563330621,n4000_seed8
cifar10,geo_pca,0,0.2,409,probe_weight,0.23751891074130105,0.11093029563330621,n4000_seed8
cifar10,geo_pca,0,0.5,1024,magnitude,0.24878048780487805,0.3333333333333333,n4000_seed8
cifar10,geo_pca,0,0.5,1024,variance,0.2587584511370621,0.3333333333333333,n4000_seed8
cifar10,geo_pca,0,0.5,1024,rate,0.23821039903264812,0.3333333333333333,n4000_seed8
cifar10,geo_pca,0,0.5,1024,probe_weight,0.2848180677540778,0.3333333333333333,n4000_seed8
cifar10,geo_pca,1,0.05,102,magnitude,0.2215568862275449,0.02553830746119179,n4000_seed8
cifar10,geo_pca,1,0.05,102,variance,0.25153374233128833,0.02553830746119179,n4000_seed8
cifar10,geo_pca,1,0.05,102,rate,0.15254237288135594,0.02553830746119179,n4000_seed8
cifar10,geo_pca,1,0.05,102,probe_weight,0.14606741573033707,0.02553830746119179,n4000_seed8
cifar10,geo_pca,1,0.1,204,magnitude,0.1558073654390935,0.052415210688591986,n4000_seed8
cifar10,geo_pca,1,0.1,204,variance,0.1826086956521739,0.052415210688591986,n4000_seed8
cifar10,geo_pca,1,0.1,204,rate,0.09090909090909091,0.052415210688591986,n4000_seed8
cifar10,geo_pca,1,0.1,204,probe_weight,0.14606741573033707,0.052415210688591986,n4000_seed8
cifar10,geo_pca,1,0.2,409,magnitude,0.38175675675675674,0.11093029563330621,n4000_seed8
cifar10,geo_pca,1,0.2,409,variance,0.35206611570247937,0.11093029563330621,n4000_seed8
cifar10,geo_pca,1,0.2,409,rate,0.4079173838209983,0.11093029563330621,n4000_seed8
cifar10,geo_pca,1,0.2,409,probe_weight,0.2450532724505327,0.11093029563330621,n4000_seed8
cifar10,geo_pca,1,0.5,1024,magnitude,0.2657601977750309,0.3333333333333333,n4000_seed8
cifar10,geo_pca,1,0.5,1024,variance,0.2784019975031211,0.3333333333333333,n4000_seed8
cifar10,geo_pca,1,0.5,1024,rate,0.25953259532595324,0.3333333333333333,n4000_seed8
cifar10,geo_pca,1,0.5,1024,probe_weight,0.2921135646687697,0.3333333333333333,n4000_seed8
cifar10,geo_pca,2,0.05,102,magnitude,0.3246753246753247,0.02553830746119179,n4000_seed8
cifar10,geo_pca,2,0.05,102,variance,0.2670807453416149,0.02553830746119179,n4000_seed8
cifar10,geo_pca,2,0.05,102,rate,0.20710059171597633,0.02553830746119179,n4000_seed8
cifar10,geo_pca,2,0.05,102,probe_weight,0.19298245614035087,0.02553830746119179,n4000_seed8
cifar10,geo_pca,2,0.1,204,magnitude,0.3691275167785235,0.052415210688591986,n4000_seed8
cifar10,geo_pca,2,0.1,204,variance,0.3509933774834437,0.052415210688591986,n4000_seed8
cifar10,geo_pca,2,0.1,204,rate,0.3509933774834437,0.052415210688591986,n4000_seed8
cifar10,geo_pca,2,0.1,204,probe_weight,0.21791044776119403,0.052415210688591986,n4000_seed8
cifar10,geo_pca,2,0.2,409,magnitude,0.4250871080139373,0.11093029563330621,n4000_seed8
cifar10,geo_pca,2,0.2,409,variance,0.4250871080139373,0.11093029563330621,n4000_seed8
cifar10,geo_pca,2,0.2,409,rate,0.36789297658862874,0.11093029563330621,n4000_seed8
cifar10,geo_pca,2,0.2,409,probe_weight,0.2861635220125786,0.11093029563330621,n4000_seed8
cifar10,geo_pca,2,0.5,1024,magnitude,0.3473684210526316,0.3333333333333333,n4000_seed8
cifar10,geo_pca,2,0.5,1024,variance,0.3455978975032852,0.3333333333333333,n4000_seed8
cifar10,geo_pca,2,0.5,1024,rate,0.3411918795022921,0.3333333333333333,n4000_seed8
cifar10,geo_pca,2,0.5,1024,probe_weight,0.32129032258064516,0.3333333333333333,n4000_seed8
cifar10,geo_pca,3,0.05,102,magnitude,0.23636363636363636,0.02553830746119179,n4000_seed8
cifar10,geo_pca,3,0.05,102,variance,0.2215568862275449,0.02553830746119179,n4000_seed8
cifar10,geo_pca,3,0.05,102,rate,0.1791907514450867,0.02553830746119179,n4000_seed8
cifar10,geo_pca,3,0.05,102,probe_weight,0.15254237288135594,0.02553830746119179,n4000_seed8
cifar10,geo_pca,3,0.1,204,magnitude,0.36454849498327757,0.052415210688591986,n4000_seed8
cifar10,geo_pca,3,0.1,204,variance,0.2911392405063291,0.052415210688591986,n4000_seed8
cifar10,geo_pca,3,0.1,204,rate,0.36454849498327757,0.052415210688591986,n4000_seed8
cifar10,geo_pca,3,0.1,204,probe_weight,0.17579250720461095,0.052415210688591986,n4000_seed8
cifar10,geo_pca,3,0.2,409,magnitude,0.4006849315068493,0.11093029563330621,n4000_seed8
cifar10,geo_pca,3,0.2,409,variance,0.37478991596638656,0.11093029563330621,n4000_seed8
cifar10,geo_pca,3,0.2,409,rate,0.38175675675675674,0.11093029563330621,n4000_seed8
cifar10,geo_pca,3,0.2,409,probe_weight,0.26040061633281975,0.11093029563330621,n4000_seed8
cifar10,geo_pca,3,0.5,1024,magnitude,0.5515151515151515,0.3333333333333333,n4000_seed8
cifar10,geo_pca,3,0.5,1024,variance,0.5375375375375375,0.3333333333333333,n4000_seed8
cifar10,geo_pca,3,0.5,1024,rate,0.5375375375375375,0.3333333333333333,n4000_seed8
cifar10,geo_pca,3,0.5,1024,probe_weight,0.44123856439127374,0.3333333333333333,n4000_seed8
cifar10,geo_pca,4,0.05,102,magnitude,0.11475409836065574,0.02553830746119179,n4000_seed8
cifar10,geo_pca,4,0.05,102,variance,0.1791907514450867,0.02553830746119179,n4000_seed8
cifar10,geo_pca,4,0.05,102,rate,0.05699481865284974,0.02553830746119179,n4000_seed8
cifar10,geo_pca,4,0.05,102,probe_weight,0.1657142857142857,0.02553830746119179,n4000_seed8
cifar10,geo_pca,4,0.1,204,magnitude,0.2326283987915408,0.052415210688591986,n4000_seed8
cifar10,geo_pca,4,0.1,204,variance,0.24390243902439024,0.052415210688591986,n4000_seed8
cifar10,geo_pca,4,0.1,204,rate,0.1791907514450867,0.052415210688591986,n4000_seed8
cifar10,geo_pca,4,0.1,204,probe_weight,0.1791907514450867,0.052415210688591986,n4000_seed8
cifar10,geo_pca,4,0.2,409,magnitude,0.3108974358974359,0.11093029563330621,n4000_seed8
cifar10,geo_pca,4,0.2,409,variance,0.34761120263591433,0.11093029563330621,n4000_seed8
cifar10,geo_pca,4,0.2,409,rate,0.2565284178187404,0.11093029563330621,n4000_seed8
cifar10,geo_pca,4,0.2,409,probe_weight,0.2682170542635659,0.11093029563330621,n4000_seed8
cifar10,geo_pca,4,0.5,1024,magnitude,0.38191632928475033,0.3333333333333333,n4000_seed8
cifar10,geo_pca,4,0.5,1024,variance,0.3781965006729475,0.3333333333333333,n4000_seed8
cifar10,geo_pca,4,0.5,1024,rate,0.38005390835579517,0.3333333333333333,n4000_seed8
cifar10,geo_pca,4,0.5,1024,probe_weight,0.3735747820254863,0.3333333333333333,n4000_seed8
cifar10,geo_pca,5,0.05,102,magnitude,0.3161290322580645,0.02553830746119179,n4000_seed8
cifar10,geo_pca,5,0.05,102,variance,0.3246753246753247,0.02553830746119179,n4000_seed8
cifar10,geo_pca,5,0.05,102,rate,0.20710059171597633,0.02553830746119179,n4000_seed8
cifar10,geo_pca,5,0.05,102,probe_weight,0.2,0.02553830746119179,n4000_seed8
cifar10,geo_pca,5,0.1,204,magnitude,0.37373737373737376,0.052415210688591986,n4000_seed8
cifar10,geo_pca,5,0.1,204,variance,0.3333333333333333,0.052415210688591986,n4000_seed8
cifar10,geo_pca,5,0.1,204,rate,0.37373737373737376,0.052415210688591986,n4000_seed8
cifar10,geo_pca,5,0.1,204,probe_weight,0.21791044776119403,0.052415210688591986,n4000_seed8
cifar10,geo_pca,5,0.2,409,magnitude,0.3724832214765101,0.11093029563330621,n4000_seed8
cifar10,geo_pca,5,0.2,409,variance,0.36333333333333334,0.11093029563330621,n4000_seed8
cifar10,geo_pca,5,0.2,409,rate,0.36789297658862874,0.11093029563330621,n4000_seed8
cifar10,geo_pca,5,0.2,409,probe_weight,0.25076452599388377,0.11093029563330621,n4000_seed8
cifar10,geo_pca,5,0.5,1024,magnitude,0.5491679273827534,0.3333333333333333,n4000_seed8
cifar10,geo_pca,5,0.5,1024,variance,0.5272184936614467,0.3333333333333333,n4000_seed8
cifar10,geo_pca,5,0.5,1024,rate,0.5609756097560976,0.3333333333333333,n4000_seed8
cifar10,geo_pca,5,0.5,1024,probe_weight,0.41534208707671044,0.3333333333333333,n4000_seed8
cifar10,geo_pca,6,0.05,102,magnitude,0.05154639175257732,0.02553830746119179,n4000_seed8
cifar10,geo_pca,6,0.05,102,variance,0.0851063829787234,0.02553830746119179,n4000_seed8
cifar10,geo_pca,6,0.05,102,rate,0.04081632653061224,0.02553830746119179,n4000_seed8
cifar10,geo_pca,6,0.05,102,probe_weight,0.1270718232044199,0.02553830746119179,n4000_seed8
cifar10,geo_pca,6,0.1,204,magnitude,0.4166666666666667,0.052415210688591986,n4000_seed8
cifar10,geo_pca,6,0.1,204,variance,0.3691275167785235,0.052415210688591986,n4000_seed8
cifar10,geo_pca,6,0.1,204,rate,0.3877551020408163,0.052415210688591986,n4000_seed8
cifar10,geo_pca,6,0.1,204,probe_weight,0.22522522522522523,0.052415210688591986,n4000_seed8
cifar10,geo_pca,6,0.2,409,magnitude,0.3088,0.11093029563330621,n4000_seed8
cifar10,geo_pca,6,0.2,409,variance,0.30254777070063693,0.11093029563330621,n4000_seed8
cifar10,geo_pca,6,0.2,409,rate,0.2701863354037267,0.11093029563330621,n4000_seed8
cifar10,geo_pca,6,0.2,409,probe_weight,0.21545319465081725,0.11093029563330621,n4000_seed8
cifar10,geo_pca,6,0.5,1024,magnitude,0.28080050031269543,0.3333333333333333,n4000_seed8
cifar10,geo_pca,6,0.5,1024,variance,0.2921135646687697,0.3333333333333333,n4000_seed8
cifar10,geo_pca,6,0.5,1024,rate,0.2641975308641975,0.3333333333333333,n4000_seed8
cifar10,geo_pca,6,0.5,1024,probe_weight,0.3161953727506427,0.3333333333333333,n4000_seed8
cifar10,geo_pca,7,0.05,102,magnitude,0.2830188679245283,0.02553830746119179,n4000_seed8
cifar10,geo_pca,7,0.05,102,variance,0.29936305732484075,0.02553830746119179,n4000_seed8
cifar10,geo_pca,7,0.05,102,rate,0.18604651162790697,0.02553830746119179,n4000_seed8
cifar10,geo_pca,7,0.05,102,probe_weight,0.2,0.02553830746119179,n4000_seed8
cifar10,geo_pca,7,0.1,204,magnitude,0.24012158054711247,0.052415210688591986,n4000_seed8
cifar10,geo_pca,7,0.1,204,variance,0.27102803738317754,0.052415210688591986,n4000_seed8
cifar10,geo_pca,7,0.1,204,rate,0.1791907514450867,0.052415210688591986,n4000_seed8
cifar10,geo_pca,7,0.1,204,probe_weight,0.19298245614035087,0.052415210688591986,n4000_seed8
cifar10,geo_pca,7,0.2,409,magnitude,0.30462519936204147,0.11093029563330621,n4000_seed8
cifar10,geo_pca,7,0.2,409,variance,0.34098360655737703,0.11093029563330621,n4000_seed8
cifar10,geo_pca,7,0.2,409,rate,0.254601226993865,0.11093029563330621,n4000_seed8
cifar10,geo_pca,7,0.2,409,probe_weight,0.25846153846153846,0.11093029563330621,n4000_seed8
cifar10,geo_pca,7,0.5,1024,magnitude,0.40370116518163124,0.3333333333333333,n4000_seed8
cifar10,geo_pca,7,0.5,1024,variance,0.40852819807427787,0.3333333333333333,n4000_seed8
cifar10,geo_pca,7,0.5,1024,rate,0.39795221843003414,0.3333333333333333,n4000_seed8
cifar10,geo_pca,7,0.5,1024,probe_weight,0.3708165997322624,0.3333333333333333,n4000_seed8
cifar10,geo_pca,8,0.05,102,magnitude,0.19298245614035087,0.02553830746119179,n4000_seed8
cifar10,geo_pca,8,0.05,102,variance,0.2215568862275449,0.02553830746119179,n4000_seed8
cifar10,geo_pca,8,0.05,102,rate,0.1270718232044199,0.02553830746119179,n4000_seed8
cifar10,geo_pca,8,0.05,102,probe_weight,0.1590909090909091,0.02553830746119179,n4000_seed8
cifar10,geo_pca,8,0.1,204,magnitude,0.15254237288135594,0.052415210688591986,n4000_seed8
cifar10,geo_pca,8,0.1,204,variance,0.1558073654390935,0.052415210688591986,n4000_seed8
cifar10,geo_pca,8,0.1,204,rate,0.13966480446927373,0.052415210688591986,n4000_seed8
cifar10,geo_pca,8,0.1,204,probe_weight,0.10270270270270271,0.052415210688591986,n4000_seed8
cifar10,geo_pca,8,0.2,409,magnitude,0.18895348837209303,0.11093029563330621,n4000_seed8
cifar10,geo_pca,8,0.2,409,variance,0.21185185185185185,0.11093029563330621,n4000_seed8
cifar10,geo_pca,8,0.2,409,rate,0.16193181818181818,0.11093029563330621,n4000_seed8
cifar10,geo_pca,8,0.2,409,probe_weight,0.1855072463768116,0.11093029563330621,n4000_seed8
cifar10,geo_pca,8,0.5,1024,magnitude,0.21687462863933452,0.3333333333333333,n4000_seed8
cifar10,geo_pca,8,0.5,1024,variance,0.22268656716417912,0.3333333333333333,n4000_seed8
cifar10,geo_pca,8,0.5,1024,rate,0.22122838401908168,0.3333333333333333,n4000_seed8
cifar10,geo_pca,8,0.5,1024,probe_weight,0.2728402734617775,0.3333333333333333,n4000_seed8
cifar10,geo_pca,9,0.05,102,magnitude,0.2,0.02553830746119179,n4000_seed8
cifar10,geo_pca,9,0.05,102,variance,0.2,0.02553830746119179,n4000_seed8
cifar10,geo_pca,9,0.05,102,rate,0.1270718232044199,0.02553830746119179,n4000_seed8
cifar10,geo_pca,9,0.05,102,probe_weight,0.14606741573033707,0.02553830746119179,n4000_seed8
cifar10,geo_pca,9,0.1,204,magnitude,0.3035143769968051,0.052415210688591986,n4000_seed8
cifar10,geo_pca,9,0.1,204,variance,0.29523809523809524,0.052415210688591986,n4000_seed8
cifar10,geo_pca,9,0.1,204,rate,0.27102803738317754,0.052415210688591986,n4000_seed8
cifar10,geo_pca,9,0.1,204,probe_weight,0.19298245614035087,0.052415210688591986,n4000_seed8
cifar10,geo_pca,9,0.2,409,magnitude,0.34983498349834985,0.11093029563330621,n4000_seed8
cifar10,geo_pca,9,0.2,409,variance,0.3771043771043771,0.11093029563330621,n4000_seed8
cifar10,geo_pca,9,0.2,409,rate,0.2902208201892745,0.11093029563330621,n4000_seed8
cifar10,geo_pca,9,0.2,409,probe_weight,0.2565284178187404,0.11093029563330621,n4000_seed8
cifar10,geo_pca,9,0.5,1024,magnitude,0.421235253296322,0.3333333333333333,n4000_seed8
cifar10,geo_pca,9,0.5,1024,variance,0.41632088520055327,0.3333333333333333,n4000_seed8
cifar10,geo_pca,9,0.5,1024,rate,0.4124137931034483,0.3333333333333333,n4000_seed8
cifar10,geo_pca,9,0.5,1024,probe_weight,0.35899137358991373,0.3333333333333333,n4000_seed8
cifar10,geo_m,0,0.05,102,magnitude,0.29936305732484075,0.02553830746119179,n4000_seed9
cifar10,geo_m,0,0.05,102,variance,0.5223880597014925,0.02553830746119179,n4000_seed9
cifar10,geo_m,0,0.05,102,rate,0.14606741573033707,0.02553830746119179,n4000_seed9
cifar10,geo_m,0,0.05,102,probe_weight,0.3076923076923077,0.02553830746119179,n4000_seed9
cifar10,geo_m,0,0.1,204,magnitude,0.4117647058823529,0.052415210688591986,n4000_seed9
cifar10,geo_m,0,0.1,204,variance,0.5875486381322957,0.052415210688591986,n4000_seed9
cifar10,geo_m,0,0.1,204,rate,0.2326283987915408,0.052415210688591986,n4000_seed9
cifar10,geo_m,0,0.1,204,probe_weight,0.3035143769968051,0.052415210688591986,n4000_seed9
cifar10,geo_m,0,0.2,409,magnitude,0.4103448275862069,0.11093029563330621,n4000_seed9
cifar10,geo_m,0,0.2,409,variance,0.5375939849624061,0.11093029563330621,n4000_seed9
cifar10,geo_m,0,0.2,409,rate,0.23564954682779457,0.11093029563330621,n4000_seed9
cifar10,geo_m,0,0.2,409,probe_weight,0.3322475570032573,0.11093029563330621,n4000_seed9
cifar10,geo_m,0,0.5,1024,magnitude,0.7210084033613445,0.3333333333333333,n4000_seed9
cifar10,geo_m,0,0.5,1024,variance,0.8075904677846425,0.3333333333333333,n4000_seed9
cifar10,geo_m,0,0.5,1024,rate,0.6075353218210361,0.3333333333333333,n4000_seed9
cifar10,geo_m,0,0.5,1024,probe_weight,0.5003663003663004,0.3333333333333333,n4000_seed9
cifar10,geo_m,1,0.05,102,magnitude,0.2911392405063291,0.02553830746119179,n4000_seed9
cifar10,geo_m,1,0.05,102,variance,0.5111111111111111,0.02553830746119179,n4000_seed9
cifar10,geo_m,1,0.05,102,rate,0.12087912087912088,0.02553830746119179,n4000_seed9
cifar10,geo_m,1,0.05,102,probe_weight,0.29936305732484075,0.02553830746119179,n4000_seed9
cifar10,geo_m,1,0.1,204,magnitude,0.38305084745762713,0.052415210688591986,n4000_seed9
cifar10,geo_m,1,0.1,204,variance,0.5223880597014925,0.052415210688591986,n4000_seed9
cifar10,geo_m,1,0.1,204,rate,0.2215568862275449,0.052415210688591986,n4000_seed9
cifar10,geo_m,1,0.1,204,probe_weight,0.2830188679245283,0.052415210688591986,n4000_seed9
cifar10,geo_m,1,0.2,409,magnitude,0.610236220472441,0.11093029563330621,n4000_seed9
cifar10,geo_m,1,0.2,409,variance,0.7860262008733624,0.11093029563330621,n4000_seed9
cifar10,geo_m,1,0.2,409,rate,0.3840947546531303,0.11093029563330621,n4000_seed9
cifar10,geo_m,1,0.2,409,probe_weight,0.34098360655737703,0.11093029563330621,n4000_seed9
cifar10,geo_m,1,0.5,1024,magnitude,0.7534246575342466,0.3333333333333333,n4000_seed9
cifar10,geo_m,1,0.5,1024,variance,0.8450450450450451,0.3333333333333333,n4000_seed9
cifar10,geo_m,1,0.5,1024,rate,0.6357827476038339,0.3333333333333333,n4000_seed9
cifar10,geo_m,1,0.5,1024,probe_weight,0.4948905109489051,0.3333333333333333,n4000_seed9
cifar10,geo_m,2,0.05,102,magnitude,0.42657342657342656,0.02553830746119179,n4000_seed9
cifar10,geo_m,2,0.05,102,variance,0.7,0.02553830746119179,n4000_seed9
cifar10,geo_m,2,0.05,102,rate,0.2,0.02553830746119179,n4000_seed9
cifar10,geo_m,2,0.05,102,probe_weight,0.3161290322580645,0.02553830746119179,n4000_seed9
cifar10,geo_m,2,0.1,204,magnitude,0.5055350553505535,0.052415210688591986,n4000_seed9
cifar10,geo_m,2,0.1,204,variance,0.7142857142857143,0.052415210688591986,n4000_seed9
cifar10,geo_m,2,0.1,204,rate,0.27899686520376177,0.052415210688591986,n4000_seed9
cifar10,geo_m,2,0.1,204,probe_weight,0.3035143769968051,0.052415210688591986,n4000_seed9
cifar10,geo_m,2,0.2,409,magnitude,0.4927007299270073,0.11093029563330621,n4000_seed9
cifar10,geo_m,2,0.2,409,variance,0.642570281124498,0.11093029563330621,n4000_seed9
cifar10,geo_m,2,0.2,409,rate,0.30254777070063693,0.11093029563330621,n4000_seed9
cifar10,geo_m,2,0.2,409,probe_weight,0.34761120263591433,0.11093029563330621,n4000_seed9
cifar10,geo_m,2,0.5,1024,magnitude,0.6995850622406639,0.3333333333333333,n4000_seed9
cifar10,geo_m,2,0.5,1024,variance,0.7762359063313097,0.3333333333333333,n4000_seed9
cifar10,geo_m,2,0.5,1024,rate,0.5875968992248062,0.3333333333333333,n4000_seed9
cifar10,geo_m,2,0.5,1024,probe_weight,0.4829833454018827,0.3333333333333333,n4000_seed9
cifar10,geo_m,3,0.05,102,magnitude,0.1724137931034483,0.02553830746119179,n4000_seed9
cifar10,geo_m,3,0.05,102,variance,0.3509933774834437,0.02553830746119179,n4000_seed9
cifar10,geo_m,3,0.05,102,rate,0.02512562814070352,0.02553830746119179,n4000_seed9
cifar10,geo_m,3,0.05,102,probe_weight,0.2289156626506024,0.02553830746119179,n4000_seed9
cifar10,geo_m,3,0.1,204,magnitude,0.48363636363636364,0.052415210688591986,n4000_seed9
cifar10,geo_m,3,0.1,204,variance,0.7,0.052415210688591986,n4000_seed9
cifar10,geo_m,3,0.1,204,rate,0.2553846153846154,0.052415210688591986,n4000_seed9
cifar10,geo_m,3,0.1,204,probe_weight,0.3161290322580645,0.052415210688591986,n4000_seed9
cifar10,geo_m,3,0.2,409,magnitude,0.6659877800407332,0.11093029563330621,n4000_seed9
cifar10,geo_m,3,0.2,409,variance,0.8382022471910112,0.11093029563330621,n4000_seed9
cifar10,geo_m,3,0.2,409,rate,0.4201388888888889,0.11093029563330621,n4000_seed9
cifar10,geo_m,3,0.2,409,probe_weight,0.34318555008210183,0.11093029563330621,n4000_seed9
cifar10,geo_m,3,0.5,1024,magnitude,0.8754578754578755,0.3333333333333333,n4000_seed9
cifar10,geo_m,3,0.5,1024,variance,0.9430740037950665,0.3333333333333333,n4000_seed9
cifar10,geo_m,3,0.5,1024,rate,0.7459505541346974,0.3333333333333333,n4000_seed9
cifar10,geo_m,3,0.5,1024,probe_weight,0.4981711777615216,0.3333333333333333,n4000_seed9
cifar10,geo_m,4,0.05,102,magnitude,0.07368421052631578,0.02553830746119179,n4000_seed9
cifar10,geo_m,4,0.05,102,variance,0.21428571428571427,0.02553830746119179,n4000_seed9
cifar10,geo_m,4,0.05,102,rate,0.0,0.02553830746119179,n4000_seed9
cifar10,geo_m,4,0.05,102,probe_weight,0.2,0.02553830746119179,n4000_seed9
cifar10,geo_m,4,0.1,204,magnitude,0.4729241877256318,0.052415210688591986,n4000_seed9
cifar10,geo_m,4,0.1,204,variance,0.6653061224489796,0.052415210688591986,n4000_seed9
cifar10,geo_m,4,0.1,204,rate,0.2553846153846154,0.052415210688591986,n4000_seed9
cifar10,geo_m,4,0.1,204,probe_weight,0.3076923076923077,0.052415210688591986,n4000_seed9
cifar10,geo_m,4,0.2,409,magnitude,0.5009174311926605,0.11093029563330621,n4000_seed9
cifar10,geo_m,4,0.2,409,variance,0.6592292089249493,0.11093029563330621,n4000_seed9
cifar10,geo_m,4,0.2,409,rate,0.30462519936204147,0.11093029563330621,n4000_seed9
cifar10,geo_m,4,0.2,409,probe_weight,0.3322475570032573,0.11093029563330621,n4000_seed9
cifar10,geo_m,4,0.5,1024,magnitude,0.8823529411764706,0.3333333333333333,n4000_seed9
cifar10,geo_m,4,0.5,1024,variance,0.924812030075188,0.3333333333333333,n4000_seed9
cifar10,geo_m,4,0.5,1024,rate,0.7549271636675235,0.3333333333333333,n4000_seed9
cifar10,geo_m,4,0.5,1024,probe_weight,0.49707602339181284,0.3333333333333333,n4000_seed9
cifar10,geo_m,5,0.05,102,magnitude,0.10270270270270271,0.02553830746119179,n4000_seed9
cifar10,geo_m,5,0.05,102,variance,0.25925925925925924,0.02553830746119179,n4000_seed9
cifar10,geo_m,5,0.05,102,rate,0.009900990099009901,0.02553830746119179,n4000_seed9
cifar10,geo_m,5,0.05,102,probe_weight,0.20710059171597633,0.02553830746119179,n4000_seed9
cifar10,geo_m,5,0.1,204,magnitude,0.3333333333333333,0.052415210688591986,n4000_seed9
cifar10,geo_m,5,0.1,204,variance,0.4945054945054945,0.052415210688591986,n4000_seed9
cifar10,geo_m,5,0.1,204,rate,0.1724137931034483,0.052415210688591986,n4000_seed9
cifar10,geo_m,5,0.1,204,probe_weight,0.2911392405063291,0.052415210688591986,n4000_seed9
cifar10,geo_m,5,0.2,409,magnitude,0.6392785571142284,0.11093029563330621,n4000_seed9
cifar10,geo_m,5,0.2,409,variance,0.7978021978021979,0.11093029563330621,n4000_seed9
cifar10,geo_m,5,0.2,409,rate,0.39590443686006827,0.11093029563330621,n4000_seed9
cifar10,geo_m,5,0.2,409,probe_weight,0.34098360655737703,0.11093029563330621,n4000_seed9
cifar10,geo_m,5,0.5,1024,magnitude,0.7824194952132288,0.3333333333333333,n4000_seed9
cifar10,geo_m,5,0.5,1024,variance,0.8686131386861314,0.3333333333333333,n4000_seed9
cifar10,geo_m,5,0.5,1024,rate,0.6609894566098946,0.3333333333333333,n4000_seed9
cifar10,geo_m,5,0.5,1024,probe_weight,0.5092114959469418,0.3333333333333333,n4000_seed9
cifar10,geo_m,6,0.05,102,magnitude,0.15254237288135594,0.02553830746119179,n4000_seed9
cifar10,geo_m,6,0.05,102,variance,0.3246753246753247,0.02553830746119179,n4000_seed9
cifar10,geo_m,6,0.05,102,rate,0.03553299492385787,0.02553830746119179,n4000_seed9
cifar10,geo_m,6,0.05,102,probe_weight,0.2289156626506024,0.02553830746119179,n4000_seed9
cifar10,geo_m,6,0.1,204,magnitude,0.43157894736842106,0.052415210688591986,n4000_seed9
cifar10,geo_m,6,0.1,204,variance,0.6126482213438735,0.052415210688591986,n4000_seed9
cifar10,geo_m,6,0.1,204,rate,0.2289156626506024,0.052415210688591986,n4000_seed9
cifar10,geo_m,6,0.1,204,probe_weight,0.29936305732484075,0.052415210688591986,n4000_seed9
cifar10,geo_m,6,0.2,409,magnitude,0.594541910331384,0.11093029563330621,n4000_seed9
cifar10,geo_m,6,0.2,409,variance,0.7705627705627706,0.11093029563330621,n4000_seed9
cifar10,geo_m,6,0.2,409,rate,0.3794266441821248,0.11093029563330621,n4000_seed9
cifar10,geo_m,6,0.2,409,probe_weight,0.35206611570247937,0.11093029563330621,n4000_seed9
cifar10,geo_m,6,0.5,1024,magnitude,0.6344772545889864,0.3333333333333333,n4000_seed9
cifar10,geo_m,6,0.5,1024,variance,0.7152428810720268,0.3333333333333333,n4000_seed9
cifar10,geo_m,6,0.5,1024,rate,0.531787584143605,0.3333333333333333,n4000_seed9
cifar10,geo_m,6,0.5,1024,probe_weight,0.4744420446364291,0.3333333333333333,n4000_seed9
cifar10,geo_m,7,0.05,102,magnitude,0.2289156626506024,0.02553830746119179,n4000_seed9
cifar10,geo_m,7,0.05,102,variance,0.43661971830985913,0.02553830746119179,n4000_seed9
cifar10,geo_m,7,0.05,102,rate,0.10270270270270271,0.02553830746119179,n4000_seed9
cifar10,geo_m,7,0.05,102,probe_weight,0.29936305732484075,0.02553830746119179,n4000_seed9
cifar10,geo_m,7,0.1,204,magnitude,0.44680851063829785,0.052415210688591986,n4000_seed9
cifar10,geo_m,7,0.1,204,variance,0.6385542168674698,0.052415210688591986,n4000_seed9
cifar10,geo_m,7,0.1,204,rate,0.2326283987915408,0.052415210688591986,n4000_seed9
cifar10,geo_m,7,0.1,204,probe_weight,0.3035143769968051,0.052415210688591986,n4000_seed9
cifar10,geo_m,7,0.2,409,magnitude,0.7221052631578947,0.11093029563330621,n4000_seed9
cifar10,geo_m,7,0.2,409,variance,0.8718535469107551,0.11093029563330621,n4000_seed9
cifar10,geo_m,7,0.2,409,rate,0.47653429602888087,0.11093029563330621,n4000_seed9
cifar10,geo_m,7,0.2,409,probe_weight,0.34098360655737703,0.11093029563330621,n4000_seed9
cifar10,geo_m,7,0.5,1024,magnitude,0.8962962962962963,0.3333333333333333,n4000_seed9
cifar10,geo_m,7,0.5,1024,variance,0.7996485061511424,0.3333333333333333,n4000_seed9
cifar10,geo_m,7,0.5,1024,rate,0.9212007504690432,0.3333333333333333,n4000_seed9
cifar10,geo_m,7,0.5,1024,probe_weight,0.48191027496382055,0.3333333333333333,n4000_seed9
cifar10,geo_m,8,0.05,102,magnitude,0.0049261083743842365,0.02553830746119179,n4000_seed9
cifar10,geo_m,8,0.05,102,variance,0.10869565217391304,0.02553830746119179,n4000_seed9
cifar10,geo_m,8,0.05,102,rate,0.0,0.02553830746119179,n4000_seed9
cifar10,geo_m,8,0.05,102,probe_weight,0.13966480446927373,0.02553830746119179,n4000_seed9
cifar10,geo_m,8,0.1,204,magnitude,0.2553846153846154,0.052415210688591986,n4000_seed9
cifar10,geo_m,8,0.1,204,variance,0.3877551020408163,0.052415210688591986,n4000_seed9
cifar10,geo_m,8,0.1,204,rate,0.12396694214876033,0.052415210688591986,n4000_seed9
cifar10,geo_m,8,0.1,204,probe_weight,0.2553846153846154,0.052415210688591986,n4000_seed9
cifar10,geo_m,8,0.2,409,magnitude,0.6458752515090543,0.11093029563330621,n4000_seed9
cifar10,geo_m,8,0.2,409,variance,0.8258928571428571,0.11093029563330621,n4000_seed9
cifar10,geo_m,8,0.2,409,rate,0.4103448275862069,0.11093029563330621,n4000_seed9
cifar10,geo_m,8,0.2,409,probe_weight,0.34098360655737703,0.11093029563330621,n4000_seed9
cifar10,geo_m,8,0.5,1024,magnitude,0.7253580454928391,0.3333333333333333,n4000_seed9
cifar10,geo_m,8,0.5,1024,variance,0.8139946855624446,0.3333333333333333,n4000_seed9
cifar10,geo_m,8,0.5,1024,rate,0.6113296616837136,0.3333333333333333,n4000_seed9
cifar10,geo_m,8,0.5,1024,probe_weight,0.4883720930232558,0.3333333333333333,n4000_seed9
cifar10,geo_m,9,0.05,102,magnitude,0.29936305732484075,0.02553830746119179,n4000_seed9
cifar10,geo_m,9,0.05,102,variance,0.5223880597014925,0.02553830746119179,n4000_seed9
cifar10,geo_m,9,0.05,102,rate,0.14606741573033707,0.02553830746119179,n4000_seed9
cifar10,geo_m,9,0.05,102,probe_weight,0.3076923076923077,0.02553830746119179,n4000_seed9
cifar10,geo_m,9,0.1,204,magnitude,0.3972602739726027,0.052415210688591986,n4000_seed9
cifar10,geo_m,9,0.1,204,variance,0.5752895752895753,0.052415210688591986,n4000_seed9
cifar10,geo_m,9,0.1,204,rate,0.20353982300884957,0.052415210688591986,n4000_seed9
cifar10,geo_m,9,0.1,204,probe_weight,0.2911392405063291,0.052415210688591986,n4000_seed9
cifar10,geo_m,9,0.2,409,magnitude,0.4927007299270073,0.11093029563330621,n4000_seed9
cifar10,geo_m,9,0.2,409,variance,0.623015873015873,0.11093029563330621,n4000_seed9
cifar10,geo_m,9,0.2,409,rate,0.29635499207606975,0.11093029563330621,n4000_seed9
cifar10,geo_m,9,0.2,409,probe_weight,0.34098360655737703,0.11093029563330621,n4000_seed9
cifar10,geo_m,9,0.5,1024,magnitude,0.9051162790697674,0.3333333333333333,n4000_seed9
cifar10,geo_m,9,0.5,1024,variance,0.928436911487759,0.3333333333333333,n4000_seed9
cifar10,geo_m,9,0.5,1024,rate,0.7762359063313097,0.3333333333333333,n4000_seed9
cifar10,geo_m,9,0.5,1024,probe_weight,0.4981711777615216,0.3333333333333333,n4000_seed9
cifar10,geo_r,0,0.05,102,magnitude,0.2,0.02553830746119179,n4000_seed9
cifar10,geo_r,0,0.05,102,variance,0.1791907514450867,0.02553830746119179,n4000_seed9
cifar10,geo_r,0,0.05,102,rate,0.13333333333333333,0.02553830746119179,n4000_seed9
cifar10,geo_r,0,0.05,102,probe_weight,0.11475409836065574,0.02553830746119179,n4000_seed9
cifar10,geo_r,0,0.1,204,magnitude,0.36454849498327757,0.052415210688591986,n4000_seed9
cifar10,geo_r,0,0.1,204,variance,0.32038834951456313,0.052415210688591986,n4000_seed9
cifar10,geo_r,0,0.1,204,rate,0.34210526315789475,0.052415210688591986,n4000_seed9
cifar10,geo_r,0,0.1,204,probe_weight,0.15254237288135594,0.052415210688591986,n4000_seed9
cifar10,geo_r,0,0.2,409,magnitude,0.41767764298093585,0.11093029563330621,n4000_seed9
cifar10,geo_r,0,0.2,409,variance,0.3794266441821248,0.11093029563330621,n4000_seed9
cifar10,geo_r,0,0.2,409,rate,0.4250871080139373,0.11093029563330621,n4000_seed9
cifar10,geo_r,0,0.2,409,probe_weight,0.2227204783258595,0.11093029563330621,n4000_seed9
cifar10,geo_r,0,0.5,1024,magnitude,0.5283582089552239,0.3333333333333333,n4000_seed9
cifar10,geo_r,0,0.5,1024,variance,0.5103244837758112,0.3333333333333333,n4000_seed9
cifar10,geo_r,0,0.5,1024,rate,0.5294996265870052,0.3333333333333333,n4000_seed9
cifar10,geo_r,0,0.5,1024,probe_weight,0.42618384401114207,0.3333333333333333,n4000_seed9
cifar10,geo_r,1,0.05,102,magnitude,0.2,0.02553830746119179,n4000_seed9
cifar10,geo_r,1,0.05,102,variance,0.23636363636363636,0.02553830746119179,n4000_seed9
cifar10,geo_r,1,0.05,102,rate,0.12087912087912088,0.02553830746119179,n4000_seed9
cifar10,geo_r,1,0.05,102,probe_weight,0.12087912087912088,0.02553830746119179,n4000_seed9
cifar10,geo_r,1,0.1,204,magnitude,0.3972602739726027,0.052415210688591986,n4000_seed9
cifar10,geo_r,1,0.1,204,variance,0.37373737373737376,0.052415210688591986,n4000_seed9
cifar10,geo_r,1,0.1,204,rate,0.3289902280130293,0.052415210688591986,n4000_seed9
cifar10,geo_r,1,0.1,204,probe_weight,0.1724137931034483,0.052415210688591986,n4000_seed9
cifar10,geo_r,1,0.2,409,magnitude,0.450354609929078,0.11093029563330621,n4000_seed9
cifar10,geo_r,1,0.2,409,variance,0.4250871080139373,0.11093029563330621,n4000_seed9
cifar10,geo_r,1,0.2,409,rate,0.41278065630397237,0.11093029563330621,n4000_seed9
cifar10,geo_r,1,0.2,409,probe_weight,0.2450532724505327,0.11093029563330621,n4000_seed9
cifar10,geo_r,1,0.5,1024,magnitude,0.6318725099601593,0.3333333333333333,n4000_seed9
cifar10,geo_r,1,0.5,1024,variance,0.6241078509119746,0.3333333333333333,n4000_seed9
cifar10,geo_r,1,0.5,1024,rate,0.6151419558359621,0.3333333333333333,n4000_seed9
cifar10,geo_r,1,0.5,1024,probe_weight,0.42519137091162146,0.3333333333333333,n4000_seed9
cifar10,geo_r,2,0.05,102,magnitude,0.2289156626506024,0.02553830746119179,n4000_seed9
cifar10,geo_r,2,0.05,102,variance,0.25153374233128833,0.02553830746119179,n4000_seed9
cifar10,geo_r,2,0.05,102,rate,0.1724137931034483,0.02553830746119179,n4000_seed9
cifar10,geo_r,2,0.05,102,probe_weight,0.13333333333333333,0.02553830746119179,n4000_seed9
cifar10,geo_r,2,0.1,204,magnitude,0.27899686520376177,0.052415210688591986,n4000_seed9
cifar10,geo_r,2,0.1,204,variance,0.27899686520376177,0.052415210688591986,n4000_seed9
cifar10,geo_r,2,0.1,204,rate,0.24012158054711247,0.052415210688591986,n4000_seed9
cifar10,geo_r,2,0.1,204,probe_weight,0.1657142857142857,0.052415210688591986,n4000_seed9
cifar10,geo_r,2,0.2,409,magnitude,0.28213166144200624,0.11093029563330621,n4000_seed9
cifar10,geo_r,2,0.2,409,variance,0.292259083728278,0.11093029563330621,n4000_seed9
cifar10,geo_r,2,0.2,409,rate,0.2565284178187404,0.11093029563330621,n4000_seed9
cifar10,geo_r,2,0.2,409,probe_weight,0.195906432748538,0.11093029563330621,n4000_seed9
cifar10,geo_r,2,0.5,1024,magnitude,0.43116701607267643,0.3333333333333333,n4000_seed9
cifar10,geo_r,2,0.5,1024,variance,0.4301675977653631,0.3333333333333333,n4000_seed9
cifar10,geo_r,2,0.5,1024,rate,0.42618384401114207,0.3333333333333333,n4000_seed9
cifar10,geo_r,2,0.5,1024,probe_weight,0.3544973544973545,0.3333333333333333,n4000_seed9
cifar10,geo_r,3,0.05,102,magnitude,0.275,0.02553830746119179,n4000_seed9
cifar10,geo_r,3,0.05,102,variance,0.24390243902439024,0.02553830746119179,n4000_seed9
cifar10,geo_r,3,0.05,102,rate,0.25925925925925924,0.02553830746119179,n4000_seed9
cifar10,geo_r,3,0.05,102,probe_weight,0.13333333333333333,0.02553830746119179,n4000_seed9
cifar10,geo_r,3,0.1,204,magnitude,0.3972602739726027,0.052415210688591986,n4000_seed9
cifar10,geo_r,3,0.1,204,variance,0.3509933774834437,0.052415210688591986,n4000_seed9
cifar10,geo_r,3,0.1,204,rate,0.3465346534653465,0.052415210688591986,n4000_seed9
cifar10,geo_r,3,0.1,204,probe_weight,0.18604651162790697,0.052415210688591986,n4000_seed9
cifar10,geo_r,3,0.2,409,magnitude,0.48188405797101447,0.11093029563330621,n4000_seed9
cifar10,geo_r,3,0.2,409,variance,0.44778761061946903,0.11093029563330621,n4000_seed9
cifar10,geo_r,3,0.2,409,rate,0.44778761061946903,0.11093029563330621,n4000_seed9
cifar10,geo_r,3,0.2,409,probe_weight,0.27414330218068533,0.11093029563330621,n4000_seed9
cifar10,geo_r,3,0.5,1024,magnitude,0.508100147275405,0.3333333333333333,n4000_seed9
cifar10,geo_r,3,0.5,1024,variance,0.5125553914327917,0.3333333333333333,n4000_seed9
cifar10,geo_r,3,0.5,1024,rate,0.5003663003663004,0.3333333333333333,n4000_seed9
cifar10,geo_r,3,0.5,1024,probe_weight,0.4182825484764543,0.3333333333333333,n4000_seed9
cifar10,geo_r,4,0.05,102,magnitude,0.2215568862275449,0.02553830746119179,n4000_seed9
cifar10,geo_r,4,0.05,102,variance,0.2215568862275449,0.02553830746119179,n4000_seed9
cifar10,geo_r,4,0.05,102,rate,0.2215568862275449,0.02553830746119179,n4000_seed9
cifar10,geo_r,4,0.05,102,probe_weight,0.15254237288135594,0.02553830746119179,n4000_seed9
cifar10,geo_r,4,0.1,204,magnitude,0.24012158054711247,0.052415210688591986,n4000_seed9
cifar10,geo_r,4,0.1,204,variance,0.2326283987915408,0.052415210688591986,n4000_seed9
cifar10,geo_r,4,0.1,204,rate,0.2,0.052415210688591986,n4000_seed9
cifar10,geo_r,4,0.1,204,probe_weight,0.15254237288135594,0.052415210688591986,n4000_seed9
cifar10,geo_r,4,0.2,409,magnitude,0.3108974358974359,0.11093029563330621,n4000_seed9
cifar10,geo_r,4,0.2,409,variance,0.30670926517571884,0.11093029563330621,n4000_seed9
cifar10,geo_r,4,0.2,409,rate,0.27414330218068533,0.11093029563330621,n4000_seed9
cifar10,geo_r,4,0.2,409,probe_weight,0.19941348973607037,0.11093029563330621,n4000_seed9
cifar10,geo_r,4,0.5,1024,magnitude,0.3989071038251366,0.3333333333333333,n4000_seed9
cifar10,geo_r,4,0.5,1024,variance,0.3969986357435198,0.3333333333333333,n4000_seed9
cifar10,geo_r,4,0.5,1024,rate,0.39509536784741145,0.3333333333333333,n4000_seed9
cifar10,geo_r,4,0.5,1024,probe_weight,0.3837837837837838,0.3333333333333333,n4000_seed9
cifar10,geo_r,5,0.05,102,magnitude,0.2289156626506024,0.02553830746119179,n4000_seed9
cifar10,geo_r,5,0.05,102,variance,0.2289156626506024,0.02553830746119179,n4000_seed9
cifar10,geo_r,5,0.05,102,rate,0.1791907514450867,0.02553830746119179,n4000_seed9
cifar10,geo_r,5,0.05,102,probe_weight,0.10869565217391304,0.02553830746119179,n4000_seed9
cifar10,geo_r,5,0.1,204,magnitude,0.21791044776119403,0.052415210688591986,n4000_seed9
cifar10,geo_r,5,0.1,204,variance,0.23636363636363636,0.052415210688591986,n4000_seed9
cifar10,geo_r,5,0.1,204,rate,0.18604651162790697,0.052415210688591986,n4000_seed9
cifar10,geo_r,5,0.1,204,probe_weight,0.14285714285714285,0.052415210688591986,n4000_seed9
cifar10,geo_r,5,0.2,409,magnitude,0.32148626817447495,0.11093029563330621,n4000_seed9
cifar10,geo_r,5,0.2,409,variance,0.3300813008130081,0.11093029563330621,n4000_seed9
cifar10,geo_r,5,0.2,409,rate,0.27613104524180965,0.11093029563330621,n4000_seed9
cifar10,geo_r,5,0.2,409,probe_weight,0.2319277108433735,0.11093029563330621,n4000_seed9
cifar10,geo_r,5,0.5,1024,magnitude,0.3763440860215054,0.3333333333333333,n4000_seed9
cifar10,geo_r,5,0.5,1024,variance,0.3763440860215054,0.3333333333333333,n4000_seed9
cifar10,geo_r,5,0.5,1024,rate,0.36989966555183945,0.3333333333333333,n4000_seed9
cifar10,geo_r,5,0.5,1024,probe_weight,0.3617021276595745,0.3333333333333333,n4000_seed9
cifar10,geo_r,6,0.05,102,magnitude,0.10869565217391304,0.02553830746119179,n4000_seed9
cifar10,geo_r,6,0.05,102,variance,0.14606741573033707,0.02553830746119179,n4000_seed9
cifar10,geo_r,6,0.05,102,rate,0.07936507936507936,0.02553830746119179,n4000_seed9
cifar10,geo_r,6,0.05,102,probe_weight,0.10270270270270271,0.02553830746119179,n4000_seed9
cifar10,geo_r,6,0.1,204,magnitude,0.22522522522522523,0.052415210688591986,n4000_seed9
cifar10,geo_r,6,0.1,204,variance,0.21428571428571427,0.052415210688591986,n4000_seed9
cifar10,geo_r,6,0.1,204,rate,0.18604651162790697,0.052415210688591986,n4000_seed9
cifar10,geo_r,6,0.1,204,probe_weight,0.1657142857142857,0.052415210688591986,n4000_seed9
cifar10,geo_r,6,0.2,409,magnitude,0.28213166144200624,0.11093029563330621,n4000_seed9
cifar10,geo_r,6,0.2,409,variance,0.28414442700156983,0.11093029563330621,n4000_seed9
cifar10,geo_r,6,0.2,409,rate,0.2565284178187404,0.11093029563330621,n4000_seed9
cifar10,geo_r,6,0.2,409,probe_weight,0.21545319465081725,0.11093029563330621,n4000_seed9
cifar10,geo_r,6,0.5,1024,magnitude,0.4351786965662228,0.3333333333333333,n4000_seed9
cifar10,geo_r,6,0.5,1024,variance,0.4222222222222222,0.3333333333333333,n4000_seed9
cifar10,geo_r,6,0.5,1024,rate,0.4392129304286718,0.3333333333333333,n4000_seed9
cifar10,geo_r,6,0.5,1024,probe_weight,0.36624416277518346,0.3333333333333333,n4000_seed9
cifar10,geo_r,7,0.05,102,magnitude,0.29936305732484075,0.02553830746119179,n4000_seed9
cifar10,geo_r,7,0.05,102,variance,0.34210526315789475,0.02553830746119179,n4000_seed9
cifar10,geo_r,7,0.05,102,rate,0.24390243902439024,0.02553830746119179,n4000_seed9
cifar10,geo_r,7,0.05,102,probe_weight,0.19298245614035087,0.02553830746119179,n4000_seed9
cifar10,geo_r,7,0.1,204,magnitude,0.3161290322580645,0.052415210688591986,n4000_seed9
cifar10,geo_r,7,0.1,204,variance,0.3377049180327869,0.052415210688591986,n4000_seed9
cifar10,geo_r,7,0.1,204,rate,0.25153374233128833,0.052415210688591986,n4000_seed9
cifar10,geo_r,7,0.1,204,probe_weight,0.20353982300884957,0.052415210688591986,n4000_seed9
cifar10,geo_r,7,0.2,409,magnitude,0.4103448275862069,0.11093029563330621,n4000_seed9
cifar10,geo_r,7,0.2,409,variance,0.41767764298093585,0.11093029563330621,n4000_seed9
cifar10,geo_r,7,0.2,409,rate,0.35655058043117743,0.11093029563330621,n4000_seed9
cifar10,geo_r,7,0.2,409,probe_weight,0.25076452599388377,0.11093029563330621,n4000_seed9
cifar10,geo_r,7,0.5,1024,magnitude,0.49053857350800584,0.3333333333333333,n4000_seed9
cifar10,geo_r,7,0.5,1024,variance,0.4787003610108303,0.3333333333333333,n4000_seed9
cifar10,geo_r,7,0.5,1024,rate,0.46810035842293907,0.3333333333333333,n4000_seed9
cifar10,geo_r,7,0.5,1024,probe_weight,0.39414567733151806,0.3333333333333333,n4000_seed9
cifar10,geo_r,8,0.05,102,magnitude,0.275,0.02553830746119179,n4000_seed9
cifar10,geo_r,8,0.05,102,variance,0.3246753246753247,0.02553830746119179,n4000_seed9
cifar10,geo_r,8,0.05,102,rate,0.2,0.02553830746119179,n4000_seed9
cifar10,geo_r,8,0.05,102,probe_weight,0.1791907514450867,0.02553830746119179,n4000_seed9
cifar10,geo_r,8,0.1,204,magnitude,0.3161290322580645,0.052415210688591986,n4000_seed9
cifar10,geo_r,8,0.1,204,variance,0.3161290322580645,0.052415210688591986,n4000_seed9
cifar10,geo_r,8,0.1,204,rate,0.2870662460567823,0.052415210688591986,n4000_seed9
cifar10,geo_r,8,0.1,204,probe_weight,0.14285714285714285,0.052415210688591986,n4000_seed9
cifar10,geo_r,8,0.2,409,magnitude,0.41278065630397237,0.11093029563330621,n4000_seed9
cifar10,geo_r,8,0.2,409,variance,0.39829059829059826,0.11093029563330621,n4000_seed9
cifar10,geo_r,8,0.2,409,rate,0.36789297658862874,0.11093029563330621,n4000_seed9
cifar10,geo_r,8,0.2,409,probe_weight,0.254601226993865,0.11093029563330621,n4000_seed9
cifar10,geo_r,8,0.5,1024,magnitude,0.5790285273708559,0.3333333333333333,n4000_seed9
cifar10,geo_r,8,0.5,1024,variance,0.5888285492629945,0.3333333333333333,n4000_seed9
cifar10,geo_r,8,0.5,1024,rate,0.5562310030395137,0.3333333333333333,n4000_seed9
cifar10,geo_r,8,0.5,1024,probe_weight,0.45351312987934705,0.3333333333333333,n4000_seed9
cifar10,geo_r,9,0.05,102,magnitude,0.12087912087912088,0.02553830746119179,n4000_seed9
cifar10,geo_r,9,0.05,102,variance,0.1270718232044199,0.02553830746119179,n4000_seed9
cifar10,geo_r,9,0.05,102,rate,0.0851063829787234,0.02553830746119179,n4000_seed9
cifar10,geo_r,9,0.05,102,probe_weight,0.13333333333333333,0.02553830746119179,n4000_seed9
cifar10,geo_r,9,0.1,204,magnitude,0.2215568862275449,0.052415210688591986,n4000_seed9
cifar10,geo_r,9,0.1,204,variance,0.2326283987915408,0.052415210688591986,n4000_seed9
cifar10,geo_r,9,0.1,204,rate,0.19298245614035087,0.052415210688591986,n4000_seed9
cifar10,geo_r,9,0.1,204,probe_weight,0.19298245614035087,0.052415210688591986,n4000_seed9
cifar10,geo_r,9,0.2,409,magnitude,0.2642967542503864,0.11093029563330621,n4000_seed9
cifar10,geo_r,9,0.2,409,variance,0.27414330218068533,0.11093029563330621,n4000_seed9
cifar10,geo_r,9,0.2,409,rate,0.24885496183206107,0.11093029563330621,n4000_seed9
cifar10,geo_r,9,0.2,409,probe_weight,0.23378582202111614,0.11093029563330621,n4000_seed9
cifar10,geo_r,9,0.5,1024,magnitude,0.5226765799256505,0.3333333333333333,n4000_seed9
cifar10,geo_r,9,0.5,1024,variance,0.5136733185513673,0.3333333333333333,n4000_seed9
cifar10,geo_r,9,0.5,1024,rate,0.531787584143605,0.3333333333333333,n4000_seed9
cifar10,geo_r,9,0.5,1024,probe_weight,0.4065934065934066,0.3333333333333333,n4000_seed9
cifar10,geo_pca,0,0.05,102,magnitude,0.275,0.02553830746119179,n4000_seed9
cifar10,geo_pca,0,0.05,102,variance,0.2830188679245283,0.02553830746119179,n4000_seed9
cifar10,geo_pca,0,0.05,102,rate,0.21428571428571427,0.02553830746119179,n4000_seed9
cifar10,geo_pca,0,0.05,102,probe_weight,0.2,0.02553830746119179,n4000_seed9
cifar10,geo_pca,0,0.1,204,magnitude,0.23636363636363636,0.052415210688591986,n4000_seed9
cifar10,geo_pca,0,0.1,204,variance,0.23636363636363636,0.052415210688591986,n4000_seed9
cifar10,geo_pca,0,0.1,204,rate,0.20710059171597633,0.052415210688591986,n4000_seed9
cifar10,geo_pca,0,0.1,204,probe_weight,0.15254237288135594,0.052415210688591986,n4000_seed9
cifar10,geo_pca,0,0.2,409,magnitude,0.3004769475357711,0.11093029563330621,n4000_seed9
cifar10,geo_pca,0,0.2,409,variance,0.3130016051364366,0.11093029563330621,n4000_seed9
cifar10,geo_pca,0,0.2,409,rate,0.29430379746835444,0.11093029563330621,n4000_seed9
cifar10,geo_pca,0,0.2,409,probe_weight,0.2245508982035928,0.11093029563330621,n4000_seed9
cifar10,geo_pca,0,0.5,1024,magnitude,0.2503052503052503,0.3333333333333333,n4000_seed9
cifar10,geo_pca,0,0.5,1024,variance,0.25644171779141106,0.3333333333333333,n4000_seed9
cifar10,geo_pca,0,0.5,1024,rate,0.24271844660194175,0.3333333333333333,n4000_seed9
cifar10,geo_pca,0,0.5,1024,probe_weight,0.28240450845335,0.3333333333333333,n4000_seed9
cifar10,geo_pca,1,0.05,102,magnitude,0.2215568862275449,0.02553830746119179,n4000_seed9
cifar10,geo_pca,1,0.05,102,variance,0.24390243902439024,0.02553830746119179,n4000_seed9
cifar10,geo_pca,1,0.05,102,rate,0.15254237288135594,0.02553830746119179,n4000_seed9
cifar10,geo_pca,1,0.05,102,probe_weight,0.1657142857142857,0.02553830746119179,n4000_seed9
cifar10,geo_pca,1,0.1,204,magnitude,0.1558073654390935,0.052415210688591986,n4000_seed9
cifar10,geo_pca,1,0.1,204,variance,0.1791907514450867,0.052415210688591986,n4000_seed9
cifar10,geo_pca,1,0.1,204,rate,0.0938337801608579,0.052415210688591986,n4000_seed9
cifar10,geo_pca,1,0.1,204,probe_weight,0.13649025069637882,0.052415210688591986,n4000_seed9
cifar10,geo_pca,1,0.2,409,magnitude,0.3864406779661017,0.11093029563330621,n4000_seed9
cifar10,geo_pca,1,0.2,409,variance,0.34983498349834985,0.11093029563330621,n4000_seed9
cifar10,geo_pca,1,0.2,409,rate,0.4054982817869416,0.11093029563330621,n4000_seed9
cifar10,geo_pca,1,0.2,409,probe_weight,0.25076452599388377,0.11093029563330621,n4000_seed9
cifar10,geo_pca,1,0.5,1024,magnitude,0.26889714993804215,0.3333333333333333,n4000_seed9
cifar10,geo_pca,1,0.5,1024,variance,0.28240450845335,0.3333333333333333,n4000_seed9
cifar10,geo_pca,1,0.5,1024,rate,0.2572130141190915,0.3333333333333333,n4000_seed9
cifar10,geo_pca,1,0.5,1024,probe_weight,0.28967254408060455,0.3333333333333333,n4000_seed9
cifar10,geo_pca,2,0.05,102,magnitude,0.3161290322580645,0.02553830746119179,n4000_seed9
cifar10,geo_pca,2,0.05,102,variance,0.2830188679245283,0.02553830746119179,n4000_seed9
cifar10,geo_pca,2,0.05,102,rate,0.21428571428571427,0.02553830746119179,n4000_seed9
cifar10,geo_pca,2,0.05,102,probe_weight,0.20710059171597633,0.02553830746119179,n4000_seed9
cifar10,geo_pca,2,0.1,204,magnitude,0.36,0.052415210688591986,n4000_seed9
cifar10,geo_pca,2,0.1,204,variance,0.34210526315789475,0.052415210688591986,n4000_seed9
cifar10,geo_pca,2,0.1,204,rate,0.36,0.052415210688591986,n4000_seed9
cifar10,geo_pca,2,0.1,204,probe_weight,0.21068249258160238,0.052415210688591986,n4000_seed9
cifar10,geo_pca,2,0.2,409,magnitude,0.43257443082311736,0.11093029563330621,n4000_seed9
cifar10,geo_pca,2,0.2,409,variance,0.41767764298093585,0.11093029563330621,n4000_seed9
cifar10,geo_pca,2,0.2,409,rate,0.36789297658862874,0.11093029563330621,n4000_seed9
cifar10,geo_pca,2,0.2,409,probe_weight,0.27216174183514774,0.11093029563330621,n4000_seed9
cifar10,geo_pca,2,0.5,1024,magnitude,0.3527080581241744,0.3333333333333333,n4000_seed9
cifar10,geo_pca,2,0.5,1024,variance,0.34648257725180803,0.3333333333333333,n4000_seed9
cifar10,geo_pca,2,0.5,1024,rate,0.3438320209973753,0.3333333333333333,n4000_seed9
cifar10,geo_pca,2,0.5,1024,probe_weight,0.32129032258064516,0.3333333333333333,n4000_seed9
cifar10,geo_pca,3,0.05,102,magnitude,0.23636363636363636,0.02553830746119179,n4000_seed9
cifar10,geo_pca,3,0.05,102,variance,0.2289156626506024,0.02553830746119179,n4000_seed9
cifar10,geo_pca,3,0.05,102,rate,0.18604651162790697,0.02553830746119179,n4000_seed9
cifar10,geo_pca,3,0.05,102,probe_weight,0.18604651162790697,0.02553830746119179,n4000_seed9
cifar10,geo_pca,3,0.1,204,magnitude,0.3554817275747508,0.052415210688591986,n4000_seed9
cifar10,geo_pca,3,0.1,204,variance,0.29523809523809524,0.052415210688591986,n4000_seed9
cifar10,geo_pca,3,0.1,204,rate,0.3509933774834437,0.052415210688591986,n4000_seed9
cifar10,geo_pca,3,0.1,204,probe_weight,0.16905444126074498,0.052415210688591986,n4000_seed9
cifar10,geo_pca,3,0.2,409,magnitude,0.4006849315068493,0.11093029563330621,n4000_seed9
cifar10,geo_pca,3,0.2,409,variance,0.3840947546531303,0.11093029563330621,n4000_seed9
cifar10,geo_pca,3,0.2,409,rate,0.3864406779661017,0.11093029563330621,n4000_seed9
cifar10,geo_pca,3,0.2,409,probe_weight,0.22638680659670166,0.11093029563330621,n4000_seed9
cifar10,geo_pca,3,0.5,1024,magnitude,0.5503406510219531,0.3333333333333333,n4000_seed9
cifar10,geo_pca,3,0.5,1024,variance,0.5329341317365269,0.3333333333333333,n4000_seed9
cifar10,geo_pca,3,0.5,1024,rate,0.5386927122464312,0.3333333333333333,n4000_seed9
cifar10,geo_pca,3,0.5,1024,probe_weight,0.4242002781641168,0.3333333333333333,n4000_seed9
cifar10,geo_pca,4,0.05,102,magnitude,0.10869565217391304,0.02553830746119179,n4000_seed9
cifar10,geo_pca,4,0.05,102,variance,0.1724137931034483,0.02553830746119179,n4000_seed9
cifar10,geo_pca,4,0.05,102,rate,0.05699481865284974,0.02553830746119179,n4000_seed9
cifar10,geo_pca,4,0.05,102,probe_weight,0.1724137931034483,0.02553830746119179,n4000_seed9
cifar10,geo_pca,4,0.1,204,magnitude,0.23636363636363636,0.052415210688591986,n4000_seed9
cifar10,geo_pca,4,0.1,204,variance,0.24390243902439024,0.052415210688591986,n4000_seed9
cifar10,geo_pca,4,0.1,204,rate,0.1724137931034483,0.052415210688591986,n4000_seed9
cifar10,geo_pca,4,0.1,204,probe_weight,0.1826086956521739,0.052415210688591986,n4000_seed9
cifar10,geo_pca,4,0.2,409,magnitude,0.31511254019292606,0.11093029563330621,n4000_seed9
cifar10,geo_pca,4,0.2,409,variance,0.3366013071895425,0.11093029563330621,n4000_seed9
cifar10,geo_pca,4,0.2,409,rate,0.254601226993865,0.11093029563330621,n4000_seed9
cifar10,geo_pca,4,0.2,409,probe_weight,0.2642967542503864,0.11093029563330621,n4000_seed9
cifar10,geo_pca,4,0.5,1024,magnitude,0.3763440860215054,0.3333333333333333,n4000_seed9
cifar10,geo_pca,4,0.5,1024,variance,0.37541974479516454,0.3333333333333333,n4000_seed9
cifar10,geo_pca,4,0.5,1024,rate,0.38565629228687415,0.3333333333333333,n4000_seed9
cifar10,geo_pca,4,0.5,1024,probe_weight,0.36989966555183945,0.3333333333333333,n4000_seed9
cifar10,geo_pca,5,0.05,102,magnitude,0.3076923076923077,0.02553830746119179,n4000_seed9
cifar10,geo_pca,5,0.05,102,variance,0.34210526315789475,0.02553830746119179,n4000_seed9
cifar10,geo_pca,5,0.05,102,rate,0.2,0.02553830746119179,n4000_seed9
cifar10,geo_pca,5,0.05,102,probe_weight,0.23636363636363636,0.02553830746119179,n4000_seed9
cifar10,geo_pca,5,0.1,204,magnitude,0.37373737373737376,0.052415210688591986,n4000_seed9
cifar10,geo_pca,5,0.1,204,variance,0.34210526315789475,0.052415210688591986,n4000_seed9
cifar10,geo_pca,5,0.1,204,rate,0.3691275167785235,0.052415210688591986,n4000_seed9
cifar10,geo_pca,5,0.1,204,probe_weight,0.19298245614035087,0.052415210688591986,n4000_seed9
cifar10,geo_pca,5,0.2,409,magnitude,0.3724832214765101,0.11093029563330621,n4000_seed9
cifar10,geo_pca,5,0.2,409,variance,0.3656093489148581,0.11093029563330621,n4000_seed9
cifar10,geo_pca,5,0.2,409,rate,0.37478991596638656,0.11093029563330621,n4000_seed9
cifar10,geo_pca,5,0.2,409,probe_weight,0.24885496183206107,0.11093029563330621,n4000_seed9
cifar10,geo_pca,5,0.5,1024,magnitude,0.5515151515151515,0.3333333333333333,n4000_seed9
cifar10,geo_pca,5,0.5,1024,variance,0.536384096024006,0.3333333333333333,n4000_seed9
cifar10,geo_pca,5,0.5,1024,rate,0.5562310030395137,0.3333333333333333,n4000_seed9
cifar10,geo_pca,5,0.5,1024,probe_weight,0.41534208707671044,0.3333333333333333,n4000_seed9
cifar10,geo_pca,6,0.05,102,magnitude,0.05154639175257732,0.02553830746119179,n4000_seed9
cifar10,geo_pca,6,0.05,102,variance,0.09090909090909091,0.02553830746119179,n4000_seed9
cifar10,geo_pca,6,0.05,102,rate,0.04081632653061224,0.02553830746119179,n4000_seed9
cifar10,geo_pca,6,0.05,102,probe_weight,0.10270270270270271,0.02553830746119179,n4000_seed9
cifar10,geo_pca,6,0.1,204,magnitude,0.4068965517241379,0.052415210688591986,n4000_seed9
cifar10,geo_pca,6,0.1,204,variance,0.37373737373737376,0.052415210688591986,n4000_seed9
cifar10,geo_pca,6,0.1,204,rate,0.3972602739726027,0.052415210688591986,n4000_seed9
cifar10,geo_pca,6,0.1,204,probe_weight,0.20353982300884957,0.052415210688591986,n4000_seed9
cifar10,geo_pca,6,0.2,409,magnitude,0.30462519936204147,0.11093029563330621,n4000_seed9
cifar10,geo_pca,6,0.2,409,variance,0.2984126984126984,0.11093029563330621,n4000_seed9
cifar10,geo_pca,6,0.2,409,rate,0.27216174183514774,0.11093029563330621,n4000_seed9
cifar10,geo_pca,6,0.2,409,probe_weight,0.21545319465081725,0.11093029563330621,n4000_seed9
cifar10,geo_pca,6,0.5,1024,magnitude,0.28240450845335,0.3333333333333333,n4000_seed9
cifar10,geo_pca,6,0.5,1024,variance,0.28886091881686593,0.3333333333333333,n4000_seed9
cifar10,geo_pca,6,0.5,1024,rate,0.26732673267326734,0.3333333333333333,n4000_seed9
cifar10,geo_pca,6,0.5,1024,probe_weight,0.309462915601023,0.3333333333333333,n4000_seed9
cifar10,geo_pca,7,0.05,102,magnitude,0.275,0.02553830746119179,n4000_seed9
cifar10,geo_pca,7,0.05,102,variance,0.3161290322580645,0.02553830746119179,n4000_seed9
cifar10,geo_pca,7,0.05,102,rate,0.19298245614035087,0.02553830746119179,n4000_seed9
cifar10,geo_pca,7,0.05,102,probe_weight,0.23636363636363636,0.02553830746119179,n4000_seed9
cifar10,geo_pca,7,0.1,204,magnitude,0.24770642201834864,0.052415210688591986,n4000_seed9
cifar10,geo_pca,7,0.1,204,variance,0.275,0.052415210688591986,n4000_seed9
cifar10,geo_pca,7,0.1,204,rate,0.16905444126074498,0.052415210688591986,n4000_seed9
cifar10,geo_pca,7,0.1,204,probe_weight,0.1724137931034483,0.052415210688591986,n4000_seed9
cifar10,geo_pca,7,0.2,409,magnitude,0.3088,0.11093029563330621,n4000_seed9
cifar10,geo_pca,7,0.2,409,variance,0.33442088091353994,0.11093029563330621,n4000_seed9
cifar10,geo_pca,7,0.2,409,rate,0.25267993874425726,0.11093029563330621,n4000_seed9
cifar10,geo_pca,7,0.2,409,probe_weight,0.26625386996904027,0.11093029563330621,n4000_seed9
cifar10,geo_pca,7,0.5,1024,magnitude,0.4065934065934066,0.3333333333333333,n4000_seed9
cifar10,geo_pca,7,0.5,1024,variance,0.41534208707671044,0.3333333333333333,n4000_seed9
cifar10,geo_pca,7,0.5,1024,rate,0.3922501699524133,0.3333333333333333,n4000_seed9
cifar10,geo_pca,7,0.5,1024,probe_weight,0.38471940500338064,0.3333333333333333,n4000_seed9
cifar10,geo_pca,8,0.05,102,magnitude,0.18604651162790697,0.02553830746119179,n4000_seed9
cifar10,geo_pca,8,0.05,102,variance,0.21428571428571427,0.02553830746119179,n4000_seed9
cifar10,geo_pca,8,0.05,102,rate,0.1270718232044199,0.02553830746119179,n4000_seed9
cifar10,geo_pca,8,0.05,102,probe_weight,0.18604651162790697,0.02553830746119179,n4000_seed9
cifar10,geo_pca,8,0.1,204,magnitude,0.15254237288135594,0.052415210688591986,n4000_seed9
cifar10,geo_pca,8,0.1,204,variance,0.1558073654390935,0.052415210688591986,n4000_seed9
cifar10,geo_pca,8,0.1,204,rate,0.13649025069637882,0.052415210688591986,n4000_seed9
cifar10,geo_pca,8,0.1,204,probe_weight,0.11475409836065574,0.052415210688591986,n4000_seed9
cifar10,geo_pca,8,0.2,409,magnitude,0.18722786647314948,0.11093029563330621,n4000_seed9
cifar10,geo_pca,8,0.2,409,variance,0.20471281296023564,0.11093029563330621,n4000_seed9
cifar10,geo_pca,8,0.2,409,rate,0.16524216524216523,0.11093029563330621,n4000_seed9
cifar10,geo_pca,8,0.2,409,probe_weight,0.195906432748538,0.11093029563330621,n4000_seed9
cifar10,geo_pca,8,0.5,1024,magnitude,0.2197736748064324,0.3333333333333333,n4000_seed9
cifar10,geo_pca,8,0.5,1024,variance,0.22708208508088676,0.3333333333333333,n4000_seed9
cifar10,geo_pca,8,0.5,1024,rate,0.21687462863933452,0.3333333333333333,n4000_seed9
cifar10,geo_pca,8,0.5,1024,probe_weight,0.2649783817171093,0.3333333333333333,n4000_seed9
cifar10,geo_pca,9,0.05,102,magnitude,0.19298245614035087,0.02553830746119179,n4000_seed9
cifar10,geo_pca,9,0.05,102,variance,0.21428571428571427,0.02553830746119179,n4000_seed9
cifar10,geo_pca,9,0.05,102,rate,0.12087912087912088,0.02553830746119179,n4000_seed9
cifar10,geo_pca,9,0.05,102,probe_weight,0.1791907514450867,0.02553830746119179,n4000_seed9
cifar10,geo_pca,9,0.1,204,magnitude,0.29936305732484075,0.052415210688591986,n4000_seed9
cifar10,geo_pca,9,0.1,204,variance,0.29523809523809524,0.052415210688591986,n4000_seed9
cifar10,geo_pca,9,0.1,204,rate,0.275,0.052415210688591986,n4000_seed9
cifar10,geo_pca,9,0.1,204,probe_weight,0.1791907514450867,0.052415210688591986,n4000_seed9
cifar10,geo_pca,9,0.2,409,magnitude,0.35206611570247937,0.11093029563330621,n4000_seed9
cifar10,geo_pca,9,0.2,409,variance,0.37478991596638656,0.11093029563330621,n4000_seed9
cifar10,geo_pca,9,0.2,409,rate,0.2861635220125786,0.11093029563330621,n4000_seed9
cifar10,geo_pca,9,0.2,409,probe_weight,0.27414330218068533,0.11093029563330621,n4000_seed9
cifar10,geo_pca,9,0.5,1024,magnitude,0.41926541926541927,0.3333333333333333,n4000_seed9
cifar10,geo_pca,9,0.5,1024,variance,0.4182825484764543,0.3333333333333333,n4000_seed9
cifar10,geo_pca,9,0.5,1024,rate,0.41338854382332646,0.3333333333333333,n4000_seed9
cifar10,geo_pca,9,0.5,1024,probe_weight,0.3671562082777036,0.3333333333333333,n4000_seed9
imagenet100,geo_m,0,0.05,102,magnitude,0.1724137931034483,0.02553830746119179,full_train
imagenet100,geo_m,0,0.05,102,variance,0.632,0.02553830746119179,full_train
imagenet100,geo_m,0,0.05,102,rate,0.0,0.02553830746119179,full_train
imagenet100,geo_m,0,0.05,102,probe_weight,0.7288135593220338,0.02553830746119179,full_train
imagenet100,geo_m,0,0.1,204,magnitude,0.6062992125984252,0.052415210688591986,full_train
imagenet100,geo_m,0,0.1,204,variance,0.8295964125560538,0.052415210688591986,full_train
imagenet100,geo_m,0,0.1,204,rate,0.1724137931034483,0.052415210688591986,full_train
imagenet100,geo_m,0,0.1,204,probe_weight,0.6790123456790124,0.052415210688591986,full_train
imagenet100,geo_m,0,0.2,409,magnitude,0.8804597701149425,0.11093029563330621,full_train
imagenet100,geo_m,0,0.2,409,variance,0.801762114537445,0.11093029563330621,full_train
imagenet100,geo_m,0,0.2,409,rate,0.5036764705882353,0.11093029563330621,full_train
imagenet100,geo_m,0,0.2,409,probe_weight,0.5610687022900763,0.11093029563330621,full_train
imagenet100,geo_m,0,0.5,1024,magnitude,0.860127157129882,0.3333333333333333,full_train
imagenet100,geo_m,0,0.5,1024,variance,0.8188277087033747,0.3333333333333333,full_train
imagenet100,geo_m,0,0.5,1024,rate,0.7224558452481077,0.3333333333333333,full_train
imagenet100,geo_m,0,0.5,1024,probe_weight,0.5192878338278932,0.3333333333333333,full_train
imagenet100,geo_m,1,0.05,102,magnitude,0.23636363636363636,0.02553830746119179,full_train
imagenet100,geo_m,1,0.05,102,variance,0.7586206896551724,0.02553830746119179,full_train
imagenet100,geo_m,1,0.05,102,rate,0.014925373134328358,0.02553830746119179,full_train
imagenet100,geo_m,1,0.05,102,probe_weight,0.6721311475409836,0.02553830746119179,full_train
imagenet100,geo_m,1,0.1,204,magnitude,0.5752895752895753,0.052415210688591986,full_train
imagenet100,geo_m,1,0.1,204,variance,0.8214285714285714,0.052415210688591986,full_train
imagenet100,geo_m,1,0.1,204,rate,0.1590909090909091,0.052415210688591986,full_train
imagenet100,geo_m,1,0.1,204,probe_weight,0.6721311475409836,0.052415210688591986,full_train
imagenet100,geo_m,1,0.2,409,magnitude,0.8137472283813747,0.11093029563330621,full_train
imagenet100,geo_m,1,0.2,409,variance,0.821826280623608,0.11093029563330621,full_train
imagenet100,geo_m,1,0.2,409,rate,0.4006849315068493,0.11093029563330621,full_train
imagenet100,geo_m,1,0.2,409,probe_weight,0.5610687022900763,0.11093029563330621,full_train
imagenet100,geo_m,1,0.5,1024,magnitude,0.8945420906567992,0.3333333333333333,full_train
imagenet100,geo_m,1,0.5,1024,variance,0.8400718778077269,0.3333333333333333,full_train
imagenet100,geo_m,1,0.5,1024,rate,0.7326565143824028,0.3333333333333333,full_train
imagenet100,geo_m,1,0.5,1024,probe_weight,0.5410082768999247,0.3333333333333333,full_train
imagenet100,geo_m,2,0.05,102,magnitude,0.1724137931034483,0.02553830746119179,full_train
imagenet100,geo_m,2,0.05,102,variance,0.6451612903225806,0.02553830746119179,full_train
imagenet100,geo_m,2,0.05,102,rate,0.009900990099009901,0.02553830746119179,full_train
imagenet100,geo_m,2,0.05,102,probe_weight,0.7,0.02553830746119179,full_train
imagenet100,geo_m,2,0.1,204,magnitude,0.5632183908045977,0.052415210688591986,full_train
imagenet100,geo_m,2,0.1,204,variance,0.7973568281938326,0.052415210688591986,full_train
imagenet100,geo_m,2,0.1,204,rate,0.15254237288135594,0.052415210688591986,full_train
imagenet100,geo_m,2,0.1,204,probe_weight,0.6721311475409836,0.052415210688591986,full_train
imagenet100,geo_m,2,0.2,409,magnitude,0.7553648068669528,0.11093029563330621,full_train
imagenet100,geo_m,2,0.2,409,variance,0.8299776286353467,0.11093029563330621,full_train
imagenet100,geo_m,2,0.2,409,rate,0.36789297658862874,0.11093029563330621,full_train
imagenet100,geo_m,2,0.2,409,probe_weight,0.5580952380952381,0.11093029563330621,full_train
imagenet100,geo_m,2,0.5,1024,magnitude,0.8823529411764706,0.3333333333333333,full_train
imagenet100,geo_m,2,0.5,1024,variance,0.77009507346586,0.3333333333333333,full_train
imagenet100,geo_m,2,0.5,1024,rate,0.8028169014084507,0.3333333333333333,full_train
imagenet100,geo_m,2,0.5,1024,probe_weight,0.5294996265870052,0.3333333333333333,full_train
imagenet100,geo_m,3,0.05,102,magnitude,0.2289156626506024,0.02553830746119179,full_train
imagenet100,geo_m,3,0.05,102,variance,0.7288135593220338,0.02553830746119179,full_train
imagenet100,geo_m,3,0.05,102,rate,0.030303030303030304,0.02553830746119179,full_train
imagenet100,geo_m,3,0.05,102,probe_weight,0.6859504132231405,0.02553830746119179,full_train
imagenet100,geo_m,3,0.1,204,magnitude,0.5813953488372093,0.052415210688591986,full_train
imagenet100,geo_m,3,0.1,204,variance,0.8378378378378378,0.052415210688591986,full_train
imagenet100,geo_m,3,0.1,204,rate,0.1791907514450867,0.052415210688591986,full_train
imagenet100,geo_m,3,0.1,204,probe_weight,0.7,0.052415210688591986,full_train
imagenet100,geo_m,3,0.2,409,magnitude,0.8097345132743363,0.11093029563330621,full_train
imagenet100,geo_m,3,0.2,409,variance,0.8761467889908257,0.11093029563330621,full_train
imagenet100,geo_m,3,0.2,409,rate,0.39829059829059826,0.11093029563330621,full_train
imagenet100,geo_m,3,0.2,409,probe_weight,0.5761078998073218,0.11093029563330621,full_train
imagenet100,geo_m,3,0.5,1024,magnitude,0.8635122838944495,0.3333333333333333,full_train
imagenet100,geo_m,3,0.5,1024,variance,0.7504273504273504,0.3333333333333333,full_train
imagenet100,geo_m,3,0.5,1024,rate,0.8400718778077269,0.3333333333333333,full_train
imagenet100,geo_m,3,0.5,1024,probe_weight,0.520415738678545,0.3333333333333333,full_train
imagenet100,geo_m,4,0.05,102,magnitude,0.19298245614035087,0.02553830746119179,full_train
imagenet100,geo_m,4,0.05,102,variance,0.6585365853658537,0.02553830746119179,full_train
imagenet100,geo_m,4,0.05,102,rate,0.014925373134328358,0.02553830746119179,full_train
imagenet100,geo_m,4,0.05,102,probe_weight,0.6721311475409836,0.02553830746119179,full_train
imagenet100,geo_m,4,0.1,204,magnitude,0.59375,0.052415210688591986,full_train
imagenet100,geo_m,4,0.1,204,variance,0.7973568281938326,0.052415210688591986,full_train
imagenet100,geo_m,4,0.1,204,rate,0.1791907514450867,0.052415210688591986,full_train
imagenet100,geo_m,4,0.1,204,probe_weight,0.6585365853658537,0.052415210688591986,full_train
imagenet100,geo_m,4,0.2,409,magnitude,0.9247058823529412,0.11093029563330621,full_train
imagenet100,geo_m,4,0.2,409,variance,0.8465011286681715,0.11093029563330621,full_train
imagenet100,geo_m,4,0.2,409,rate,0.484573502722323,0.11093029563330621,full_train
imagenet100,geo_m,4,0.2,409,probe_weight,0.594541910331384,0.11093029563330621,full_train
imagenet100,geo_m,4,0.5,1024,magnitude,0.7933450087565674,0.3333333333333333,full_train
imagenet100,geo_m,4,0.5,1024,variance,0.8754578754578755,0.3333333333333333,full_train
imagenet100,geo_m,4,0.5,1024,rate,0.5962587685113017,0.3333333333333333,full_train
imagenet100,geo_m,4,0.5,1024,probe_weight,0.536384096024006,0.3333333333333333,full_train
imagenet100,geo_r,0,0.05,102,magnitude,0.24390243902439024,0.02553830746119179,full_train
imagenet100,geo_r,0,0.05,102,variance,0.2670807453416149,0.02553830746119179,full_train
imagenet100,geo_r,0,0.05,102,rate,0.1791907514450867,0.02553830746119179,full_train
imagenet100,geo_r,0,0.05,102,probe_weight,0.2215568862275449,0.02553830746119179,full_train
imagenet100,geo_r,0,0.1,204,magnitude,0.3035143769968051,0.052415210688591986,full_train
imagenet100,geo_r,0,0.1,204,variance,0.2911392405063291,0.052415210688591986,full_train
imagenet100,geo_r,0,0.1,204,rate,0.2289156626506024,0.052415210688591986,full_train
imagenet100,geo_r,0,0.1,204,probe_weight,0.27102803738317754,0.052415210688591986,full_train
imagenet100,geo_r,0,0.2,409,magnitude,0.3088,0.11093029563330621,full_train
imagenet100,geo_r,0,0.2,409,variance,0.30254777070063693,0.11093029563330621,full_train
imagenet100,geo_r,0,0.2,409,rate,0.24316109422492402,0.11093029563330621,full_train
imagenet100,geo_r,0,0.2,409,probe_weight,0.26040061633281975,0.11093029563330621,full_train
imagenet100,geo_r,0,0.5,1024,magnitude,0.3170418006430868,0.3333333333333333,full_train
imagenet100,geo_r,0,0.5,1024,variance,0.3324658425504229,0.3333333333333333,full_train
imagenet100,geo_r,0,0.5,1024,rate,0.3170418006430868,0.3333333333333333,full_train
imagenet100,geo_r,0,0.5,1024,probe_weight,0.3272845106934543,0.3333333333333333,full_train
imagenet100,geo_r,1,0.05,102,magnitude,0.2289156626506024,0.02553830746119179,full_train
imagenet100,geo_r,1,0.05,102,variance,0.24390243902439024,0.02553830746119179,full_train
imagenet100,geo_r,1,0.05,102,rate,0.14606741573033707,0.02553830746119179,full_train
imagenet100,geo_r,1,0.05,102,probe_weight,0.2215568862275449,0.02553830746119179,full_train
imagenet100,geo_r,1,0.1,204,magnitude,0.32038834951456313,0.052415210688591986,full_train
imagenet100,geo_r,1,0.1,204,variance,0.34210526315789475,0.052415210688591986,full_train
imagenet100,geo_r,1,0.1,204,rate,0.24012158054711247,0.052415210688591986,full_train
imagenet100,geo_r,1,0.1,204,probe_weight,0.2670807453416149,0.052415210688591986,full_train
imagenet100,geo_r,1,0.2,409,magnitude,0.39829059829059826,0.11093029563330621,full_train
imagenet100,geo_r,1,0.2,409,variance,0.3864406779661017,0.11093029563330621,full_train
imagenet100,geo_r,1,0.2,409,rate,0.32792207792207795,0.11093029563330621,full_train
imagenet100,geo_r,1,0.2,409,probe_weight,0.3172302737520129,0.11093029563330621,full_train
imagenet100,geo_r,1,0.5,1024,magnitude,0.44428772919605075,0.3333333333333333,full_train
imagenet100,geo_r,1,0.5,1024,variance,0.4182825484764543,0.3333333333333333,full_train
imagenet100,geo_r,1,0.5,1024,rate,0.45042492917847027,0.3333333333333333,full_train
imagenet100,geo_r,1,0.5,1024,probe_weight,0.40852819807427787,0.3333333333333333,full_train
imagenet100,geo_r,2,0.05,102,magnitude,0.24390243902439024,0.02553830746119179,full_train
imagenet100,geo_r,2,0.05,102,variance,0.2289156626506024,0.02553830746119179,full_train
imagenet100,geo_r,2,0.05,102,rate,0.15254237288135594,0.02553830746119179,full_train
imagenet100,geo_r,2,0.05,102,probe_weight,0.2,0.02553830746119179,full_train
imagenet100,geo_r,2,0.1,204,magnitude,0.3076923076923077,0.052415210688591986,full_train
imagenet100,geo_r,2,0.1,204,variance,0.27899686520376177,0.052415210688591986,full_train
imagenet100,geo_r,2,0.1,204,rate,0.2289156626506024,0.052415210688591986,full_train
imagenet100,geo_r,2,0.1,204,probe_weight,0.25153374233128833,0.052415210688591986,full_train
imagenet100,geo_r,2,0.2,409,magnitude,0.292259083728278,0.11093029563330621,full_train
imagenet100,geo_r,2,0.2,409,variance,0.2984126984126984,0.11093029563330621,full_train
imagenet100,geo_r,2,0.2,409,rate,0.2623456790123457,0.11093029563330621,full_train
imagenet100,geo_r,2,0.2,409,probe_weight,0.26625386996904027,0.11093029563330621,full_train
imagenet100,geo_r,2,0.5,1024,magnitude,0.3735747820254863,0.3333333333333333,full_train
imagenet100,geo_r,2,0.5,1024,variance,0.35899137358991373,0.3333333333333333,full_train
imagenet100,geo_r,2,0.5,1024,rate,0.3708165997322624,0.3333333333333333,full_train
imagenet100,geo_r,2,0.5,1024,probe_weight,0.374496644295302,0.3333333333333333,full_train
imagenet100,geo_r,3,0.05,102,magnitude,0.2670807453416149,0.02553830746119179,full_train
imagenet100,geo_r,3,0.05,102,variance,0.24390243902439024,0.02553830746119179,full_train
imagenet100,geo_r,3,0.05,102,rate,0.1724137931034483,0.02553830746119179,full_train
imagenet100,geo_r,3,0.05,102,probe_weight,0.2215568862275449,0.02553830746119179,full_train
imagenet100,geo_r,3,0.1,204,magnitude,0.36,0.052415210688591986,full_train
imagenet100,geo_r,3,0.1,204,variance,0.29523809523809524,0.052415210688591986,full_train
imagenet100,geo_r,3,0.1,204,rate,0.22522522522522523,0.052415210688591986,full_train
imagenet100,geo_r,3,0.1,204,probe_weight,0.2670807453416149,0.052415210688591986,full_train
imagenet100,geo_r,3,0.2,409,magnitude,0.4006849315068493,0.11093029563330621,full_train
imagenet100,geo_r,3,0.2,409,variance,0.38175675675675674,0.11093029563330621,full_train
imagenet100,geo_r,3,0.2,409,rate,0.3130016051364366,0.11093029563330621,full_train
imagenet100,geo_r,3,0.2,409,probe_weight,0.3172302737520129,0.11093029563330621,full_train
imagenet100,geo_r,3,0.5,1024,magnitude,0.4883720930232558,0.3333333333333333,full_train
imagenet100,geo_r,3,0.5,1024,variance,0.48405797101449277,0.3333333333333333,full_train
imagenet100,geo_r,3,0.5,1024,rate,0.4659985683607731,0.3333333333333333,full_train
imagenet100,geo_r,3,0.5,1024,probe_weight,0.40949759119064005,0.3333333333333333,full_train
imagenet100,geo_r,4,0.05,102,magnitude,0.19298245614035087,0.02553830746119179,full_train
imagenet100,geo_r,4,0.05,102,variance,0.18604651162790697,0.02553830746119179,full_train
imagenet100,geo_r,4,0.05,102,rate,0.1270718232044199,0.02553830746119179,full_train
imagenet100,geo_r,4,0.05,102,probe_weight,0.1590909090909091,0.02553830746119179,full_train
imagenet100,geo_r,4,0.1,204,magnitude,0.24390243902439024,0.052415210688591986,full_train
imagenet100,geo_r,4,0.1,204,variance,0.24770642201834864,0.052415210688591986,full_train
imagenet100,geo_r,4,0.1,204,rate,0.1657142857142857,0.052415210688591986,full_train
imagenet100,geo_r,4,0.1,204,probe_weight,0.2326283987915408,0.052415210688591986,full_train
imagenet100,geo_r,4,0.2,409,magnitude,0.292259083728278,0.11093029563330621,full_train
imagenet100,geo_r,4,0.2,409,variance,0.29430379746835444,0.11093029563330621,full_train
imagenet100,geo_r,4,0.2,409,rate,0.21005917159763313,0.11093029563330621,full_train
imagenet100,geo_r,4,0.2,409,probe_weight,0.23751891074130105,0.11093029563330621,full_train
imagenet100,geo_r,4,0.5,1024,magnitude,0.3969986357435198,0.3333333333333333,full_train
imagenet100,geo_r,4,0.5,1024,variance,0.39319727891156464,0.3333333333333333,full_train
imagenet100,geo_r,4,0.5,1024,rate,0.38098449089683073,0.3333333333333333,full_train
imagenet100,geo_r,4,0.5,1024,probe_weight,0.36442371752165226,0.3333333333333333,full_train
imagenet100,geo_pca,0,0.05,102,magnitude,0.21428571428571427,0.02553830746119179,full_train
imagenet100,geo_pca,0,0.05,102,variance,0.25153374233128833,0.02553830746119179,full_train
imagenet100,geo_pca,0,0.05,102,rate,0.11475409836065574,0.02553830746119179,full_train
imagenet100,geo_pca,0,0.05,102,probe_weight,0.2289156626506024,0.02553830746119179,full_train
imagenet100,geo_pca,0,0.1,204,magnitude,0.2870662460567823,0.052415210688591986,full_train
imagenet100,geo_pca,0,0.1,204,variance,0.29523809523809524,0.052415210688591986,full_train
imagenet100,geo_pca,0,0.1,204,rate,0.2,0.052415210688591986,full_train
imagenet100,geo_pca,0,0.1,204,probe_weight,0.2830188679245283,0.052415210688591986,full_train
imagenet100,geo_pca,0,0.2,409,magnitude,0.393526405451448,0.11093029563330621,full_train
imagenet100,geo_pca,0,0.2,409,variance,0.4006849315068493,0.11093029563330621,full_train
imagenet100,geo_pca,0,0.2,409,rate,0.3004769475357711,0.11093029563330621,full_train
imagenet100,geo_pca,0,0.2,409,probe_weight,0.33878887070376434,0.11093029563330621,full_train
imagenet100,geo_pca,0,0.5,1024,magnitude,0.421235253296322,0.3333333333333333,full_train
imagenet100,geo_pca,0,0.5,1024,variance,0.44939844302901627,0.3333333333333333,full_train
imagenet100,geo_pca,0,0.5,1024,rate,0.4046639231824417,0.3333333333333333,full_train
imagenet100,geo_pca,0,0.5,1024,probe_weight,0.3536021150033047,0.3333333333333333,full_train
imagenet100,geo_pca,1,0.05,102,magnitude,0.2911392405063291,0.02553830746119179,full_train
imagenet100,geo_pca,1,0.05,102,variance,0.3246753246753247,0.02553830746119179,full_train
imagenet100,geo_pca,1,0.05,102,rate,0.1791907514450867,0.02553830746119179,full_train
imagenet100,geo_pca,1,0.05,102,probe_weight,0.275,0.02553830746119179,full_train
imagenet100,geo_pca,1,0.1,204,magnitude,0.27899686520376177,0.052415210688591986,full_train
imagenet100,geo_pca,1,0.1,204,variance,0.34210526315789475,0.052415210688591986,full_train
imagenet100,geo_pca,1,0.1,204,rate,0.13966480446927373,0.052415210688591986,full_train
imagenet100,geo_pca,1,0.1,204,probe_weight,0.3554817275747508,0.052415210688591986,full_train
imagenet100,geo_pca,1,0.2,409,magnitude,0.2861635220125786,0.11093029563330621,full_train
imagenet100,geo_pca,1,0.2,409,variance,0.292259083728278,0.11093029563330621,full_train
imagenet100,geo_pca,1,0.2,409,rate,0.21364985163204747,0.11093029563330621,full_train
imagenet100,geo_pca,1,0.2,409,probe_weight,0.28213166144200624,0.11093029563330621,full_train
imagenet100,geo_pca,1,0.5,1024,magnitude,0.33159947984395316,0.3333333333333333,full_train
imagenet100,geo_pca,1,0.5,1024,variance,0.3553937789543349,0.3333333333333333,full_train
imagenet100,geo_pca,1,0.5,1024,rate,0.32129032258064516,0.3333333333333333,full_train
imagenet100,geo_pca,1,0.5,1024,probe_weight,0.31873792659368966,0.3333333333333333,full_train
imagenet100,geo_pca,2,0.05,102,magnitude,0.2,0.02553830746119179,full_train
imagenet100,geo_pca,2,0.05,102,variance,0.2911392405063291,0.02553830746119179,full_train
imagenet100,geo_pca,2,0.05,102,rate,0.0851063829787234,0.02553830746119179,full_train
imagenet100,geo_pca,2,0.05,102,probe_weight,0.2215568862275449,0.02553830746119179,full_train
imagenet100,geo_pca,2,0.1,204,magnitude,0.2830188679245283,0.052415210688591986,full_train
imagenet100,geo_pca,2,0.1,204,variance,0.2870662460567823,0.052415210688591986,full_train
imagenet100,geo_pca,2,0.1,204,rate,0.15254237288135594,0.052415210688591986,full_train
imagenet100,geo_pca,2,0.1,204,probe_weight,0.31189710610932475,0.052415210688591986,full_train
imagenet100,geo_pca,2,0.2,409,magnitude,0.391156462585034,0.11093029563330621,full_train
imagenet100,geo_pca,2,0.2,409,variance,0.3864406779661017,0.11093029563330621,full_train
imagenet100,geo_pca,2,0.2,409,rate,0.27414330218068533,0.11093029563330621,full_train
imagenet100,geo_pca,2,0.2,409,probe_weight,0.32792207792207795,0.11093029563330621,full_train
imagenet100,geo_pca,2,0.5,1024,magnitude,0.44022503516174405,0.3333333333333333,full_train
imagenet100,geo_pca,2,0.5,1024,variance,0.44123856439127374,0.3333333333333333,full_train
imagenet100,geo_pca,2,0.5,1024,rate,0.41926541926541927,0.3333333333333333,full_train
imagenet100,geo_pca,2,0.5,1024,probe_weight,0.39795221843003414,0.3333333333333333,full_train
imagenet100,geo_pca,3,0.05,102,magnitude,0.19298245614035087,0.02553830746119179,full_train
imagenet100,geo_pca,3,0.05,102,variance,0.29936305732484075,0.02553830746119179,full_train
imagenet100,geo_pca,3,0.05,102,rate,0.10869565217391304,0.02553830746119179,full_train
imagenet100,geo_pca,3,0.05,102,probe_weight,0.2911392405063291,0.02553830746119179,full_train
imagenet100,geo_pca,3,0.1,204,magnitude,0.2870662460567823,0.052415210688591986,full_train
imagenet100,geo_pca,3,0.1,204,variance,0.25925925925925924,0.052415210688591986,full_train
imagenet100,geo_pca,3,0.1,204,rate,0.1826086956521739,0.052415210688591986,full_train
imagenet100,geo_pca,3,0.1,204,probe_weight,0.27899686520376177,0.052415210688591986,full_train
imagenet100,geo_pca,3,0.2,409,magnitude,0.35206611570247937,0.11093029563330621,full_train
imagenet100,geo_pca,3,0.2,409,variance,0.34983498349834985,0.11093029563330621,full_train
imagenet100,geo_pca,3,0.2,409,rate,0.27414330218068533,0.11093029563330621,full_train
imagenet100,geo_pca,3,0.2,409,probe_weight,0.2902208201892745,0.11093029563330621,full_train
imagenet100,geo_pca,3,0.5,1024,magnitude,0.40852819807427787,0.3333333333333333,full_train
imagenet100,geo_pca,3,0.5,1024,variance,0.40756013745704467,0.3333333333333333,full_train
imagenet100,geo_pca,3,0.5,1024,rate,0.40370116518163124,0.3333333333333333,full_train
imagenet100,geo_pca,3,0.5,1024,probe_weight,0.39509536784741145,0.3333333333333333,full_train
imagenet100,geo_pca,4,0.05,102,magnitude,0.20710059171597633,0.02553830746119179,full_train
imagenet100,geo_pca,4,0.05,102,variance,0.2215568862275449,0.02553830746119179,full_train
imagenet100,geo_pca,4,0.05,102,rate,0.11475409836065574,0.02553830746119179,full_train
imagenet100,geo_pca,4,0.05,102,probe_weight,0.2,0.02553830746119179,full_train
imagenet100,geo_pca,4,0.1,204,magnitude,0.25153374233128833,0.052415210688591986,full_train
imagenet100,geo_pca,4,0.1,204,variance,0.2553846153846154,0.052415210688591986,full_train
imagenet100,geo_pca,4,0.1,204,rate,0.1826086956521739,0.052415210688591986,full_train
imagenet100,geo_pca,4,0.1,204,probe_weight,0.25925925925925924,0.052415210688591986,full_train
imagenet100,geo_pca,4,0.2,409,magnitude,0.32362459546925565,0.11093029563330621,full_train
imagenet100,geo_pca,4,0.2,409,variance,0.33442088091353994,0.11093029563330621,full_train
imagenet100,geo_pca,4,0.2,409,rate,0.2623456790123457,0.11093029563330621,full_train
imagenet100,geo_pca,4,0.2,409,probe_weight,0.3088,0.11093029563330621,full_train
imagenet100,geo_pca,4,0.5,1024,magnitude,0.4301675977653631,0.3333333333333333,full_train
imagenet100,geo_pca,4,0.5,1024,variance,0.46181299072091364,0.3333333333333333,full_train
imagenet100,geo_pca,4,0.5,1024,rate,0.3989071038251366,0.3333333333333333,full_train
imagenet100,geo_pca,4,0.5,1024,probe_weight,0.3598937583001328,0.3333333333333333,full_train
imagenet100,geo_m,0,0.05,102,magnitude,0.1791907514450867,0.02553830746119179,n4000_seed0
imagenet100,geo_m,0,0.05,102,variance,0.6451612903225806,0.02553830746119179,n4000_seed0
imagenet100,geo_m,0,0.05,102,rate,0.0,0.02553830746119179,n4000_seed0
imagenet100,geo_m,0,0.05,102,probe_weight,0.7142857142857143,0.02553830746119179,n4000_seed0
imagenet100,geo_m,0,0.1,204,magnitude,0.6,0.052415210688591986,n4000_seed0
imagenet100,geo_m,0,0.1,204,variance,0.8133333333333334,0.052415210688591986,n4000_seed0
imagenet100,geo_m,0,0.1,204,rate,0.1791907514450867,0.052415210688591986,n4000_seed0
imagenet100,geo_m,0,0.1,204,probe_weight,0.5223880597014925,0.052415210688591986,n4000_seed0
imagenet100,geo_m,0,0.2,409,magnitude,0.854875283446712,0.11093029563330621,n4000_seed0
imagenet100,geo_m,0,0.2,409,variance,0.7516059957173448,0.11093029563330621,n4000_seed0
imagenet100,geo_m,0,0.2,409,rate,0.4954296160877514,0.11093029563330621,n4000_seed0
imagenet100,geo_m,0,0.2,409,probe_weight,0.2984126984126984,0.11093029563330621,n4000_seed0
imagenet100,geo_m,0,0.5,1024,magnitude,0.8433843384338434,0.3333333333333333,n4000_seed0
imagenet100,geo_m,0,0.5,1024,variance,0.7933450087565674,0.3333333333333333,n4000_seed0
imagenet100,geo_m,0,0.5,1024,rate,0.7195633921074727,0.3333333333333333,n4000_seed0
imagenet100,geo_m,0,0.5,1024,probe_weight,0.29374605180037905,0.3333333333333333,n4000_seed0
imagenet100,geo_m,1,0.05,102,magnitude,0.24390243902439024,0.02553830746119179,n4000_seed0
imagenet100,geo_m,1,0.05,102,variance,0.7586206896551724,0.02553830746119179,n4000_seed0
imagenet100,geo_m,1,0.05,102,rate,0.014925373134328358,0.02553830746119179,n4000_seed0
imagenet100,geo_m,1,0.05,102,probe_weight,0.6451612903225806,0.02553830746119179,n4000_seed0
imagenet100,geo_m,1,0.1,204,magnitude,0.5513307984790875,0.052415210688591986,n4000_seed0
imagenet100,geo_m,1,0.1,204,variance,0.8053097345132744,0.052415210688591986,n4000_seed0
imagenet100,geo_m,1,0.1,204,rate,0.1657142857142857,0.052415210688591986,n4000_seed0
imagenet100,geo_m,1,0.1,204,probe_weight,0.5223880597014925,0.052415210688591986,n4000_seed0
imagenet100,geo_m,1,0.2,409,magnitude,0.801762114537445,0.11093029563330621,n4000_seed0
imagenet100,geo_m,1,0.2,409,variance,0.7782608695652173,0.11093029563330621,n4000_seed0
imagenet100,geo_m,1,0.2,409,rate,0.38879456706281834,0.11093029563330621,n4000_seed0
imagenet100,geo_m,1,0.2,409,probe_weight,0.30254777070063693,0.11093029563330621,n4000_seed0
imagenet100,geo_m,1,0.5,1024,magnitude,0.8703196347031964,0.3333333333333333,n4000_seed0
imagenet100,geo_m,1,0.5,1024,variance,0.8156028368794326,0.3333333333333333,n4000_seed0
imagenet100,geo_m,1,0.5,1024,rate,0.7297297297297297,0.3333333333333333,n4000_seed0
imagenet100,geo_m,1,0.5,1024,probe_weight,0.29784537389100124,0.3333333333333333,n4000_seed0
imagenet100,geo_m,2,0.05,102,magnitude,0.1791907514450867,0.02553830746119179,n4000_seed0
imagenet100,geo_m,2,0.05,102,variance,0.632,0.02553830746119179,n4000_seed0
imagenet100,geo_m,2,0.05,102,rate,0.009900990099009901,0.02553830746119179,n4000_seed0
imagenet100,geo_m,2,0.05,102,probe_weight,0.6859504132231405,0.02553830746119179,n4000_seed0
imagenet100,geo_m,2,0.1,204,magnitude,0.5692307692307692,0.052415210688591986,n4000_seed0
imagenet100,geo_m,2,0.1,204,variance,0.8133333333333334,0.052415210688591986,n4000_seed0
imagenet100,geo_m,2,0.1,204,rate,0.1590909090909091,0.052415210688591986,n4000_seed0
imagenet100,geo_m,2,0.1,204,probe_weight,0.516728624535316,0.052415210688591986,n4000_seed0
imagenet100,geo_m,2,0.2,409,magnitude,0.7367303609341825,0.11093029563330621,n4000_seed0
imagenet100,geo_m,2,0.2,409,variance,0.8137472283813747,0.11093029563330621,n4000_seed0
imagenet100,geo_m,2,0.2,409,rate,0.3588039867109635,0.11093029563330621,n4000_seed0
imagenet100,geo_m,2,0.2,409,probe_weight,0.3108974358974359,0.11093029563330621,n4000_seed0
imagenet100,geo_m,2,0.5,1024,magnitude,0.8652094717668488,0.3333333333333333,n4000_seed0
imagenet100,geo_m,2,0.5,1024,variance,0.7444633730834753,0.3333333333333333,n4000_seed0
imagenet100,geo_m,2,0.5,1024,rate,0.8028169014084507,0.3333333333333333,n4000_seed0
imagenet100,geo_m,2,0.5,1024,probe_weight,0.2921135646687697,0.3333333333333333,n4000_seed0
imagenet100,geo_m,3,0.05,102,magnitude,0.24390243902439024,0.02553830746119179,n4000_seed0
imagenet100,geo_m,3,0.05,102,variance,0.7435897435897436,0.02553830746119179,n4000_seed0
imagenet100,geo_m,3,0.05,102,rate,0.030303030303030304,0.02553830746119179,n4000_seed0
imagenet100,geo_m,3,0.05,102,probe_weight,0.6721311475409836,0.02553830746119179,n4000_seed0
imagenet100,geo_m,3,0.1,204,magnitude,0.5692307692307692,0.052415210688591986,n4000_seed0
imagenet100,geo_m,3,0.1,204,variance,0.7973568281938326,0.052415210688591986,n4000_seed0
imagenet100,geo_m,3,0.1,204,rate,0.18604651162790697,0.052415210688591986,n4000_seed0
imagenet100,geo_m,3,0.1,204,probe_weight,0.5338345864661654,0.052415210688591986,n4000_seed0
imagenet100,geo_m,3,0.2,409,magnitude,0.7860262008733624,0.11093029563330621,n4000_seed0
imagenet100,geo_m,3,0.2,409,variance,0.8382022471910112,0.11093029563330621,n4000_seed0
imagenet100,geo_m,3,0.2,409,rate,0.3864406779661017,0.11093029563330621,n4000_seed0
imagenet100,geo_m,3,0.2,409,probe_weight,0.30462519936204147,0.11093029563330621,n4000_seed0
imagenet100,geo_m,3,0.5,1024,magnitude,0.8483754512635379,0.3333333333333333,n4000_seed0
imagenet100,geo_m,3,0.5,1024,variance,0.7268128161888702,0.3333333333333333,n4000_seed0
imagenet100,geo_m,3,0.5,1024,rate,0.8384201077199281,0.3333333333333333,n4000_seed0
imagenet100,geo_m,3,0.5,1024,probe_weight,0.2880503144654088,0.3333333333333333,n4000_seed0
imagenet100,geo_m,4,0.05,102,magnitude,0.2,0.02553830746119179,n4000_seed0
imagenet100,geo_m,4,0.05,102,variance,0.6451612903225806,0.02553830746119179,n4000_seed0
imagenet100,geo_m,4,0.05,102,rate,0.014925373134328358,0.02553830746119179,n4000_seed0
imagenet100,geo_m,4,0.05,102,probe_weight,0.6721311475409836,0.02553830746119179,n4000_seed0
imagenet100,geo_m,4,0.1,204,magnitude,0.5752895752895753,0.052415210688591986,n4000_seed0
imagenet100,geo_m,4,0.1,204,variance,0.7739130434782608,0.052415210688591986,n4000_seed0
imagenet100,geo_m,4,0.1,204,rate,0.18604651162790697,0.052415210688591986,n4000_seed0
imagenet100,geo_m,4,0.1,204,probe_weight,0.5055350553505535,0.052415210688591986,n4000_seed0
imagenet100,geo_m,4,0.2,409,magnitude,0.8979118329466357,0.11093029563330621,n4000_seed0
imagenet100,geo_m,4,0.2,409,variance,0.801762114537445,0.11093029563330621,n4000_seed0
imagenet100,geo_m,4,0.2,409,rate,0.4712230215827338,0.11093029563330621,n4000_seed0
imagenet100,geo_m,4,0.2,409,probe_weight,0.30462519936204147,0.11093029563330621,n4000_seed0
imagenet100,geo_m,4,0.5,1024,magnitude,0.7824194952132288,0.3333333333333333,n4000_seed0
imagenet100,geo_m,4,0.5,1024,variance,0.8351254480286738,0.3333333333333333,n4000_seed0
imagenet100,geo_m,4,0.5,1024,rate,0.5987509758001561,0.3333333333333333,n4000_seed0
imagenet100,geo_m,4,0.5,1024,probe_weight,0.31958762886597936,0.3333333333333333,n4000_seed0
imagenet100,geo_r,0,0.05,102,magnitude,0.25153374233128833,0.02553830746119179,n4000_seed0
imagenet100,geo_r,0,0.05,102,variance,0.25925925925925924,0.02553830746119179,n4000_seed0
imagenet100,geo_r,0,0.05,102,rate,0.1791907514450867,0.02553830746119179,n4000_seed0
imagenet100,geo_r,0,0.05,102,probe_weight,0.21428571428571427,0.02553830746119179,n4000_seed0
imagenet100,geo_r,0,0.1,204,magnitude,0.3035143769968051,0.052415210688591986,n4000_seed0
imagenet100,geo_r,0,0.1,204,variance,0.29523809523809524,0.052415210688591986,n4000_seed0
imagenet100,geo_r,0,0.1,204,rate,0.2289156626506024,0.052415210688591986,n4000_seed0
imagenet100,geo_r,0,0.1,204,probe_weight,0.20710059171597633,0.052415210688591986,n4000_seed0
imagenet100,geo_r,0,0.2,409,magnitude,0.29635499207606975,0.11093029563330621,n4000_seed0
imagenet100,geo_r,0,0.2,409,variance,0.2861635220125786,0.11093029563330621,n4000_seed0
imagenet100,geo_r,0,0.2,409,rate,0.23751891074130105,0.11093029563330621,n4000_seed0
imagenet100,geo_r,0,0.2,409,probe_weight,0.16193181818181818,0.11093029563330621,n4000_seed0
imagenet100,geo_r,0,0.5,1024,magnitude,0.3178893178893179,0.3333333333333333,n4000_seed0
imagenet100,geo_r,0,0.5,1024,variance,0.3350717079530639,0.3333333333333333,n4000_seed0
imagenet100,geo_r,0,0.5,1024,rate,0.31873792659368966,0.3333333333333333,n4000_seed0
imagenet100,geo_r,0,0.5,1024,probe_weight,0.3527080581241744,0.3333333333333333,n4000_seed0
imagenet100,geo_r,1,0.05,102,magnitude,0.21428571428571427,0.02553830746119179,n4000_seed0
imagenet100,geo_r,1,0.05,102,variance,0.25153374233128833,0.02553830746119179,n4000_seed0
imagenet100,geo_r,1,0.05,102,rate,0.14606741573033707,0.02553830746119179,n4000_seed0
imagenet100,geo_r,1,0.05,102,probe_weight,0.21428571428571427,0.02553830746119179,n4000_seed0
imagenet100,geo_r,1,0.1,204,magnitude,0.31189710610932475,0.052415210688591986,n4000_seed0
imagenet100,geo_r,1,0.1,204,variance,0.3246753246753247,0.052415210688591986,n4000_seed0
imagenet100,geo_r,1,0.1,204,rate,0.23636363636363636,0.052415210688591986,n4000_seed0
imagenet100,geo_r,1,0.1,204,probe_weight,0.20710059171597633,0.052415210688591986,n4000_seed0
imagenet100,geo_r,1,0.2,409,magnitude,0.393526405451448,0.11093029563330621,n4000_seed0
imagenet100,geo_r,1,0.2,409,variance,0.36333333333333334,0.11093029563330621,n4000_seed0
imagenet100,geo_r,1,0.2,409,rate,0.32576985413290116,0.11093029563330621,n4000_seed0
imagenet100,geo_r,1,0.2,409,probe_weight,0.18037518037518038,0.11093029563330621,n4000_seed0
imagenet100,geo_r,1,0.5,1024,magnitude,0.4453069865913903,0.3333333333333333,n4000_seed0
imagenet100,geo_r,1,0.5,1024,variance,0.4114403859407305,0.3333333333333333,n4000_seed0
imagenet100,geo_r,1,0.5,1024,rate,0.44939844302901627,0.3333333333333333,n4000_seed0
imagenet100,geo_r,1,0.5,1024,probe_weight,0.284012539184953,0.3333333333333333,n4000_seed0
imagenet100,geo_r,2,0.05,102,magnitude,0.2215568862275449,0.02553830746119179,n4000_seed0
imagenet100,geo_r,2,0.05,102,variance,0.2215568862275449,0.02553830746119179,n4000_seed0
imagenet100,geo_r,2,0.05,102,rate,0.15254237288135594,0.02553830746119179,n4000_seed0
imagenet100,geo_r,2,0.05,102,probe_weight,0.19298245614035087,0.02553830746119179,n4000_seed0
imagenet100,geo_r,2,0.1,204,magnitude,0.2911392405063291,0.052415210688591986,n4000_seed0
imagenet100,geo_r,2,0.1,204,variance,0.2830188679245283,0.052415210688591986,n4000_seed0
imagenet100,geo_r,2,0.1,204,rate,0.23636363636363636,0.052415210688591986,n4000_seed0
imagenet100,geo_r,2,0.1,204,probe_weight,0.18950437317784258,0.052415210688591986,n4000_seed0
imagenet100,geo_r,2,0.2,409,magnitude,0.292259083728278,0.11093029563330621,n4000_seed0
imagenet100,geo_r,2,0.2,409,variance,0.2902208201892745,0.11093029563330621,n4000_seed0
imagenet100,geo_r,2,0.2,409,rate,0.25846153846153846,0.11093029563330621,n4000_seed0
imagenet100,geo_r,2,0.2,409,probe_weight,0.157001414427157,0.11093029563330621,n4000_seed0
imagenet100,geo_r,2,0.5,1024,magnitude,0.3735747820254863,0.3333333333333333,n4000_seed0
imagenet100,geo_r,2,0.5,1024,variance,0.3553937789543349,0.3333333333333333,n4000_seed0
imagenet100,geo_r,2,0.5,1024,rate,0.3689839572192513,0.3333333333333333,n4000_seed0
imagenet100,geo_r,2,0.5,1024,probe_weight,0.32470892626131953,0.3333333333333333,n4000_seed0
imagenet100,geo_r,3,0.05,102,magnitude,0.2670807453416149,0.02553830746119179,n4000_seed0
imagenet100,geo_r,3,0.05,102,variance,0.25153374233128833,0.02553830746119179,n4000_seed0
imagenet100,geo_r,3,0.05,102,rate,0.1657142857142857,0.02553830746119179,n4000_seed0
imagenet100,geo_r,3,0.05,102,probe_weight,0.2289156626506024,0.02553830746119179,n4000_seed0
imagenet100,geo_r,3,0.1,204,magnitude,0.3289902280130293,0.052415210688591986,n4000_seed0
imagenet100,geo_r,3,0.1,204,variance,0.3035143769968051,0.052415210688591986,n4000_seed0
imagenet100,geo_r,3,0.1,204,rate,0.22522522522522523,0.052415210688591986,n4000_seed0
imagenet100,geo_r,3,0.1,204,probe_weight,0.21428571428571427,0.052415210688591986,n4000_seed0
imagenet100,geo_r,3,0.2,409,magnitude,0.391156462585034,0.11093029563330621,n4000_seed0
imagenet100,geo_r,3,0.2,409,variance,0.39590443686006827,0.11093029563330621,n4000_seed0
imagenet100,geo_r,3,0.2,409,rate,0.3108974358974359,0.11093029563330621,n4000_seed0
imagenet100,geo_r,3,0.2,409,probe_weight,0.2011747430249633,0.11093029563330621,n4000_seed0
imagenet100,geo_r,3,0.5,1024,magnitude,0.4851341551849166,0.3333333333333333,n4000_seed0
imagenet100,geo_r,3,0.5,1024,variance,0.4744420446364291,0.3333333333333333,n4000_seed0
imagenet100,geo_r,3,0.5,1024,rate,0.46494992846924177,0.3333333333333333,n4000_seed0
imagenet100,geo_r,3,0.5,1024,probe_weight,0.3411918795022921,0.3333333333333333,n4000_seed0
imagenet100,geo_r,4,0.05,102,magnitude,0.2,0.02553830746119179,n4000_seed0
imagenet100,geo_r,4,0.05,102,variance,0.1724137931034483,0.02553830746119179,n4000_seed0
imagenet100,geo_r,4,0.05,102,rate,0.1270718232044199,0.02553830746119179,n4000_seed0
imagenet100,geo_r,4,0.05,102,probe_weight,0.1590909090909091,0.02553830746119179,n4000_seed0
imagenet100,geo_r,4,0.1,204,magnitude,0.24770642201834864,0.052415210688591986,n4000_seed0
imagenet100,geo_r,4,0.1,204,variance,0.24770642201834864,0.052415210688591986,n4000_seed0
imagenet100,geo_r,4,0.1,204,rate,0.16905444126074498,0.052415210688591986,n4000_seed0
imagenet100,geo_r,4,0.1,204,probe_weight,0.1590909090909091,0.052415210688591986,n4000_seed0
imagenet100,geo_r,4,0.2,409,magnitude,0.28414442700156983,0.11093029563330621,n4000_seed0
imagenet100,geo_r,4,0.2,409,variance,0.2902208201892745,0.11093029563330621,n4000_seed0
imagenet100,geo_r,4,0.2,409,rate,0.20827178729689808,0.11093029563330621,n4000_seed0
imagenet100,geo_r,4,0.2,409,probe_weight,0.1837916063675832,0.11093029563330621,n4000_seed0
imagenet100,geo_r,4,0.5,1024,magnitude,0.3960463531015678,0.3333333333333333,n4000_seed0
imagenet100,geo_r,4,0.5,1024,variance,0.391304347826087,0.3333333333333333,n4000_seed0
imagenet100,geo_r,4,0.5,1024,rate,0.38005390835579517,0.3333333333333333,n4000_seed0
imagenet100,geo_r,4,0.5,1024,probe_weight,0.32900713822193384,0.3333333333333333,n4000_seed0
imagenet100,geo_pca,0,0.05,102,magnitude,0.21428571428571427,0.02553830746119179,n4000_seed0
imagenet100,geo_pca,0,0.05,102,variance,0.25153374233128833,0.02553830746119179,n4000_seed0
imagenet100,geo_pca,0,0.05,102,rate,0.11475409836065574,0.02553830746119179,n4000_seed0
imagenet100,geo_pca,0,0.05,102,probe_weight,0.2215568862275449,0.02553830746119179,n4000_seed0
imagenet100,geo_pca,0,0.1,204,magnitude,0.29523809523809524,0.052415210688591986,n4000_seed0
imagenet100,geo_pca,0,0.1,204,variance,0.2911392405063291,0.052415210688591986,n4000_seed0
imagenet100,geo_pca,0,0.1,204,rate,0.2,0.052415210688591986,n4000_seed0
imagenet100,geo_pca,0,0.1,204,probe_weight,0.1826086956521739,0.052415210688591986,n4000_seed0
imagenet100,geo_pca,0,0.2,409,magnitude,0.393526405451448,0.11093029563330621,n4000_seed0
imagenet100,geo_pca,0,0.2,409,variance,0.4103448275862069,0.11093029563330621,n4000_seed0
imagenet100,geo_pca,0,0.2,409,rate,0.30254777070063693,0.11093029563330621,n4000_seed0
imagenet100,geo_pca,0,0.2,409,probe_weight,0.19416058394160585,0.11093029563330621,n4000_seed0
imagenet100,geo_pca,0,0.5,1024,magnitude,0.4143646408839779,0.3333333333333333,n4000_seed0
imagenet100,geo_pca,0,0.5,1024,variance,0.44123856439127374,0.3333333333333333,n4000_seed0
imagenet100,geo_pca,0,0.5,1024,rate,0.40370116518163124,0.3333333333333333,n4000_seed0
imagenet100,geo_pca,0,0.5,1024,probe_weight,0.35181518151815183,0.3333333333333333,n4000_seed0
imagenet100,geo_pca,1,0.05,102,magnitude,0.29936305732484075,0.02553830746119179,n4000_seed0
imagenet100,geo_pca,1,0.05,102,variance,0.3161290322580645,0.02553830746119179,n4000_seed0
imagenet100,geo_pca,1,0.05,102,rate,0.19298245614035087,0.02553830746119179,n4000_seed0
imagenet100,geo_pca,1,0.05,102,probe_weight,0.25925925925925924,0.02553830746119179,n4000_seed0
imagenet100,geo_pca,1,0.1,204,magnitude,0.29936305732484075,0.052415210688591986,n4000_seed0
imagenet100,geo_pca,1,0.1,204,variance,0.3377049180327869,0.052415210688591986,n4000_seed0
imagenet100,geo_pca,1,0.1,204,rate,0.14285714285714285,0.052415210688591986,n4000_seed0
imagenet100,geo_pca,1,0.1,204,probe_weight,0.24770642201834864,0.052415210688591986,n4000_seed0
imagenet100,geo_pca,1,0.2,409,magnitude,0.29430379746835444,0.11093029563330621,n4000_seed0
imagenet100,geo_pca,1,0.2,409,variance,0.28213166144200624,0.11093029563330621,n4000_seed0
imagenet100,geo_pca,1,0.2,409,rate,0.21364985163204747,0.11093029563330621,n4000_seed0
imagenet100,geo_pca,1,0.2,409,probe_weight,0.18037518037518038,0.11093029563330621,n4000_seed0
imagenet100,geo_pca,1,0.5,1024,magnitude,0.3324658425504229,0.3333333333333333,n4000_seed0
imagenet100,geo_pca,1,0.5,1024,variance,0.35809018567639256,0.3333333333333333,n4000_seed0
imagenet100,geo_pca,1,0.5,1024,rate,0.3178893178893179,0.3333333333333333,n4000_seed0
imagenet100,geo_pca,1,0.5,1024,probe_weight,0.3781965006729475,0.3333333333333333,n4000_seed0
imagenet100,geo_pca,2,0.05,102,magnitude,0.20710059171597633,0.02553830746119179,n4000_seed0
imagenet100,geo_pca,2,0.05,102,variance,0.2911392405063291,0.02553830746119179,n4000_seed0
imagenet100,geo_pca,2,0.05,102,rate,0.09090909090909091,0.02553830746119179,n4000_seed0
imagenet100,geo_pca,2,0.05,102,probe_weight,0.21428571428571427,0.02553830746119179,n4000_seed0
imagenet100,geo_pca,2,0.1,204,magnitude,0.2911392405063291,0.052415210688591986,n4000_seed0
imagenet100,geo_pca,2,0.1,204,variance,0.2911392405063291,0.052415210688591986,n4000_seed0
imagenet100,geo_pca,2,0.1,204,rate,0.1590909090909091,0.052415210688591986,n4000_seed0
imagenet100,geo_pca,2,0.1,204,probe_weight,0.24012158054711247,0.052415210688591986,n4000_seed0
imagenet100,geo_pca,2,0.2,409,magnitude,0.3840947546531303,0.11093029563330621,n4000_seed0
imagenet100,geo_pca,2,0.2,409,variance,0.4006849315068493,0.11093029563330621,n4000_seed0
imagenet100,geo_pca,2,0.2,409,rate,0.278125,0.11093029563330621,n4000_seed0
imagenet100,geo_pca,2,0.2,409,probe_weight,0.25076452599388377,0.11093029563330621,n4000_seed0
imagenet100,geo_pca,2,0.5,1024,magnitude,0.4361851332398317,0.3333333333333333,n4000_seed0
imagenet100,geo_pca,2,0.5,1024,variance,0.43216783216783217,0.3333333333333333,n4000_seed0
imagenet100,geo_pca,2,0.5,1024,rate,0.41730103806228375,0.3333333333333333,n4000_seed0
imagenet100,geo_pca,2,0.5,1024,probe_weight,0.3536021150033047,0.3333333333333333,n4000_seed0
imagenet100,geo_pca,3,0.05,102,magnitude,0.2,0.02553830746119179,n4000_seed0
imagenet100,geo_pca,3,0.05,102,variance,0.3246753246753247,0.02553830746119179,n4000_seed0
imagenet100,geo_pca,3,0.05,102,rate,0.11475409836065574,0.02553830746119179,n4000_seed0
imagenet100,geo_pca,3,0.05,102,probe_weight,0.2911392405063291,0.02553830746119179,n4000_seed0
imagenet100,geo_pca,3,0.1,204,magnitude,0.2870662460567823,0.052415210688591986,n4000_seed0
imagenet100,geo_pca,3,0.1,204,variance,0.2631578947368421,0.052415210688591986,n4000_seed0
imagenet100,geo_pca,3,0.1,204,rate,0.18604651162790697,0.052415210688591986,n4000_seed0
imagenet100,geo_pca,3,0.1,204,probe_weight,0.20353982300884957,0.052415210688591986,n4000_seed0
imagenet100,geo_pca,3,0.2,409,magnitude,0.34539473684210525,0.11093029563330621,n4000_seed0
imagenet100,geo_pca,3,0.2,409,variance,0.35206611570247937,0.11093029563330621,n4000_seed0
imagenet100,geo_pca,3,0.2,409,rate,0.278125,0.11093029563330621,n4000_seed0
imagenet100,geo_pca,3,0.2,409,probe_weight,0.19416058394160585,0.11093029563330621,n4000_seed0
imagenet100,geo_pca,3,0.5,1024,magnitude,0.40756013745704467,0.3333333333333333,n4000_seed0
imagenet100,geo_pca,3,0.5,1024,variance,0.4008207934336525,0.3333333333333333,n4000_seed0
imagenet100,geo_pca,3,0.5,1024,rate,0.40370116518163124,0.3333333333333333,n4000_seed0
imagenet100,geo_pca,3,0.5,1024,probe_weight,0.3350717079530639,0.3333333333333333,n4000_seed0
imagenet100,geo_pca,4,0.05,102,magnitude,0.21428571428571427,0.02553830746119179,n4000_seed0
imagenet100,geo_pca,4,0.05,102,variance,0.2289156626506024,0.02553830746119179,n4000_seed0
imagenet100,geo_pca,4,0.05,102,rate,0.11475409836065574,0.02553830746119179,n4000_seed0
imagenet100,geo_pca,4,0.05,102,probe_weight,0.1791907514450867,0.02553830746119179,n4000_seed0
imagenet100,geo_pca,4,0.1,204,magnitude,0.25925925925925924,0.052415210688591986,n4000_seed0
imagenet100,geo_pca,4,0.1,204,variance,0.24770642201834864,0.052415210688591986,n4000_seed0
imagenet100,geo_pca,4,0.1,204,rate,0.1826086956521739,0.052415210688591986,n4000_seed0
imagenet100,geo_pca,4,0.1,204,probe_weight,0.16905444126074498,0.052415210688591986,n4000_seed0
imagenet100,geo_pca,4,0.2,409,magnitude,0.32792207792207795,0.11093029563330621,n4000_seed0
imagenet100,geo_pca,4,0.2,409,variance,0.33442088091353994,0.11093029563330621,n4000_seed0
imagenet100,geo_pca,4,0.2,409,rate,0.2623456790123457,0.11093029563330621,n4000_seed0
imagenet100,geo_pca,4,0.2,409,probe_weight,0.1855072463768116,0.11093029563330621,n4000_seed0
imagenet100,geo_pca,4,0.5,1024,magnitude,0.42618384401114207,0.3333333333333333,n4000_seed0
imagenet100,geo_pca,4,0.5,1024,variance,0.45557924662402277,0.3333333333333333,n4000_seed0
imagenet100,geo_pca,4,0.5,1024,rate,0.39414567733151806,0.3333333333333333,n4000_seed0
imagenet100,geo_pca,4,0.5,1024,probe_weight,0.37173476222371066,0.3333333333333333,n4000_seed0
imagenet100,geo_m,0,0.05,102,magnitude,0.19298245614035087,0.02553830746119179,n4000_seed1
imagenet100,geo_m,0,0.05,102,variance,0.59375,0.02553830746119179,n4000_seed1
imagenet100,geo_m,0,0.05,102,rate,0.0,0.02553830746119179,n4000_seed1
imagenet100,geo_m,0,0.05,102,probe_weight,0.7,0.02553830746119179,n4000_seed1
imagenet100,geo_m,0,0.1,204,magnitude,0.6126482213438735,0.052415210688591986,n4000_seed1
imagenet100,geo_m,0,0.1,204,variance,0.7894736842105263,0.052415210688591986,n4000_seed1
imagenet100,geo_m,0,0.1,204,rate,0.1657142857142857,0.052415210688591986,n4000_seed1
imagenet100,geo_m,0,0.1,204,probe_weight,0.5454545454545454,0.052415210688591986,n4000_seed1
imagenet100,geo_m,0,0.2,409,magnitude,0.8804597701149425,0.11093029563330621,n4000_seed1
imagenet100,geo_m,0,0.2,409,variance,0.7591397849462366,0.11093029563330621,n4000_seed1
imagenet100,geo_m,0,0.2,409,rate,0.4981684981684982,0.11093029563330621,n4000_seed1
imagenet100,geo_m,0,0.2,409,probe_weight,0.28012519561815336,0.11093029563330621,n4000_seed1
imagenet100,geo_m,0,0.5,1024,magnitude,0.8517179023508138,0.3333333333333333,n4000_seed1
imagenet100,geo_m,0,0.5,1024,variance,0.7949167397020158,0.3333333333333333,n4000_seed1
imagenet100,geo_m,0,0.5,1024,rate,0.7166806370494552,0.3333333333333333,n4000_seed1
imagenet100,geo_m,0,0.5,1024,probe_weight,0.2970234325522483,0.3333333333333333,n4000_seed1
imagenet100,geo_m,1,0.05,102,magnitude,0.25925925925925924,0.02553830746119179,n4000_seed1
imagenet100,geo_m,1,0.05,102,variance,0.7142857142857143,0.02553830746119179,n4000_seed1
imagenet100,geo_m,1,0.05,102,rate,0.014925373134328358,0.02553830746119179,n4000_seed1
imagenet100,geo_m,1,0.05,102,probe_weight,0.7,0.02553830746119179,n4000_seed1
imagenet100,geo_m,1,0.1,204,magnitude,0.5752895752895753,0.052415210688591986,n4000_seed1
imagenet100,geo_m,1,0.1,204,variance,0.7973568281938326,0.052415210688591986,n4000_seed1
imagenet100,geo_m,1,0.1,204,rate,0.15254237288135594,0.052415210688591986,n4000_seed1
imagenet100,geo_m,1,0.1,204,probe_weight,0.5513307984790875,0.052415210688591986,n4000_seed1
imagenet100,geo_m,1,0.2,409,magnitude,0.8057395143487859,0.11093029563330621,n4000_seed1
imagenet100,geo_m,1,0.2,409,variance,0.7705627705627706,0.11093029563330621,n4000_seed1
imagenet100,geo_m,1,0.2,409,rate,0.393526405451448,0.11093029563330621,n4000_seed1
imagenet100,geo_m,1,0.2,409,probe_weight,0.28213166144200624,0.11093029563330621,n4000_seed1
imagenet100,geo_m,1,0.5,1024,magnitude,0.8737419945105215,0.3333333333333333,n4000_seed1
imagenet100,geo_m,1,0.5,1024,variance,0.8012313104661389,0.3333333333333333,n4000_seed1
imagenet100,geo_m,1,0.5,1024,rate,0.7224558452481077,0.3333333333333333,n4000_seed1
imagenet100,geo_m,1,0.5,1024,probe_weight,0.3003174603174603,0.3333333333333333,n4000_seed1
imagenet100,geo_m,2,0.05,102,magnitude,0.19298245614035087,0.02553830746119179,n4000_seed1
imagenet100,geo_m,2,0.05,102,variance,0.6190476190476191,0.02553830746119179,n4000_seed1
imagenet100,geo_m,2,0.05,102,rate,0.009900990099009901,0.02553830746119179,n4000_seed1
imagenet100,geo_m,2,0.05,102,probe_weight,0.7,0.02553830746119179,n4000_seed1
imagenet100,geo_m,2,0.1,204,magnitude,0.5632183908045977,0.052415210688591986,n4000_seed1
imagenet100,geo_m,2,0.1,204,variance,0.7894736842105263,0.052415210688591986,n4000_seed1
imagenet100,geo_m,2,0.1,204,rate,0.14285714285714285,0.052415210688591986,n4000_seed1
imagenet100,geo_m,2,0.1,204,probe_weight,0.5454545454545454,0.052415210688591986,n4000_seed1
imagenet100,geo_m,2,0.2,409,magnitude,0.744136460554371,0.11093029563330621,n4000_seed1
imagenet100,geo_m,2,0.2,409,variance,0.8177777777777778,0.11093029563330621,n4000_seed1
imagenet100,geo_m,2,0.2,409,rate,0.36333333333333334,0.11093029563330621,n4000_seed1
imagenet100,geo_m,2,0.2,409,probe_weight,0.29635499207606975,0.11093029563330621,n4000_seed1
imagenet100,geo_m,2,0.5,1024,magnitude,0.8720292504570384,0.3333333333333333,n4000_seed1
imagenet100,geo_m,2,0.5,1024,variance,0.7519247219846023,0.3333333333333333,n4000_seed1
imagenet100,geo_m,2,0.5,1024,rate,0.7902097902097902,0.3333333333333333,n4000_seed1
imagenet100,geo_m,2,0.5,1024,probe_weight,0.284012539184953,0.3333333333333333,n4000_seed1
imagenet100,geo_m,3,0.05,102,magnitude,0.25925925925925924,0.02553830746119179,n4000_seed1
imagenet100,geo_m,3,0.05,102,variance,0.7,0.02553830746119179,n4000_seed1
imagenet100,geo_m,3,0.05,102,rate,0.02512562814070352,0.02553830746119179,n4000_seed1
imagenet100,geo_m,3,0.05,102,probe_weight,0.7142857142857143,0.02553830746119179,n4000_seed1
imagenet100,geo_m,3,0.1,204,magnitude,0.5813953488372093,0.052415210688591986,n4000_seed1
imagenet100,geo_m,3,0.1,204,variance,0.7894736842105263,0.052415210688591986,n4000_seed1
imagenet100,geo_m,3,0.1,204,rate,0.16905444126074498,0.052415210688591986,n4000_seed1
imagenet100,geo_m,3,0.1,204,probe_weight,0.5632183908045977,0.052415210688591986,n4000_seed1
imagenet100,geo_m,3,0.2,409,magnitude,0.793859649122807,0.11093029563330621,n4000_seed1
imagenet100,geo_m,3,0.2,409,variance,0.821826280623608,0.11093029563330621,n4000_seed1
imagenet100,geo_m,3,0.2,409,rate,0.391156462585034,0.11093029563330621,n4000_seed1
imagenet100,geo_m,3,0.2,409,probe_weight,0.2861635220125786,0.11093029563330621,n4000_seed1
imagenet100,geo_m,3,0.5,1024,magnitude,0.8584392014519057,0.3333333333333333,n4000_seed1
imagenet100,geo_m,3,0.5,1024,variance,0.7326565143824028,0.3333333333333333,n4000_seed1
imagenet100,geo_m,3,0.5,1024,rate,0.8269402319357716,0.3333333333333333,n4000_seed1
imagenet100,geo_m,3,0.5,1024,probe_weight,0.28967254408060455,0.3333333333333333,n4000_seed1
imagenet100,geo_m,4,0.05,102,magnitude,0.2215568862275449,0.02553830746119179,n4000_seed1
imagenet100,geo_m,4,0.05,102,variance,0.6585365853658537,0.02553830746119179,n4000_seed1
imagenet100,geo_m,4,0.05,102,rate,0.009900990099009901,0.02553830746119179,n4000_seed1
imagenet100,geo_m,4,0.05,102,probe_weight,0.6585365853658537,0.02553830746119179,n4000_seed1
imagenet100,geo_m,4,0.1,204,magnitude,0.6,0.052415210688591986,n4000_seed1
imagenet100,geo_m,4,0.1,204,variance,0.7816593886462883,0.052415210688591986,n4000_seed1
imagenet100,geo_m,4,0.1,204,rate,0.16905444126074498,0.052415210688591986,n4000_seed1
imagenet100,geo_m,4,0.1,204,probe_weight,0.539622641509434,0.052415210688591986,n4000_seed1
imagenet100,geo_m,4,0.2,409,magnitude,0.9112149532710281,0.11093029563330621,n4000_seed1
imagenet100,geo_m,4,0.2,409,variance,0.801762114537445,0.11093029563330621,n4000_seed1
imagenet100,geo_m,4,0.2,409,rate,0.47653429602888087,0.11093029563330621,n4000_seed1
imagenet100,geo_m,4,0.2,409,probe_weight,0.28012519561815336,0.11093029563330621,n4000_seed1
imagenet100,geo_m,4,0.5,1024,magnitude,0.7855274629468177,0.3333333333333333,n4000_seed1
imagenet100,geo_m,4,0.5,1024,variance,0.8269402319357716,0.3333333333333333,n4000_seed1
imagenet100,geo_m,4,0.5,1024,rate,0.5888285492629945,0.3333333333333333,n4000_seed1
imagenet100,geo_m,4,0.5,1024,probe_weight,0.313662604233483,0.3333333333333333,n4000_seed1
imagenet100,geo_r,0,0.05,102,magnitude,0.24390243902439024,0.02553830746119179,n4000_seed1
imagenet100,geo_r,0,0.05,102,variance,0.24390243902439024,0.02553830746119179,n4000_seed1
imagenet100,geo_r,0,0.05,102,rate,0.1657142857142857,0.02553830746119179,n4000_seed1
imagenet100,geo_r,0,0.05,102,probe_weight,0.21428571428571427,0.02553830746119179,n4000_seed1
imagenet100,geo_r,0,0.1,204,magnitude,0.29936305732484075,0.052415210688591986,n4000_seed1
imagenet100,geo_r,0,0.1,204,variance,0.2911392405063291,0.052415210688591986,n4000_seed1
imagenet100,geo_r,0,0.1,204,rate,0.22522522522522523,0.052415210688591986,n4000_seed1
imagenet100,geo_r,0,0.1,204,probe_weight,0.21791044776119403,0.052415210688591986,n4000_seed1
imagenet100,geo_r,0,0.2,409,magnitude,0.3088,0.11093029563330621,n4000_seed1
imagenet100,geo_r,0,0.2,409,variance,0.3004769475357711,0.11093029563330621,n4000_seed1
imagenet100,geo_r,0,0.2,409,rate,0.23939393939393938,0.11093029563330621,n4000_seed1
imagenet100,geo_r,0,0.2,409,probe_weight,0.17191977077363896,0.11093029563330621,n4000_seed1
imagenet100,geo_r,0,0.5,1024,magnitude,0.32129032258064516,0.3333333333333333,n4000_seed1
imagenet100,geo_r,0,0.5,1024,variance,0.32642487046632124,0.3333333333333333,n4000_seed1
imagenet100,geo_r,0,0.5,1024,rate,0.3161953727506427,0.3333333333333333,n4000_seed1
imagenet100,geo_r,0,0.5,1024,probe_weight,0.3411918795022921,0.3333333333333333,n4000_seed1
imagenet100,geo_r,1,0.05,102,magnitude,0.2289156626506024,0.02553830746119179,n4000_seed1
imagenet100,geo_r,1,0.05,102,variance,0.25925925925925924,0.02553830746119179,n4000_seed1
imagenet100,geo_r,1,0.05,102,rate,0.13333333333333333,0.02553830746119179,n4000_seed1
imagenet100,geo_r,1,0.05,102,probe_weight,0.2289156626506024,0.02553830746119179,n4000_seed1
imagenet100,geo_r,1,0.1,204,magnitude,0.3246753246753247,0.052415210688591986,n4000_seed1
imagenet100,geo_r,1,0.1,204,variance,0.3509933774834437,0.052415210688591986,n4000_seed1
imagenet100,geo_r,1,0.1,204,rate,0.23636363636363636,0.052415210688591986,n4000_seed1
imagenet100,geo_r,1,0.1,204,probe_weight,0.22522522522522523,0.052415210688591986,n4000_seed1
imagenet100,geo_r,1,0.2,409,magnitude,0.3840947546531303,0.11093029563330621,n4000_seed1
imagenet100,geo_r,1,0.2,409,variance,0.37018425460636517,0.11093029563330621,n4000_seed1
imagenet100,geo_r,1,0.2,409,rate,0.32792207792207795,0.11093029563330621,n4000_seed1
imagenet100,geo_r,1,0.2,409,probe_weight,0.17191977077363896,0.11093029563330621,n4000_seed1
imagenet100,geo_r,1,0.5,1024,magnitude,0.4463276836158192,0.3333333333333333,n4000_seed1
imagenet100,geo_r,1,0.5,1024,variance,0.41338854382332646,0.3333333333333333,n4000_seed1
imagenet100,geo_r,1,0.5,1024,rate,0.44939844302901627,0.3333333333333333,n4000_seed1
imagenet100,geo_r,1,0.5,1024,probe_weight,0.30279898218829515,0.3333333333333333,n4000_seed1
imagenet100,geo_r,2,0.05,102,magnitude,0.25153374233128833,0.02553830746119179,n4000_seed1
imagenet100,geo_r,2,0.05,102,variance,0.21428571428571427,0.02553830746119179,n4000_seed1
imagenet100,geo_r,2,0.05,102,rate,0.13966480446927373,0.02553830746119179,n4000_seed1
imagenet100,geo_r,2,0.05,102,probe_weight,0.2,0.02553830746119179,n4000_seed1
imagenet100,geo_r,2,0.1,204,magnitude,0.29936305732484075,0.052415210688591986,n4000_seed1
imagenet100,geo_r,2,0.1,204,variance,0.27899686520376177,0.052415210688591986,n4000_seed1
imagenet100,geo_r,2,0.1,204,rate,0.2215568862275449,0.052415210688591986,n4000_seed1
imagenet100,geo_r,2,0.1,204,probe_weight,0.19298245614035087,0.052415210688591986,n4000_seed1
imagenet100,geo_r,2,0.2,409,magnitude,0.292259083728278,0.11093029563330621,n4000_seed1
imagenet100,geo_r,2,0.2,409,variance,0.3004769475357711,0.11093029563330621,n4000_seed1
imagenet100,geo_r,2,0.2,409,rate,0.26040061633281975,0.11093029563330621,n4000_seed1
imagenet100,geo_r,2,0.2,409,probe_weight,0.15049226441631505,0.11093029563330621,n4000_seed1
imagenet100,geo_r,2,0.5,1024,magnitude,0.3671562082777036,0.3333333333333333,n4000_seed1
imagenet100,geo_r,2,0.5,1024,variance,0.3527080581241744,0.3333333333333333,n4000_seed1
imagenet100,geo_r,2,0.5,1024,rate,0.3689839572192513,0.3333333333333333,n4000_seed1
imagenet100,geo_r,2,0.5,1024,probe_weight,0.3170418006430868,0.3333333333333333,n4000_seed1
imagenet100,geo_r,3,0.05,102,magnitude,0.275,0.02553830746119179,n4000_seed1
imagenet100,geo_r,3,0.05,102,variance,0.24390243902439024,0.02553830746119179,n4000_seed1
imagenet100,geo_r,3,0.05,102,rate,0.1657142857142857,0.02553830746119179,n4000_seed1
imagenet100,geo_r,3,0.05,102,probe_weight,0.2215568862275449,0.02553830746119179,n4000_seed1
imagenet100,geo_r,3,0.1,204,magnitude,0.3377049180327869,0.052415210688591986,n4000_seed1
imagenet100,geo_r,3,0.1,204,variance,0.29936305732484075,0.052415210688591986,n4000_seed1
imagenet100,geo_r,3,0.1,204,rate,0.21791044776119403,0.052415210688591986,n4000_seed1
imagenet100,geo_r,3,0.1,204,probe_weight,0.2326283987915408,0.052415210688591986,n4000_seed1
imagenet100,geo_r,3,0.2,409,magnitude,0.393526405451448,0.11093029563330621,n4000_seed1
imagenet100,geo_r,3,0.2,409,variance,0.38175675675675674,0.11093029563330621,n4000_seed1
imagenet100,geo_r,3,0.2,409,rate,0.3088,0.11093029563330621,n4000_seed1
imagenet100,geo_r,3,0.2,409,probe_weight,0.19765739385065886,0.11093029563330621,n4000_seed1
imagenet100,geo_r,3,0.5,1024,magnitude,0.4851341551849166,0.3333333333333333,n4000_seed1
imagenet100,geo_r,3,0.5,1024,variance,0.4723220704529116,0.3333333333333333,n4000_seed1
imagenet100,geo_r,3,0.5,1024,rate,0.46285714285714286,0.3333333333333333,n4000_seed1
imagenet100,geo_r,3,0.5,1024,probe_weight,0.3161953727506427,0.3333333333333333,n4000_seed1
imagenet100,geo_r,4,0.05,102,magnitude,0.21428571428571427,0.02553830746119179,n4000_seed1
imagenet100,geo_r,4,0.05,102,variance,0.18604651162790697,0.02553830746119179,n4000_seed1
imagenet100,geo_r,4,0.05,102,rate,0.1270718232044199,0.02553830746119179,n4000_seed1
imagenet100,geo_r,4,0.05,102,probe_weight,0.15254237288135594,0.02553830746119179,n4000_seed1
imagenet100,geo_r,4,0.1,204,magnitude,0.24770642201834864,0.052415210688591986,n4000_seed1
imagenet100,geo_r,4,0.1,204,variance,0.24390243902439024,0.052415210688591986,n4000_seed1
imagenet100,geo_r,4,0.1,204,rate,0.1657142857142857,0.052415210688591986,n4000_seed1
imagenet100,geo_r,4,0.1,204,probe_weight,0.1791907514450867,0.052415210688591986,n4000_seed1
imagenet100,geo_r,4,0.2,409,magnitude,0.28818897637795277,0.11093029563330621,n4000_seed1
imagenet100,geo_r,4,0.2,409,variance,0.28818897637795277,0.11093029563330621,n4000_seed1
imagenet100,geo_r,4,0.2,409,rate,0.21005917159763313,0.11093029563330621,n4000_seed1
imagenet100,geo_r,4,0.2,409,probe_weight,0.17360114777618366,0.11093029563330621,n4000_seed1
imagenet100,geo_r,4,0.5,1024,magnitude,0.39319727891156464,0.3333333333333333,n4000_seed1
imagenet100,geo_r,4,0.5,1024,variance,0.3998632946001367,0.3333333333333333,n4000_seed1
imagenet100,geo_r,4,0.5,1024,rate,0.38098449089683073,0.3333333333333333,n4000_seed1
imagenet100,geo_r,4,0.5,1024,probe_weight,0.32385261797026504,0.3333333333333333,n4000_seed1
imagenet100,geo_pca,0,0.05,102,magnitude,0.21428571428571427,0.02553830746119179,n4000_seed1
imagenet100,geo_pca,0,0.05,102,variance,0.275,0.02553830746119179,n4000_seed1
imagenet100,geo_pca,0,0.05,102,rate,0.10869565217391304,0.02553830746119179,n4000_seed1
imagenet100,geo_pca,0,0.05,102,probe_weight,0.2215568862275449,0.02553830746119179,n4000_seed1
imagenet100,geo_pca,0,0.1,204,magnitude,0.2911392405063291,0.052415210688591986,n4000_seed1
imagenet100,geo_pca,0,0.1,204,variance,0.29523809523809524,0.052415210688591986,n4000_seed1
imagenet100,geo_pca,0,0.1,204,rate,0.19298245614035087,0.052415210688591986,n4000_seed1
imagenet100,geo_pca,0,0.1,204,probe_weight,0.20710059171597633,0.052415210688591986,n4000_seed1
imagenet100,geo_pca,0,0.2,409,magnitude,0.391156462585034,0.11093029563330621,n4000_seed1
imagenet100,geo_pca,0,0.2,409,variance,0.38175675675675674,0.11093029563330621,n4000_seed1
imagenet100,geo_pca,0,0.2,409,rate,0.30462519936204147,0.11093029563330621,n4000_seed1
imagenet100,geo_pca,0,0.2,409,probe_weight,0.1786743515850144,0.11093029563330621,n4000_seed1
imagenet100,geo_pca,0,0.5,1024,magnitude,0.42519137091162146,0.3333333333333333,n4000_seed1
imagenet100,geo_pca,0,0.5,1024,variance,0.44428772919605075,0.3333333333333333,n4000_seed1
imagenet100,geo_pca,0,0.5,1024,rate,0.40370116518163124,0.3333333333333333,n4000_seed1
imagenet100,geo_pca,0,0.5,1024,probe_weight,0.36533333333333334,0.3333333333333333,n4000_seed1
imagenet100,geo_pca,1,0.05,102,magnitude,0.3161290322580645,0.02553830746119179,n4000_seed1
imagenet100,geo_pca,1,0.05,102,variance,0.34210526315789475,0.02553830746119179,n4000_seed1
imagenet100,geo_pca,1,0.05,102,rate,0.1724137931034483,0.02553830746119179,n4000_seed1
imagenet100,geo_pca,1,0.05,102,probe_weight,0.25925925925925924,0.02553830746119179,n4000_seed1
imagenet100,geo_pca,1,0.1,204,magnitude,0.2911392405063291,0.052415210688591986,n4000_seed1
imagenet100,geo_pca,1,0.1,204,variance,0.34210526315789475,0.052415210688591986,n4000_seed1
imagenet100,geo_pca,1,0.1,204,rate,0.13333333333333333,0.052415210688591986,n4000_seed1
imagenet100,geo_pca,1,0.1,204,probe_weight,0.25925925925925924,0.052415210688591986,n4000_seed1
imagenet100,geo_pca,1,0.2,409,magnitude,0.292259083728278,0.11093029563330621,n4000_seed1
imagenet100,geo_pca,1,0.2,409,variance,0.2902208201892745,0.11093029563330621,n4000_seed1
imagenet100,geo_pca,1,0.2,409,rate,0.21185185185185185,0.11093029563330621,n4000_seed1
imagenet100,geo_pca,1,0.2,409,probe_weight,0.15864022662889518,0.11093029563330621,n4000_seed1
imagenet100,geo_pca,1,0.5,1024,magnitude,0.3350717079530639,0.3333333333333333,n4000_seed1
imagenet100,geo_pca,1,0.5,1024,variance,0.35092348284960423,0.3333333333333333,n4000_seed1
imagenet100,geo_pca,1,0.5,1024,rate,0.32299741602067183,0.3333333333333333,n4000_seed1
imagenet100,geo_pca,1,0.5,1024,probe_weight,0.37541974479516454,0.3333333333333333,n4000_seed1
imagenet100,geo_pca,2,0.05,102,magnitude,0.18604651162790697,0.02553830746119179,n4000_seed1
imagenet100,geo_pca,2,0.05,102,variance,0.2830188679245283,0.02553830746119179,n4000_seed1
imagenet100,geo_pca,2,0.05,102,rate,0.0851063829787234,0.02553830746119179,n4000_seed1
imagenet100,geo_pca,2,0.05,102,probe_weight,0.2215568862275449,0.02553830746119179,n4000_seed1
imagenet100,geo_pca,2,0.1,204,magnitude,0.29523809523809524,0.052415210688591986,n4000_seed1
imagenet100,geo_pca,2,0.1,204,variance,0.275,0.052415210688591986,n4000_seed1
imagenet100,geo_pca,2,0.1,204,rate,0.1558073654390935,0.052415210688591986,n4000_seed1
imagenet100,geo_pca,2,0.1,204,probe_weight,0.2289156626506024,0.052415210688591986,n4000_seed1
imagenet100,geo_pca,2,0.2,409,magnitude,0.3840947546531303,0.11093029563330621,n4000_seed1
imagenet100,geo_pca,2,0.2,409,variance,0.39590443686006827,0.11093029563330621,n4000_seed1
imagenet100,geo_pca,2,0.2,409,rate,0.278125,0.11093029563330621,n4000_seed1
imagenet100,geo_pca,2,0.2,409,probe_weight,0.23378582202111614,0.11093029563330621,n4000_seed1
imagenet100,geo_pca,2,0.5,1024,magnitude,0.4392129304286718,0.3333333333333333,n4000_seed1
imagenet100,geo_pca,2,0.5,1024,variance,0.44123856439127374,0.3333333333333333,n4000_seed1
imagenet100,geo_pca,2,0.5,1024,rate,0.4182825484764543,0.3333333333333333,n4000_seed1
imagenet100,geo_pca,2,0.5,1024,probe_weight,0.3447143795141169,0.3333333333333333,n4000_seed1
imagenet100,geo_pca,3,0.05,102,magnitude,0.2,0.02553830746119179,n4000_seed1
imagenet100,geo_pca,3,0.05,102,variance,0.2911392405063291,0.02553830746119179,n4000_seed1
imagenet100,geo_pca,3,0.05,102,rate,0.11475409836065574,0.02553830746119179,n4000_seed1
imagenet100,geo_pca,3,0.05,102,probe_weight,0.2830188679245283,0.02553830746119179,n4000_seed1
imagenet100,geo_pca,3,0.1,204,magnitude,0.275,0.052415210688591986,n4000_seed1
imagenet100,geo_pca,3,0.1,204,variance,0.2553846153846154,0.052415210688591986,n4000_seed1
imagenet100,geo_pca,3,0.1,204,rate,0.1724137931034483,0.052415210688591986,n4000_seed1
imagenet100,geo_pca,3,0.1,204,probe_weight,0.2,0.052415210688591986,n4000_seed1
imagenet100,geo_pca,3,0.2,409,magnitude,0.34983498349834985,0.11093029563330621,n4000_seed1
imagenet100,geo_pca,3,0.2,409,variance,0.3366013071895425,0.11093029563330621,n4000_seed1
imagenet100,geo_pca,3,0.2,409,rate,0.27414330218068533,0.11093029563330621,n4000_seed1
imagenet100,geo_pca,3,0.2,409,probe_weight,0.16857142857142857,0.11093029563330621,n4000_seed1
imagenet100,geo_pca,3,0.5,1024,magnitude,0.4143646408839779,0.3333333333333333,n4000_seed1
imagenet100,geo_pca,3,0.5,1024,variance,0.40273972602739727,0.3333333333333333,n4000_seed1
imagenet100,geo_pca,3,0.5,1024,rate,0.4046639231824417,0.3333333333333333,n4000_seed1
imagenet100,geo_pca,3,0.5,1024,probe_weight,0.3272845106934543,0.3333333333333333,n4000_seed1
imagenet100,geo_pca,4,0.05,102,magnitude,0.1791907514450867,0.02553830746119179,n4000_seed1
imagenet100,geo_pca,4,0.05,102,variance,0.18604651162790697,0.02553830746119179,n4000_seed1
imagenet100,geo_pca,4,0.05,102,rate,0.10869565217391304,0.02553830746119179,n4000_seed1
imagenet100,geo_pca,4,0.05,102,probe_weight,0.2,0.02553830746119179,n4000_seed1
imagenet100,geo_pca,4,0.1,204,magnitude,0.2553846153846154,0.052415210688591986,n4000_seed1
imagenet100,geo_pca,4,0.1,204,variance,0.25153374233128833,0.052415210688591986,n4000_seed1
imagenet100,geo_pca,4,0.1,204,rate,0.1724137931034483,0.052415210688591986,n4000_seed1
imagenet100,geo_pca,4,0.1,204,probe_weight,0.1791907514450867,0.052415210688591986,n4000_seed1
imagenet100,geo_pca,4,0.2,409,magnitude,0.33442088091353994,0.11093029563330621,n4000_seed1
imagenet100,geo_pca,4,0.2,409,variance,0.3322475570032573,0.11093029563330621,n4000_seed1
imagenet100,geo_pca,4,0.2,409,rate,0.2642967542503864,0.11093029563330621,n4000_seed1
imagenet100,geo_pca,4,0.2,409,probe_weight,0.17191977077363896,0.11093029563330621,n4000_seed1
imagenet100,geo_pca,4,0.5,1024,magnitude,0.43216783216783217,0.3333333333333333,n4000_seed1
imagenet100,geo_pca,4,0.5,1024,variance,0.4566145092460882,0.3333333333333333,n4000_seed1
imagenet100,geo_pca,4,0.5,1024,rate,0.3922501699524133,0.3333333333333333,n4000_seed1
imagenet100,geo_pca,4,0.5,1024,probe_weight,0.36442371752165226,0.3333333333333333,n4000_seed1
imagenet100,geo_m,0,0.05,102,magnitude,0.15254237288135594,0.02553830746119179,n4000_seed2
imagenet100,geo_m,0,0.05,102,variance,0.59375,0.02553830746119179,n4000_seed2
imagenet100,geo_m,0,0.05,102,rate,0.0,0.02553830746119179,n4000_seed2
imagenet100,geo_m,0,0.05,102,probe_weight,0.7,0.02553830746119179,n4000_seed2
imagenet100,geo_m,0,0.1,204,magnitude,0.6126482213438735,0.052415210688591986,n4000_seed2
imagenet100,geo_m,0,0.1,204,variance,0.8214285714285714,0.052415210688591986,n4000_seed2
imagenet100,geo_m,0,0.1,204,rate,0.1791907514450867,0.052415210688591986,n4000_seed2
imagenet100,geo_m,0,0.1,204,probe_weight,0.5338345864661654,0.052415210688591986,n4000_seed2
imagenet100,geo_m,0,0.2,409,magnitude,0.8935185185185185,0.11093029563330621,n4000_seed2
imagenet100,geo_m,0,0.2,409,variance,0.7667386609071274,0.11093029563330621,n4000_seed2
imagenet100,geo_m,0,0.2,409,rate,0.5064456721915286,0.11093029563330621,n4000_seed2
imagenet100,geo_m,0,0.2,409,probe_weight,0.2902208201892745,0.11093029563330621,n4000_seed2
imagenet100,geo_m,0,0.5,1024,magnitude,0.8500451671183379,0.3333333333333333,n4000_seed2
imagenet100,geo_m,0,0.5,1024,variance,0.7839721254355401,0.3333333333333333,n4000_seed2
imagenet100,geo_m,0,0.5,1024,rate,0.7181208053691275,0.3333333333333333,n4000_seed2
imagenet100,geo_m,0,0.5,1024,probe_weight,0.301143583227446,0.3333333333333333,n4000_seed2
imagenet100,geo_m,1,0.05,102,magnitude,0.2289156626506024,0.02553830746119179,n4000_seed2
imagenet100,geo_m,1,0.05,102,variance,0.7142857142857143,0.02553830746119179,n4000_seed2
imagenet100,geo_m,1,0.05,102,rate,0.014925373134328358,0.02553830746119179,n4000_seed2
imagenet100,geo_m,1,0.05,102,probe_weight,0.6721311475409836,0.02553830746119179,n4000_seed2
imagenet100,geo_m,1,0.1,204,magnitude,0.5813953488372093,0.052415210688591986,n4000_seed2
imagenet100,geo_m,1,0.1,204,variance,0.7973568281938326,0.052415210688591986,n4000_seed2
imagenet100,geo_m,1,0.1,204,rate,0.1657142857142857,0.052415210688591986,n4000_seed2
imagenet100,geo_m,1,0.1,204,probe_weight,0.5338345864661654,0.052415210688591986,n4000_seed2
imagenet100,geo_m,1,0.2,409,magnitude,0.793859649122807,0.11093029563330621,n4000_seed2
imagenet100,geo_m,1,0.2,409,variance,0.7899343544857768,0.11093029563330621,n4000_seed2
imagenet100,geo_m,1,0.2,409,rate,0.4054982817869416,0.11093029563330621,n4000_seed2
imagenet100,geo_m,1,0.2,409,probe_weight,0.29635499207606975,0.11093029563330621,n4000_seed2
imagenet100,geo_m,1,0.5,1024,magnitude,0.8754578754578755,0.3333333333333333,n4000_seed2
imagenet100,geo_m,1,0.5,1024,variance,0.7980684811237928,0.3333333333333333,n4000_seed2
imagenet100,geo_m,1,0.5,1024,rate,0.7311918850380389,0.3333333333333333,n4000_seed2
imagenet100,geo_m,1,0.5,1024,probe_weight,0.30279898218829515,0.3333333333333333,n4000_seed2
imagenet100,geo_m,2,0.05,102,magnitude,0.1657142857142857,0.02553830746119179,n4000_seed2
imagenet100,geo_m,2,0.05,102,variance,0.6062992125984252,0.02553830746119179,n4000_seed2
imagenet100,geo_m,2,0.05,102,rate,0.009900990099009901,0.02553830746119179,n4000_seed2
imagenet100,geo_m,2,0.05,102,probe_weight,0.7288135593220338,0.02553830746119179,n4000_seed2
imagenet100,geo_m,2,0.1,204,magnitude,0.5632183908045977,0.052415210688591986,n4000_seed2
imagenet100,geo_m,2,0.1,204,variance,0.7816593886462883,0.052415210688591986,n4000_seed2
imagenet100,geo_m,2,0.1,204,rate,0.1558073654390935,0.052415210688591986,n4000_seed2
imagenet100,geo_m,2,0.1,204,probe_weight,0.5280898876404494,0.052415210688591986,n4000_seed2
imagenet100,geo_m,2,0.2,409,magnitude,0.7478632478632479,0.11093029563330621,n4000_seed2
imagenet100,geo_m,2,0.2,409,variance,0.801762114537445,0.11093029563330621,n4000_seed2
imagenet100,geo_m,2,0.2,409,rate,0.37018425460636517,0.11093029563330621,n4000_seed2
imagenet100,geo_m,2,0.2,409,probe_weight,0.2984126984126984,0.11093029563330621,n4000_seed2
imagenet100,geo_m,2,0.5,1024,magnitude,0.8652094717668488,0.3333333333333333,n4000_seed2
imagenet100,geo_m,2,0.5,1024,variance,0.740016992353441,0.3333333333333333,n4000_seed2
imagenet100,geo_m,2,0.5,1024,rate,0.8044052863436123,0.3333333333333333,n4000_seed2
imagenet100,geo_m,2,0.5,1024,probe_weight,0.2921135646687697,0.3333333333333333,n4000_seed2
imagenet100,geo_m,3,0.05,102,magnitude,0.2215568862275449,0.02553830746119179,n4000_seed2
imagenet100,geo_m,3,0.05,102,variance,0.7,0.02553830746119179,n4000_seed2
imagenet100,geo_m,3,0.05,102,rate,0.02512562814070352,0.02553830746119179,n4000_seed2
imagenet100,geo_m,3,0.05,102,probe_weight,0.6859504132231405,0.02553830746119179,n4000_seed2
imagenet100,geo_m,3,0.1,204,magnitude,0.5692307692307692,0.052415210688591986,n4000_seed2
imagenet100,geo_m,3,0.1,204,variance,0.7816593886462883,0.052415210688591986,n4000_seed2
imagenet100,geo_m,3,0.1,204,rate,0.18604651162790697,0.052415210688591986,n4000_seed2
imagenet100,geo_m,3,0.1,204,probe_weight,0.5454545454545454,0.052415210688591986,n4000_seed2
imagenet100,geo_m,3,0.2,409,magnitude,0.801762114537445,0.11093029563330621,n4000_seed2
imagenet100,geo_m,3,0.2,409,variance,0.8506787330316742,0.11093029563330621,n4000_seed2
imagenet100,geo_m,3,0.2,409,rate,0.40308747855917665,0.11093029563330621,n4000_seed2
imagenet100,geo_m,3,0.2,409,probe_weight,0.29430379746835444,0.11093029563330621,n4000_seed2
imagenet100,geo_m,3,0.5,1024,magnitude,0.853393665158371,0.3333333333333333,n4000_seed2
imagenet100,geo_m,3,0.5,1024,variance,0.7166806370494552,0.3333333333333333,n4000_seed2
imagenet100,geo_m,3,0.5,1024,rate,0.841726618705036,0.3333333333333333,n4000_seed2
imagenet100,geo_m,3,0.5,1024,probe_weight,0.2880503144654088,0.3333333333333333,n4000_seed2
imagenet100,geo_m,4,0.05,102,magnitude,0.1791907514450867,0.02553830746119179,n4000_seed2
imagenet100,geo_m,4,0.05,102,variance,0.6062992125984252,0.02553830746119179,n4000_seed2
imagenet100,geo_m,4,0.05,102,rate,0.009900990099009901,0.02553830746119179,n4000_seed2
imagenet100,geo_m,4,0.05,102,probe_weight,0.7,0.02553830746119179,n4000_seed2
imagenet100,geo_m,4,0.1,204,magnitude,0.5875486381322957,0.052415210688591986,n4000_seed2
imagenet100,geo_m,4,0.1,204,variance,0.7816593886462883,0.052415210688591986,n4000_seed2
imagenet100,geo_m,4,0.1,204,rate,0.18604651162790697,0.052415210688591986,n4000_seed2
imagenet100,geo_m,4,0.1,204,probe_weight,0.516728624535316,0.052415210688591986,n4000_seed2
imagenet100,geo_m,4,0.2,409,magnitude,0.9292452830188679,0.11093029563330621,n4000_seed2
imagenet100,geo_m,4,0.2,409,variance,0.8057395143487859,0.11093029563330621,n4000_seed2
imagenet100,geo_m,4,0.2,409,rate,0.48727272727272725,0.11093029563330621,n4000_seed2
imagenet100,geo_m,4,0.2,409,probe_weight,0.2984126984126984,0.11093029563330621,n4000_seed2
imagenet100,geo_m,4,0.5,1024,magnitude,0.788646288209607,0.3333333333333333,n4000_seed2
imagenet100,geo_m,4,0.5,1024,variance,0.841726618705036,0.3333333333333333,n4000_seed2
imagenet100,geo_m,4,0.5,1024,rate,0.5975039001560063,0.3333333333333333,n4000_seed2
imagenet100,geo_m,4,0.5,1024,probe_weight,0.31958762886597936,0.3333333333333333,n4000_seed2
imagenet100,geo_r,0,0.05,102,magnitude,0.25153374233128833,0.02553830746119179,n4000_seed2
imagenet100,geo_r,0,0.05,102,variance,0.2670807453416149,0.02553830746119179,n4000_seed2
imagenet100,geo_r,0,0.05,102,rate,0.1657142857142857,0.02553830746119179,n4000_seed2
imagenet100,geo_r,0,0.05,102,probe_weight,0.2,0.02553830746119179,n4000_seed2
imagenet100,geo_r,0,0.1,204,magnitude,0.2911392405063291,0.052415210688591986,n4000_seed2
imagenet100,geo_r,0,0.1,204,variance,0.2911392405063291,0.052415210688591986,n4000_seed2
imagenet100,geo_r,0,0.1,204,rate,0.2289156626506024,0.052415210688591986,n4000_seed2
imagenet100,geo_r,0,0.1,204,probe_weight,0.21428571428571427,0.052415210688591986,n4000_seed2
imagenet100,geo_r,0,0.2,409,magnitude,0.30670926517571884,0.11093029563330621,n4000_seed2
imagenet100,geo_r,0,0.2,409,variance,0.3088,0.11093029563330621,n4000_seed2
imagenet100,geo_r,0,0.2,409,rate,0.23939393939393938,0.11093029563330621,n4000_seed2
imagenet100,geo_r,0,0.2,409,probe_weight,0.16193181818181818,0.11093029563330621,n4000_seed2
imagenet100,geo_r,0,0.5,1024,magnitude,0.32214331826985154,0.3333333333333333,n4000_seed2
imagenet100,geo_r,0,0.5,1024,variance,0.3333333333333333,0.3333333333333333,n4000_seed2
imagenet100,geo_r,0,0.5,1024,rate,0.3178893178893179,0.3333333333333333,n4000_seed2
imagenet100,geo_r,0,0.5,1024,probe_weight,0.3527080581241744,0.3333333333333333,n4000_seed2
imagenet100,geo_r,1,0.05,102,magnitude,0.20710059171597633,0.02553830746119179,n4000_seed2
imagenet100,geo_r,1,0.05,102,variance,0.24390243902439024,0.02553830746119179,n4000_seed2
imagenet100,geo_r,1,0.05,102,rate,0.13333333333333333,0.02553830746119179,n4000_seed2
imagenet100,geo_r,1,0.05,102,probe_weight,0.2215568862275449,0.02553830746119179,n4000_seed2
imagenet100,geo_r,1,0.1,204,magnitude,0.3076923076923077,0.052415210688591986,n4000_seed2
imagenet100,geo_r,1,0.1,204,variance,0.3289902280130293,0.052415210688591986,n4000_seed2
imagenet100,geo_r,1,0.1,204,rate,0.2289156626506024,0.052415210688591986,n4000_seed2
imagenet100,geo_r,1,0.1,204,probe_weight,0.21428571428571427,0.052415210688591986,n4000_seed2
imagenet100,geo_r,1,0.2,409,magnitude,0.4006849315068493,0.11093029563330621,n4000_seed2
imagenet100,geo_r,1,0.2,409,variance,0.36333333333333334,0.11093029563330621,n4000_seed2
imagenet100,geo_r,1,0.2,409,rate,0.3322475570032573,0.11093029563330621,n4000_seed2
imagenet100,geo_r,1,0.2,409,probe_weight,0.16857142857142857,0.11093029563330621,n4000_seed2
imagenet100,geo_r,1,0.5,1024,magnitude,0.44428772919605075,0.3333333333333333,n4000_seed2
imagenet100,geo_r,1,0.5,1024,variance,0.41338854382332646,0.3333333333333333,n4000_seed2
imagenet100,geo_r,1,0.5,1024,rate,0.44734982332155476,0.3333333333333333,n4000_seed2
imagenet100,geo_r,1,0.5,1024,probe_weight,0.301143583227446,0.3333333333333333,n4000_seed2
imagenet100,geo_r,2,0.05,102,magnitude,0.24390243902439024,0.02553830746119179,n4000_seed2
imagenet100,geo_r,2,0.05,102,variance,0.2215568862275449,0.02553830746119179,n4000_seed2
imagenet100,geo_r,2,0.05,102,rate,0.13966480446927373,0.02553830746119179,n4000_seed2
imagenet100,geo_r,2,0.05,102,probe_weight,0.20710059171597633,0.02553830746119179,n4000_seed2
imagenet100,geo_r,2,0.1,204,magnitude,0.29936305732484075,0.052415210688591986,n4000_seed2
imagenet100,geo_r,2,0.1,204,variance,0.275,0.052415210688591986,n4000_seed2
imagenet100,geo_r,2,0.1,204,rate,0.21791044776119403,0.052415210688591986,n4000_seed2
imagenet100,geo_r,2,0.1,204,probe_weight,0.18950437317784258,0.052415210688591986,n4000_seed2
imagenet100,geo_r,2,0.2,409,magnitude,0.2984126984126984,0.11093029563330621,n4000_seed2
imagenet100,geo_r,2,0.2,409,variance,0.3004769475357711,0.11093029563330621,n4000_seed2
imagenet100,geo_r,2,0.2,409,rate,0.2565284178187404,0.11093029563330621,n4000_seed2
imagenet100,geo_r,2,0.2,409,probe_weight,0.14405594405594405,0.11093029563330621,n4000_seed2
imagenet100,geo_r,2,0.5,1024,magnitude,0.36624416277518346,0.3333333333333333,n4000_seed2
imagenet100,geo_r,2,0.5,1024,variance,0.3527080581241744,0.3333333333333333,n4000_seed2
imagenet100,geo_r,2,0.5,1024,rate,0.374496644295302,0.3333333333333333,n4000_seed2
imagenet100,geo_r,2,0.5,1024,probe_weight,0.301143583227446,0.3333333333333333,n4000_seed2
imagenet100,geo_r,3,0.05,102,magnitude,0.2670807453416149,0.02553830746119179,n4000_seed2
imagenet100,geo_r,3,0.05,102,variance,0.2289156626506024,0.02553830746119179,n4000_seed2
imagenet100,geo_r,3,0.05,102,rate,0.1724137931034483,0.02553830746119179,n4000_seed2
imagenet100,geo_r,3,0.05,102,probe_weight,0.2289156626506024,0.02553830746119179,n4000_seed2
imagenet100,geo_r,3,0.1,204,magnitude,0.3509933774834437,0.052415210688591986,n4000_seed2
imagenet100,geo_r,3,0.1,204,variance,0.2870662460567823,0.052415210688591986,n4000_seed2
imagenet100,geo_r,3,0.1,204,rate,0.21428571428571427,0.052415210688591986,n4000_seed2
imagenet100,geo_r,3,0.1,204,probe_weight,0.21791044776119403,0.052415210688591986,n4000_seed2
imagenet100,geo_r,3,0.2,409,magnitude,0.38879456706281834,0.11093029563330621,n4000_seed2
imagenet100,geo_r,3,0.2,409,variance,0.393526405451448,0.11093029563330621,n4000_seed2
imagenet100,geo_r,3,0.2,409,rate,0.31511254019292606,0.11093029563330621,n4000_seed2
imagenet100,geo_r,3,0.2,409,probe_weight,0.20294117647058824,0.11093029563330621,n4000_seed2
imagenet100,geo_r,3,0.5,1024,magnitude,0.4851341551849166,0.3333333333333333,n4000_seed2
imagenet100,geo_r,3,0.5,1024,variance,0.4851341551849166,0.3333333333333333,n4000_seed2
imagenet100,geo_r,3,0.5,1024,rate,0.4744420446364291,0.3333333333333333,n4000_seed2
imagenet100,geo_r,3,0.5,1024,probe_weight,0.32129032258064516,0.3333333333333333,n4000_seed2
imagenet100,geo_r,4,0.05,102,magnitude,0.2,0.02553830746119179,n4000_seed2
imagenet100,geo_r,4,0.05,102,variance,0.1657142857142857,0.02553830746119179,n4000_seed2
imagenet100,geo_r,4,0.05,102,rate,0.1270718232044199,0.02553830746119179,n4000_seed2
imagenet100,geo_r,4,0.05,102,probe_weight,0.15254237288135594,0.02553830746119179,n4000_seed2
imagenet100,geo_r,4,0.1,204,magnitude,0.24390243902439024,0.052415210688591986,n4000_seed2
imagenet100,geo_r,4,0.1,204,variance,0.2326283987915408,0.052415210688591986,n4000_seed2
imagenet100,geo_r,4,0.1,204,rate,0.1623931623931624,0.052415210688591986,n4000_seed2
imagenet100,geo_r,4,0.1,204,probe_weight,0.17579250720461095,0.052415210688591986,n4000_seed2
imagenet100,geo_r,4,0.2,409,magnitude,0.2861635220125786,0.11093029563330621,n4000_seed2
imagenet100,geo_r,4,0.2,409,variance,0.292259083728278,0.11093029563330621,n4000_seed2
imagenet100,geo_r,4,0.2,409,rate,0.21185185185185185,0.11093029563330621,n4000_seed2
imagenet100,geo_r,4,0.2,409,probe_weight,0.17191977077363896,0.11093029563330621,n4000_seed2
imagenet100,geo_r,4,0.5,1024,magnitude,0.3989071038251366,0.3333333333333333,n4000_seed2
imagenet100,geo_r,4,0.5,1024,variance,0.40273972602739727,0.3333333333333333,n4000_seed2
imagenet100,geo_r,4,0.5,1024,rate,0.3781965006729475,0.3333333333333333,n4000_seed2
imagenet100,geo_r,4,0.5,1024,probe_weight,0.3255663430420712,0.3333333333333333,n4000_seed2
imagenet100,geo_pca,0,0.05,102,magnitude,0.2215568862275449,0.02553830746119179,n4000_seed2
imagenet100,geo_pca,0,0.05,102,variance,0.2670807453416149,0.02553830746119179,n4000_seed2
imagenet100,geo_pca,0,0.05,102,rate,0.10869565217391304,0.02553830746119179,n4000_seed2
imagenet100,geo_pca,0,0.05,102,probe_weight,0.24390243902439024,0.02553830746119179,n4000_seed2
imagenet100,geo_pca,0,0.1,204,magnitude,0.2870662460567823,0.052415210688591986,n4000_seed2
imagenet100,geo_pca,0,0.1,204,variance,0.29936305732484075,0.052415210688591986,n4000_seed2
imagenet100,geo_pca,0,0.1,204,rate,0.18950437317784258,0.052415210688591986,n4000_seed2
imagenet100,geo_pca,0,0.1,204,probe_weight,0.2,0.052415210688591986,n4000_seed2
imagenet100,geo_pca,0,0.2,409,magnitude,0.39590443686006827,0.11093029563330621,n4000_seed2
imagenet100,geo_pca,0,0.2,409,variance,0.39829059829059826,0.11093029563330621,n4000_seed2
imagenet100,geo_pca,0,0.2,409,rate,0.30254777070063693,0.11093029563330621,n4000_seed2
imagenet100,geo_pca,0,0.2,409,probe_weight,0.1786743515850144,0.11093029563330621,n4000_seed2
imagenet100,geo_pca,0,0.5,1024,magnitude,0.4232105628908965,0.3333333333333333,n4000_seed2
imagenet100,geo_pca,0,0.5,1024,variance,0.44123856439127374,0.3333333333333333,n4000_seed2
imagenet100,geo_pca,0,0.5,1024,rate,0.40177960301163584,0.3333333333333333,n4000_seed2
imagenet100,geo_pca,0,0.5,1024,probe_weight,0.35003295978905735,0.3333333333333333,n4000_seed2
imagenet100,geo_pca,1,0.05,102,magnitude,0.275,0.02553830746119179,n4000_seed2
imagenet100,geo_pca,1,0.05,102,variance,0.3161290322580645,0.02553830746119179,n4000_seed2
imagenet100,geo_pca,1,0.05,102,rate,0.1657142857142857,0.02553830746119179,n4000_seed2
imagenet100,geo_pca,1,0.05,102,probe_weight,0.2670807453416149,0.02553830746119179,n4000_seed2
imagenet100,geo_pca,1,0.1,204,magnitude,0.2911392405063291,0.052415210688591986,n4000_seed2
imagenet100,geo_pca,1,0.1,204,variance,0.3377049180327869,0.052415210688591986,n4000_seed2
imagenet100,geo_pca,1,0.1,204,rate,0.14285714285714285,0.052415210688591986,n4000_seed2
imagenet100,geo_pca,1,0.1,204,probe_weight,0.2631578947368421,0.052415210688591986,n4000_seed2
imagenet100,geo_pca,1,0.2,409,magnitude,0.292259083728278,0.11093029563330621,n4000_seed2
imagenet100,geo_pca,1,0.2,409,variance,0.2861635220125786,0.11093029563330621,n4000_seed2
imagenet100,geo_pca,1,0.2,409,rate,0.21005917159763313,0.11093029563330621,n4000_seed2
imagenet100,geo_pca,1,0.2,409,probe_weight,0.17191977077363896,0.11093029563330621,n4000_seed2
imagenet100,geo_pca,1,0.5,1024,magnitude,0.3333333333333333,0.3333333333333333,n4000_seed2
imagenet100,geo_pca,1,0.5,1024,variance,0.35003295978905735,0.3333333333333333,n4000_seed2
imagenet100,geo_pca,1,0.5,1024,rate,0.31958762886597936,0.3333333333333333,n4000_seed2
imagenet100,geo_pca,1,0.5,1024,probe_weight,0.3726541554959786,0.3333333333333333,n4000_seed2
imagenet100,geo_pca,2,0.05,102,magnitude,0.21428571428571427,0.02553830746119179,n4000_seed2
imagenet100,geo_pca,2,0.05,102,variance,0.2830188679245283,0.02553830746119179,n4000_seed2
imagenet100,geo_pca,2,0.05,102,rate,0.09090909090909091,0.02553830746119179,n4000_seed2
imagenet100,geo_pca,2,0.05,102,probe_weight,0.24390243902439024,0.02553830746119179,n4000_seed2
imagenet100,geo_pca,2,0.1,204,magnitude,0.27899686520376177,0.052415210688591986,n4000_seed2
imagenet100,geo_pca,2,0.1,204,variance,0.275,0.052415210688591986,n4000_seed2
imagenet100,geo_pca,2,0.1,204,rate,0.15254237288135594,0.052415210688591986,n4000_seed2
imagenet100,geo_pca,2,0.1,204,probe_weight,0.23636363636363636,0.052415210688591986,n4000_seed2
imagenet100,geo_pca,2,0.2,409,magnitude,0.3840947546531303,0.11093029563330621,n4000_seed2
imagenet100,geo_pca,2,0.2,409,variance,0.3840947546531303,0.11093029563330621,n4000_seed2
imagenet100,geo_pca,2,0.2,409,rate,0.2682170542635659,0.11093029563330621,n4000_seed2
imagenet100,geo_pca,2,0.2,409,probe_weight,0.23751891074130105,0.11093029563330621,n4000_seed2
imagenet100,geo_pca,2,0.5,1024,magnitude,0.43820224719101125,0.3333333333333333,n4000_seed2
imagenet100,geo_pca,2,0.5,1024,variance,0.4422535211267606,0.3333333333333333,n4000_seed2
imagenet100,geo_pca,2,0.5,1024,rate,0.4182825484764543,0.3333333333333333,n4000_seed2
imagenet100,geo_pca,2,0.5,1024,probe_weight,0.3527080581241744,0.3333333333333333,n4000_seed2
imagenet100,geo_pca,3,0.05,102,magnitude,0.2,0.02553830746119179,n4000_seed2
imagenet100,geo_pca,3,0.05,102,variance,0.3161290322580645,0.02553830746119179,n4000_seed2
imagenet100,geo_pca,3,0.05,102,rate,0.10270270270270271,0.02553830746119179,n4000_seed2
imagenet100,geo_pca,3,0.05,102,probe_weight,0.2830188679245283,0.02553830746119179,n4000_seed2
imagenet100,geo_pca,3,0.1,204,magnitude,0.29523809523809524,0.052415210688591986,n4000_seed2
imagenet100,geo_pca,3,0.1,204,variance,0.2553846153846154,0.052415210688591986,n4000_seed2
imagenet100,geo_pca,3,0.1,204,rate,0.17579250720461095,0.052415210688591986,n4000_seed2
imagenet100,geo_pca,3,0.1,204,probe_weight,0.2,0.052415210688591986,n4000_seed2
imagenet100,geo_pca,3,0.2,409,magnitude,0.34983498349834985,0.11093029563330621,n4000_seed2
imagenet100,geo_pca,3,0.2,409,variance,0.34539473684210525,0.11093029563330621,n4000_seed2
imagenet100,geo_pca,3,0.2,409,rate,0.27613104524180965,0.11093029563330621,n4000_seed2
imagenet100,geo_pca,3,0.2,409,probe_weight,0.1855072463768116,0.11093029563330621,n4000_seed2
imagenet100,geo_pca,3,0.5,1024,magnitude,0.40852819807427787,0.3333333333333333,n4000_seed2
imagenet100,geo_pca,3,0.5,1024,variance,0.41046831955922863,0.3333333333333333,n4000_seed2
imagenet100,geo_pca,3,0.5,1024,rate,0.40177960301163584,0.3333333333333333,n4000_seed2
imagenet100,geo_pca,3,0.5,1024,probe_weight,0.3447143795141169,0.3333333333333333,n4000_seed2
imagenet100,geo_pca,4,0.05,102,magnitude,0.20710059171597633,0.02553830746119179,n4000_seed2
imagenet100,geo_pca,4,0.05,102,variance,0.2289156626506024,0.02553830746119179,n4000_seed2
imagenet100,geo_pca,4,0.05,102,rate,0.11475409836065574,0.02553830746119179,n4000_seed2
imagenet100,geo_pca,4,0.05,102,probe_weight,0.21428571428571427,0.02553830746119179,n4000_seed2
imagenet100,geo_pca,4,0.1,204,magnitude,0.25925925925925924,0.052415210688591986,n4000_seed2
imagenet100,geo_pca,4,0.1,204,variance,0.24770642201834864,0.052415210688591986,n4000_seed2
imagenet100,geo_pca,4,0.1,204,rate,0.17579250720461095,0.052415210688591986,n4000_seed2
imagenet100,geo_pca,4,0.1,204,probe_weight,0.17579250720461095,0.052415210688591986,n4000_seed2
imagenet100,geo_pca,4,0.2,409,magnitude,0.32362459546925565,0.11093029563330621,n4000_seed2
imagenet100,geo_pca,4,0.2,409,variance,0.32576985413290116,0.11093029563330621,n4000_seed2
imagenet100,geo_pca,4,0.2,409,rate,0.26625386996904027,0.11093029563330621,n4000_seed2
imagenet100,geo_pca,4,0.2,409,probe_weight,0.17360114777618366,0.11093029563330621,n4000_seed2
imagenet100,geo_pca,4,0.5,1024,magnitude,0.4291695743196092,0.3333333333333333,n4000_seed2
imagenet100,geo_pca,4,0.5,1024,variance,0.4524822695035461,0.3333333333333333,n4000_seed2
imagenet100,geo_pca,4,0.5,1024,rate,0.3922501699524133,0.3333333333333333,n4000_seed2
imagenet100,geo_pca,4,0.5,1024,probe_weight,0.3781965006729475,0.3333333333333333,n4000_seed2
imagenet100,geo_m,0,0.05,102,magnitude,0.1791907514450867,0.02553830746119179,n4000_seed3
imagenet100,geo_m,0,0.05,102,variance,0.5813953488372093,0.02553830746119179,n4000_seed3
imagenet100,geo_m,0,0.05,102,rate,0.0,0.02553830746119179,n4000_seed3
imagenet100,geo_m,0,0.05,102,probe_weight,0.7142857142857143,0.02553830746119179,n4000_seed3
imagenet100,geo_m,0,0.1,204,magnitude,0.5875486381322957,0.052415210688591986,n4000_seed3
imagenet100,geo_m,0,0.1,204,variance,0.8214285714285714,0.052415210688591986,n4000_seed3
imagenet100,geo_m,0,0.1,204,rate,0.17579250720461095,0.052415210688591986,n4000_seed3
imagenet100,geo_m,0,0.1,204,probe_weight,0.5454545454545454,0.052415210688591986,n4000_seed3
imagenet100,geo_m,0,0.2,409,magnitude,0.8718535469107551,0.11093029563330621,n4000_seed3
imagenet100,geo_m,0,0.2,409,variance,0.7629310344827587,0.11093029563330621,n4000_seed3
imagenet100,geo_m,0,0.2,409,rate,0.512014787430684,0.11093029563330621,n4000_seed3
imagenet100,geo_m,0,0.2,409,probe_weight,0.292259083728278,0.11093029563330621,n4000_seed3
imagenet100,geo_m,0,0.5,1024,magnitude,0.853393665158371,0.3333333333333333,n4000_seed3
imagenet100,geo_m,0,0.5,1024,variance,0.788646288209607,0.3333333333333333,n4000_seed3
imagenet100,geo_m,0,0.5,1024,rate,0.7297297297297297,0.3333333333333333,n4000_seed3
imagenet100,geo_m,0,0.5,1024,probe_weight,0.30612244897959184,0.3333333333333333,n4000_seed3
imagenet100,geo_m,1,0.05,102,magnitude,0.25153374233128833,0.02553830746119179,n4000_seed3
imagenet100,geo_m,1,0.05,102,variance,0.7,0.02553830746119179,n4000_seed3
imagenet100,geo_m,1,0.05,102,rate,0.014925373134328358,0.02553830746119179,n4000_seed3
imagenet100,geo_m,1,0.05,102,probe_weight,0.6451612903225806,0.02553830746119179,n4000_seed3
imagenet100,geo_m,1,0.1,204,magnitude,0.5513307984790875,0.052415210688591986,n4000_seed3
imagenet100,geo_m,1,0.1,204,variance,0.8214285714285714,0.052415210688591986,n4000_seed3
imagenet100,geo_m,1,0.1,204,rate,0.1590909090909091,0.052415210688591986,n4000_seed3
imagenet100,geo_m,1,0.1,204,probe_weight,0.5513307984790875,0.052415210688591986,n4000_seed3
imagenet100,geo_m,1,0.2,409,magnitude,0.8137472283813747,0.11093029563330621,n4000_seed3
imagenet100,geo_m,1,0.2,409,variance,0.801762114537445,0.11093029563330621,n4000_seed3
imagenet100,geo_m,1,0.2,409,rate,0.41278065630397237,0.11093029563330621,n4000_seed3
imagenet100,geo_m,1,0.2,409,probe_weight,0.29430379746835444,0.11093029563330621,n4000_seed3
imagenet100,geo_m,1,0.5,1024,magnitude,0.8806244260789715,0.3333333333333333,n4000_seed3
imagenet100,geo_m,1,0.5,1024,variance,0.8091872791519434,0.3333333333333333,n4000_seed3
imagenet100,geo_m,1,0.5,1024,rate,0.740016992353441,0.3333333333333333,n4000_seed3
imagenet100,geo_m,1,0.5,1024,probe_weight,0.32299741602067183,0.3333333333333333,n4000_seed3
imagenet100,geo_m,2,0.05,102,magnitude,0.18604651162790697,0.02553830746119179,n4000_seed3
imagenet100,geo_m,2,0.05,102,variance,0.6062992125984252,0.02553830746119179,n4000_seed3
imagenet100,geo_m,2,0.05,102,rate,0.009900990099009901,0.02553830746119179,n4000_seed3
imagenet100,geo_m,2,0.05,102,probe_weight,0.7,0.02553830746119179,n4000_seed3
imagenet100,geo_m,2,0.1,204,magnitude,0.5513307984790875,0.052415210688591986,n4000_seed3
imagenet100,geo_m,2,0.1,204,variance,0.8295964125560538,0.052415210688591986,n4000_seed3
imagenet100,geo_m,2,0.1,204,rate,0.1590909090909091,0.052415210688591986,n4000_seed3
imagenet100,geo_m,2,0.1,204,probe_weight,0.539622641509434,0.052415210688591986,n4000_seed3
imagenet100,geo_m,2,0.2,409,magnitude,0.7516059957173448,0.11093029563330621,n4000_seed3
imagenet100,geo_m,2,0.2,409,variance,0.8299776286353467,0.11093029563330621,n4000_seed3
imagenet100,geo_m,2,0.2,409,rate,0.3771043771043771,0.11093029563330621,n4000_seed3
imagenet100,geo_m,2,0.2,409,probe_weight,0.30670926517571884,0.11093029563330621,n4000_seed3
imagenet100,geo_m,2,0.5,1024,magnitude,0.8720292504570384,0.3333333333333333,n4000_seed3
imagenet100,geo_m,2,0.5,1024,variance,0.7579399141630901,0.3333333333333333,n4000_seed3
imagenet100,geo_m,2,0.5,1024,rate,0.8059964726631393,0.3333333333333333,n4000_seed3
imagenet100,geo_m,2,0.5,1024,probe_weight,0.31197950032030747,0.3333333333333333,n4000_seed3
imagenet100,geo_m,3,0.05,102,magnitude,0.24390243902439024,0.02553830746119179,n4000_seed3
imagenet100,geo_m,3,0.05,102,variance,0.6721311475409836,0.02553830746119179,n4000_seed3
imagenet100,geo_m,3,0.05,102,rate,0.030303030303030304,0.02553830746119179,n4000_seed3
imagenet100,geo_m,3,0.05,102,probe_weight,0.6859504132231405,0.02553830746119179,n4000_seed3
imagenet100,geo_m,3,0.1,204,magnitude,0.5632183908045977,0.052415210688591986,n4000_seed3
imagenet100,geo_m,3,0.1,204,variance,0.7894736842105263,0.052415210688591986,n4000_seed3
imagenet100,geo_m,3,0.1,204,rate,0.1826086956521739,0.052415210688591986,n4000_seed3
imagenet100,geo_m,3,0.1,204,probe_weight,0.5572519083969466,0.052415210688591986,n4000_seed3
imagenet100,geo_m,3,0.2,409,magnitude,0.793859649122807,0.11093029563330621,n4000_seed3
imagenet100,geo_m,3,0.2,409,variance,0.8506787330316742,0.11093029563330621,n4000_seed3
imagenet100,geo_m,3,0.2,409,rate,0.4054982817869416,0.11093029563330621,n4000_seed3
imagenet100,geo_m,3,0.2,409,probe_weight,0.30254777070063693,0.11093029563330621,n4000_seed3
imagenet100,geo_m,3,0.5,1024,magnitude,0.8483754512635379,0.3333333333333333,n4000_seed3
imagenet100,geo_m,3,0.5,1024,variance,0.7297297297297297,0.3333333333333333,n4000_seed3
imagenet100,geo_m,3,0.5,1024,rate,0.8367713004484305,0.3333333333333333,n4000_seed3
imagenet100,geo_m,3,0.5,1024,probe_weight,0.30362826225334183,0.3333333333333333,n4000_seed3
imagenet100,geo_m,4,0.05,102,magnitude,0.2,0.02553830746119179,n4000_seed3
imagenet100,geo_m,4,0.05,102,variance,0.59375,0.02553830746119179,n4000_seed3
imagenet100,geo_m,4,0.05,102,rate,0.014925373134328358,0.02553830746119179,n4000_seed3
imagenet100,geo_m,4,0.05,102,probe_weight,0.6451612903225806,0.02553830746119179,n4000_seed3
imagenet100,geo_m,4,0.1,204,magnitude,0.5632183908045977,0.052415210688591986,n4000_seed3
imagenet100,geo_m,4,0.1,204,variance,0.7973568281938326,0.052415210688591986,n4000_seed3
imagenet100,geo_m,4,0.1,204,rate,0.1826086956521739,0.052415210688591986,n4000_seed3
imagenet100,geo_m,4,0.1,204,probe_weight,0.5280898876404494,0.052415210688591986,n4000_seed3
imagenet100,geo_m,4,0.2,409,magnitude,0.92018779342723,0.11093029563330621,n4000_seed3
imagenet100,geo_m,4,0.2,409,variance,0.8057395143487859,0.11093029563330621,n4000_seed3
imagenet100,geo_m,4,0.2,409,rate,0.4954296160877514,0.11093029563330621,n4000_seed3
imagenet100,geo_m,4,0.2,409,probe_weight,0.29635499207606975,0.11093029563330621,n4000_seed3
imagenet100,geo_m,4,0.5,1024,magnitude,0.7964912280701755,0.3333333333333333,n4000_seed3
imagenet100,geo_m,4,0.5,1024,variance,0.8433843384338434,0.3333333333333333,n4000_seed3
imagenet100,geo_m,4,0.5,1024,rate,0.5987509758001561,0.3333333333333333,n4000_seed3
imagenet100,geo_m,4,0.5,1024,probe_weight,0.338562091503268,0.3333333333333333,n4000_seed3
imagenet100,geo_r,0,0.05,102,magnitude,0.23636363636363636,0.02553830746119179,n4000_seed3
imagenet100,geo_r,0,0.05,102,variance,0.25153374233128833,0.02553830746119179,n4000_seed3
imagenet100,geo_r,0,0.05,102,rate,0.1724137931034483,0.02553830746119179,n4000_seed3
imagenet100,geo_r,0,0.05,102,probe_weight,0.2289156626506024,0.02553830746119179,n4000_seed3
imagenet100,geo_r,0,0.1,204,magnitude,0.27899686520376177,0.052415210688591986,n4000_seed3
imagenet100,geo_r,0,0.1,204,variance,0.2911392405063291,0.052415210688591986,n4000_seed3
imagenet100,geo_r,0,0.1,204,rate,0.2289156626506024,0.052415210688591986,n4000_seed3
imagenet100,geo_r,0,0.1,204,probe_weight,0.21068249258160238,0.052415210688591986,n4000_seed3
imagenet100,geo_r,0,0.2,409,magnitude,0.30462519936204147,0.11093029563330621,n4000_seed3
imagenet100,geo_r,0,0.2,409,variance,0.29635499207606975,0.11093029563330621,n4000_seed3
imagenet100,geo_r,0,0.2,409,rate,0.24695121951219512,0.11093029563330621,n4000_seed3
imagenet100,geo_r,0,0.2,409,probe_weight,0.1786743515850144,0.11093029563330621,n4000_seed3
imagenet100,geo_r,0,0.5,1024,magnitude,0.32043842682140555,0.3333333333333333,n4000_seed3
imagenet100,geo_r,0,0.5,1024,variance,0.33159947984395316,0.3333333333333333,n4000_seed3
imagenet100,geo_r,0,0.5,1024,rate,0.31958762886597936,0.3333333333333333,n4000_seed3
imagenet100,geo_r,0,0.5,1024,probe_weight,0.338562091503268,0.3333333333333333,n4000_seed3
imagenet100,geo_r,1,0.05,102,magnitude,0.23636363636363636,0.02553830746119179,n4000_seed3
imagenet100,geo_r,1,0.05,102,variance,0.24390243902439024,0.02553830746119179,n4000_seed3
imagenet100,geo_r,1,0.05,102,rate,0.14606741573033707,0.02553830746119179,n4000_seed3
imagenet100,geo_r,1,0.05,102,probe_weight,0.21428571428571427,0.02553830746119179,n4000_seed3
imagenet100,geo_r,1,0.1,204,magnitude,0.3035143769968051,0.052415210688591986,n4000_seed3
imagenet100,geo_r,1,0.1,204,variance,0.3289902280130293,0.052415210688591986,n4000_seed3
imagenet100,geo_r,1,0.1,204,rate,0.24770642201834864,0.052415210688591986,n4000_seed3
imagenet100,geo_r,1,0.1,204,probe_weight,0.20353982300884957,0.052415210688591986,n4000_seed3
imagenet100,geo_r,1,0.2,409,magnitude,0.391156462585034,0.11093029563330621,n4000_seed3
imagenet100,geo_r,1,0.2,409,variance,0.37478991596638656,0.11093029563330621,n4000_seed3
imagenet100,geo_r,1,0.2,409,rate,0.3193548387096774,0.11093029563330621,n4000_seed3
imagenet100,geo_r,1,0.2,409,probe_weight,0.195906432748538,0.11093029563330621,n4000_seed3
imagenet100,geo_r,1,0.5,1024,magnitude,0.44939844302901627,0.3333333333333333,n4000_seed3
imagenet100,geo_r,1,0.5,1024,variance,0.41926541926541927,0.3333333333333333,n4000_seed3
imagenet100,geo_r,1,0.5,1024,rate,0.45351312987934705,0.3333333333333333,n4000_seed3
imagenet100,geo_r,1,0.5,1024,probe_weight,0.30779054916985954,0.3333333333333333,n4000_seed3
imagenet100,geo_r,2,0.05,102,magnitude,0.25925925925925924,0.02553830746119179,n4000_seed3
imagenet100,geo_r,2,0.05,102,variance,0.2289156626506024,0.02553830746119179,n4000_seed3
imagenet100,geo_r,2,0.05,102,rate,0.15254237288135594,0.02553830746119179,n4000_seed3
imagenet100,geo_r,2,0.05,102,probe_weight,0.19298245614035087,0.02553830746119179,n4000_seed3
imagenet100,geo_r,2,0.1,204,magnitude,0.31189710610932475,0.052415210688591986,n4000_seed3
imagenet100,geo_r,2,0.1,204,variance,0.2830188679245283,0.052415210688591986,n4000_seed3
imagenet100,geo_r,2,0.1,204,rate,0.24012158054711247,0.052415210688591986,n4000_seed3
imagenet100,geo_r,2,0.1,204,probe_weight,0.19298245614035087,0.052415210688591986,n4000_seed3
imagenet100,geo_r,2,0.2,409,magnitude,0.29635499207606975,0.11093029563330621,n4000_seed3
imagenet100,geo_r,2,0.2,409,variance,0.29430379746835444,0.11093029563330621,n4000_seed3
imagenet100,geo_r,2,0.2,409,rate,0.2642967542503864,0.11093029563330621,n4000_seed3
imagenet100,geo_r,2,0.2,409,probe_weight,0.16524216524216523,0.11093029563330621,n4000_seed3
imagenet100,geo_r,2,0.5,1024,magnitude,0.37541974479516454,0.3333333333333333,n4000_seed3
imagenet100,geo_r,2,0.5,1024,variance,0.3617021276595745,0.3333333333333333,n4000_seed3
imagenet100,geo_r,2,0.5,1024,rate,0.3763440860215054,0.3333333333333333,n4000_seed3
imagenet100,geo_r,2,0.5,1024,probe_weight,0.3161953727506427,0.3333333333333333,n4000_seed3
imagenet100,geo_r,3,0.05,102,magnitude,0.2670807453416149,0.02553830746119179,n4000_seed3
imagenet100,geo_r,3,0.05,102,variance,0.23636363636363636,0.02553830746119179,n4000_seed3
imagenet100,geo_r,3,0.05,102,rate,0.1724137931034483,0.02553830746119179,n4000_seed3
imagenet100,geo_r,3,0.05,102,probe_weight,0.2215568862275449,0.02553830746119179,n4000_seed3
imagenet100,geo_r,3,0.1,204,magnitude,0.34210526315789475,0.052415210688591986,n4000_seed3
imagenet100,geo_r,3,0.1,204,variance,0.2911392405063291,0.052415210688591986,n4000_seed3
imagenet100,geo_r,3,0.1,204,rate,0.21428571428571427,0.052415210688591986,n4000_seed3
imagenet100,geo_r,3,0.1,204,probe_weight,0.2289156626506024,0.052415210688591986,n4000_seed3
imagenet100,geo_r,3,0.2,409,magnitude,0.39590443686006827,0.11093029563330621,n4000_seed3
imagenet100,geo_r,3,0.2,409,variance,0.38175675675675674,0.11093029563330621,n4000_seed3
imagenet100,geo_r,3,0.2,409,rate,0.31511254019292606,0.11093029563330621,n4000_seed3
imagenet100,geo_r,3,0.2,409,probe_weight,0.21907600596125187,0.11093029563330621,n4000_seed3
imagenet100,geo_r,3,0.5,1024,magnitude,0.49271137026239065,0.3333333333333333,n4000_seed3
imagenet100,geo_r,3,0.5,1024,variance,0.4787003610108303,0.3333333333333333,n4000_seed3
imagenet100,geo_r,3,0.5,1024,rate,0.4659985683607731,0.3333333333333333,n4000_seed3
imagenet100,geo_r,3,0.5,1024,probe_weight,0.3447143795141169,0.3333333333333333,n4000_seed3
imagenet100,geo_r,4,0.05,102,magnitude,0.19298245614035087,0.02553830746119179,n4000_seed3
imagenet100,geo_r,4,0.05,102,variance,0.1724137931034483,0.02553830746119179,n4000_seed3
imagenet100,geo_r,4,0.05,102,rate,0.1270718232044199,0.02553830746119179,n4000_seed3
imagenet100,geo_r,4,0.05,102,probe_weight,0.1590909090909091,0.02553830746119179,n4000_seed3
imagenet100,geo_r,4,0.1,204,magnitude,0.2631578947368421,0.052415210688591986,n4000_seed3
imagenet100,geo_r,4,0.1,204,variance,0.25153374233128833,0.052415210688591986,n4000_seed3
imagenet100,geo_r,4,0.1,204,rate,0.1657142857142857,0.052415210688591986,n4000_seed3
imagenet100,geo_r,4,0.1,204,probe_weight,0.17579250720461095,0.052415210688591986,n4000_seed3
imagenet100,geo_r,4,0.2,409,magnitude,0.28818897637795277,0.11093029563330621,n4000_seed3
imagenet100,geo_r,4,0.2,409,variance,0.29635499207606975,0.11093029563330621,n4000_seed3
imagenet100,geo_r,4,0.2,409,rate,0.21005917159763313,0.11093029563330621,n4000_seed3
imagenet100,geo_r,4,0.2,409,probe_weight,0.17191977077363896,0.11093029563330621,n4000_seed3
imagenet100,geo_r,4,0.5,1024,magnitude,0.3998632946001367,0.3333333333333333,n4000_seed3
imagenet100,geo_r,4,0.5,1024,variance,0.4008207934336525,0.3333333333333333,n4000_seed3
imagenet100,geo_r,4,0.5,1024,rate,0.3781965006729475,0.3333333333333333,n4000_seed3
imagenet100,geo_r,4,0.5,1024,probe_weight,0.32814526588845655,0.3333333333333333,n4000_seed3
imagenet100,geo_pca,0,0.05,102,magnitude,0.2289156626506024,0.02553830746119179,n4000_seed3
imagenet100,geo_pca,0,0.05,102,variance,0.275,0.02553830746119179,n4000_seed3
imagenet100,geo_pca,0,0.05,102,rate,0.11475409836065574,0.02553830746119179,n4000_seed3
imagenet100,geo_pca,0,0.05,102,probe_weight,0.21428571428571427,0.02553830746119179,n4000_seed3
imagenet100,geo_pca,0,0.1,204,magnitude,0.29523809523809524,0.052415210688591986,n4000_seed3
imagenet100,geo_pca,0,0.1,204,variance,0.29523809523809524,0.052415210688591986,n4000_seed3
imagenet100,geo_pca,0,0.1,204,rate,0.20353982300884957,0.052415210688591986,n4000_seed3
imagenet100,geo_pca,0,0.1,204,probe_weight,0.21068249258160238,0.052415210688591986,n4000_seed3
imagenet100,geo_pca,0,0.2,409,magnitude,0.3864406779661017,0.11093029563330621,n4000_seed3
imagenet100,geo_pca,0,0.2,409,variance,0.39829059829059826,0.11093029563330621,n4000_seed3
imagenet100,geo_pca,0,0.2,409,rate,0.3004769475357711,0.11093029563330621,n4000_seed3
imagenet100,geo_pca,0,0.2,409,probe_weight,0.19416058394160585,0.11093029563330621,n4000_seed3
imagenet100,geo_pca,0,0.5,1024,magnitude,0.4232105628908965,0.3333333333333333,n4000_seed3
imagenet100,geo_pca,0,0.5,1024,variance,0.4463276836158192,0.3333333333333333,n4000_seed3
imagenet100,geo_pca,0,0.5,1024,rate,0.3960463531015678,0.3333333333333333,n4000_seed3
imagenet100,geo_pca,0,0.5,1024,probe_weight,0.3536021150033047,0.3333333333333333,n4000_seed3
imagenet100,geo_pca,1,0.05,102,magnitude,0.29936305732484075,0.02553830746119179,n4000_seed3
imagenet100,geo_pca,1,0.05,102,variance,0.29936305732484075,0.02553830746119179,n4000_seed3
imagenet100,geo_pca,1,0.05,102,rate,0.1724137931034483,0.02553830746119179,n4000_seed3
imagenet100,geo_pca,1,0.05,102,probe_weight,0.2670807453416149,0.02553830746119179,n4000_seed3
imagenet100,geo_pca,1,0.1,204,magnitude,0.275,0.052415210688591986,n4000_seed3
imagenet100,geo_pca,1,0.1,204,variance,0.32038834951456313,0.052415210688591986,n4000_seed3
imagenet100,geo_pca,1,0.1,204,rate,0.14285714285714285,0.052415210688591986,n4000_seed3
imagenet100,geo_pca,1,0.1,204,probe_weight,0.2553846153846154,0.052415210688591986,n4000_seed3
imagenet100,geo_pca,1,0.2,409,magnitude,0.29430379746835444,0.11093029563330621,n4000_seed3
imagenet100,geo_pca,1,0.2,409,variance,0.30254777070063693,0.11093029563330621,n4000_seed3
imagenet100,geo_pca,1,0.2,409,rate,0.21005917159763313,0.11093029563330621,n4000_seed3
imagenet100,geo_pca,1,0.2,409,probe_weight,0.16690442225392296,0.11093029563330621,n4000_seed3
imagenet100,geo_pca,1,0.5,1024,magnitude,0.33159947984395316,0.3333333333333333,n4000_seed3
imagenet100,geo_pca,1,0.5,1024,variance,0.34825543120473995,0.3333333333333333,n4000_seed3
imagenet100,geo_pca,1,0.5,1024,rate,0.3178893178893179,0.3333333333333333,n4000_seed3
imagenet100,geo_pca,1,0.5,1024,probe_weight,0.35899137358991373,0.3333333333333333,n4000_seed3
imagenet100,geo_pca,2,0.05,102,magnitude,0.21428571428571427,0.02553830746119179,n4000_seed3
imagenet100,geo_pca,2,0.05,102,variance,0.2911392405063291,0.02553830746119179,n4000_seed3
imagenet100,geo_pca,2,0.05,102,rate,0.09090909090909091,0.02553830746119179,n4000_seed3
imagenet100,geo_pca,2,0.05,102,probe_weight,0.2215568862275449,0.02553830746119179,n4000_seed3
imagenet100,geo_pca,2,0.1,204,magnitude,0.275,0.052415210688591986,n4000_seed3
imagenet100,geo_pca,2,0.1,204,variance,0.2911392405063291,0.052415210688591986,n4000_seed3
imagenet100,geo_pca,2,0.1,204,rate,0.1558073654390935,0.052415210688591986,n4000_seed3
imagenet100,geo_pca,2,0.1,204,probe_weight,0.21791044776119403,0.052415210688591986,n4000_seed3
imagenet100,geo_pca,2,0.2,409,magnitude,0.3864406779661017,0.11093029563330621,n4000_seed3
imagenet100,geo_pca,2,0.2,409,variance,0.3840947546531303,0.11093029563330621,n4000_seed3
imagenet100,geo_pca,2,0.2,409,rate,0.28414442700156983,0.11093029563330621,n4000_seed3
imagenet100,geo_pca,2,0.2,409,probe_weight,0.24316109422492402,0.11093029563330621,n4000_seed3
imagenet100,geo_pca,2,0.5,1024,magnitude,0.44123856439127374,0.3333333333333333,n4000_seed3
imagenet100,geo_pca,2,0.5,1024,variance,0.4453069865913903,0.3333333333333333,n4000_seed3
imagenet100,geo_pca,2,0.5,1024,rate,0.4222222222222222,0.3333333333333333,n4000_seed3
imagenet100,geo_pca,2,0.5,1024,probe_weight,0.37173476222371066,0.3333333333333333,n4000_seed3
imagenet100,geo_pca,3,0.05,102,magnitude,0.19298245614035087,0.02553830746119179,n4000_seed3
imagenet100,geo_pca,3,0.05,102,variance,0.275,0.02553830746119179,n4000_seed3
imagenet100,geo_pca,3,0.05,102,rate,0.10869565217391304,0.02553830746119179,n4000_seed3
imagenet100,geo_pca,3,0.05,102,probe_weight,0.275,0.02553830746119179,n4000_seed3
imagenet100,geo_pca,3,0.1,204,magnitude,0.2911392405063291,0.052415210688591986,n4000_seed3
imagenet100,geo_pca,3,0.1,204,variance,0.27102803738317754,0.052415210688591986,n4000_seed3
imagenet100,geo_pca,3,0.1,204,rate,0.18604651162790697,0.052415210688591986,n4000_seed3
imagenet100,geo_pca,3,0.1,204,probe_weight,0.2,0.052415210688591986,n4000_seed3
imagenet100,geo_pca,3,0.2,409,magnitude,0.34539473684210525,0.11093029563330621,n4000_seed3
imagenet100,geo_pca,3,0.2,409,variance,0.33442088091353994,0.11093029563330621,n4000_seed3
imagenet100,geo_pca,3,0.2,409,rate,0.2701863354037267,0.11093029563330621,n4000_seed3
imagenet100,geo_pca,3,0.2,409,probe_weight,0.19941348973607037,0.11093029563330621,n4000_seed3
imagenet100,geo_pca,3,0.5,1024,magnitude,0.4065934065934066,0.3333333333333333,n4000_seed3
imagenet100,geo_pca,3,0.5,1024,variance,0.40756013745704467,0.3333333333333333,n4000_seed3
imagenet100,geo_pca,3,0.5,1024,rate,0.4056280027453672,0.3333333333333333,n4000_seed3
imagenet100,geo_pca,3,0.5,1024,probe_weight,0.35092348284960423,0.3333333333333333,n4000_seed3
imagenet100,geo_pca,4,0.05,102,magnitude,0.2,0.02553830746119179,n4000_seed3
imagenet100,geo_pca,4,0.05,102,variance,0.2215568862275449,0.02553830746119179,n4000_seed3
imagenet100,geo_pca,4,0.05,102,rate,0.12087912087912088,0.02553830746119179,n4000_seed3
imagenet100,geo_pca,4,0.05,102,probe_weight,0.19298245614035087,0.02553830746119179,n4000_seed3
imagenet100,geo_pca,4,0.1,204,magnitude,0.25925925925925924,0.052415210688591986,n4000_seed3
imagenet100,geo_pca,4,0.1,204,variance,0.25153374233128833,0.052415210688591986,n4000_seed3
imagenet100,geo_pca,4,0.1,204,rate,0.18604651162790697,0.052415210688591986,n4000_seed3
imagenet100,geo_pca,4,0.1,204,probe_weight,0.18604651162790697,0.052415210688591986,n4000_seed3
imagenet100,geo_pca,4,0.2,409,magnitude,0.33442088091353994,0.11093029563330621,n4000_seed3
imagenet100,geo_pca,4,0.2,409,variance,0.33442088091353994,0.11093029563330621,n4000_seed3
imagenet100,geo_pca,4,0.2,409,rate,0.2623456790123457,0.11093029563330621,n4000_seed3
imagenet100,geo_pca,4,0.2,409,probe_weight,0.18037518037518038,0.11093029563330621,n4000_seed3
imagenet100,geo_pca,4,0.5,1024,magnitude,0.43216783216783217,0.3333333333333333,n4000_seed3
imagenet100,geo_pca,4,0.5,1024,variance,0.4586894586894587,0.3333333333333333,n4000_seed3
imagenet100,geo_pca,4,0.5,1024,rate,0.3960463531015678,0.3333333333333333,n4000_seed3
imagenet100,geo_pca,4,0.5,1024,probe_weight,0.38565629228687415,0.3333333333333333,n4000_seed3
imagenet100,geo_m,0,0.05,102,magnitude,0.18604651162790697,0.02553830746119179,n4000_seed4
imagenet100,geo_m,0,0.05,102,variance,0.5813953488372093,0.02553830746119179,n4000_seed4
imagenet100,geo_m,0,0.05,102,rate,0.0,0.02553830746119179,n4000_seed4
imagenet100,geo_m,0,0.05,102,probe_weight,0.6721311475409836,0.02553830746119179,n4000_seed4
imagenet100,geo_m,0,0.1,204,magnitude,0.6062992125984252,0.052415210688591986,n4000_seed4
imagenet100,geo_m,0,0.1,204,variance,0.8295964125560538,0.052415210688591986,n4000_seed4
imagenet100,geo_m,0,0.1,204,rate,0.18604651162790697,0.052415210688591986,n4000_seed4
imagenet100,geo_m,0,0.1,204,probe_weight,0.5338345864661654,0.052415210688591986,n4000_seed4
imagenet100,geo_m,0,0.2,409,magnitude,0.8761467889908257,0.11093029563330621,n4000_seed4
imagenet100,geo_m,0,0.2,409,variance,0.7821350762527233,0.11093029563330621,n4000_seed4
imagenet100,geo_m,0,0.2,409,rate,0.5064456721915286,0.11093029563330621,n4000_seed4
imagenet100,geo_m,0,0.2,409,probe_weight,0.2984126984126984,0.11093029563330621,n4000_seed4
imagenet100,geo_m,0,0.5,1024,magnitude,0.855072463768116,0.3333333333333333,n4000_seed4
imagenet100,geo_m,0,0.5,1024,variance,0.7964912280701755,0.3333333333333333,n4000_seed4
imagenet100,geo_m,0,0.5,1024,rate,0.7253580454928391,0.3333333333333333,n4000_seed4
imagenet100,geo_m,0,0.5,1024,probe_weight,0.3111395646606914,0.3333333333333333,n4000_seed4
imagenet100,geo_m,1,0.05,102,magnitude,0.275,0.02553830746119179,n4000_seed4
imagenet100,geo_m,1,0.05,102,variance,0.7,0.02553830746119179,n4000_seed4
imagenet100,geo_m,1,0.05,102,rate,0.014925373134328358,0.02553830746119179,n4000_seed4
imagenet100,geo_m,1,0.05,102,probe_weight,0.6451612903225806,0.02553830746119179,n4000_seed4
imagenet100,geo_m,1,0.1,204,magnitude,0.5752895752895753,0.052415210688591986,n4000_seed4
imagenet100,geo_m,1,0.1,204,variance,0.7894736842105263,0.052415210688591986,n4000_seed4
imagenet100,geo_m,1,0.1,204,rate,0.16905444126074498,0.052415210688591986,n4000_seed4
imagenet100,geo_m,1,0.1,204,probe_weight,0.539622641509434,0.052415210688591986,n4000_seed4
imagenet100,geo_m,1,0.2,409,magnitude,0.8137472283813747,0.11093029563330621,n4000_seed4
imagenet100,geo_m,1,0.2,409,variance,0.7978021978021979,0.11093029563330621,n4000_seed4
imagenet100,geo_m,1,0.2,409,rate,0.39829059829059826,0.11093029563330621,n4000_seed4
imagenet100,geo_m,1,0.2,409,probe_weight,0.29635499207606975,0.11093029563330621,n4000_seed4
imagenet100,geo_m,1,0.5,1024,magnitude,0.8720292504570384,0.3333333333333333,n4000_seed4
imagenet100,geo_m,1,0.5,1024,variance,0.8059964726631393,0.3333333333333333,n4000_seed4
imagenet100,geo_m,1,0.5,1024,rate,0.7311918850380389,0.3333333333333333,n4000_seed4
imagenet100,geo_m,1,0.5,1024,probe_weight,0.31958762886597936,0.3333333333333333,n4000_seed4
imagenet100,geo_m,2,0.05,102,magnitude,0.19298245614035087,0.02553830746119179,n4000_seed4
imagenet100,geo_m,2,0.05,102,variance,0.59375,0.02553830746119179,n4000_seed4
imagenet100,geo_m,2,0.05,102,rate,0.009900990099009901,0.02553830746119179,n4000_seed4
imagenet100,geo_m,2,0.05,102,probe_weight,0.6721311475409836,0.02553830746119179,n4000_seed4
imagenet100,geo_m,2,0.1,204,magnitude,0.5513307984790875,0.052415210688591986,n4000_seed4
imagenet100,geo_m,2,0.1,204,variance,0.7894736842105263,0.052415210688591986,n4000_seed4
imagenet100,geo_m,2,0.1,204,rate,0.1657142857142857,0.052415210688591986,n4000_seed4
imagenet100,geo_m,2,0.1,204,probe_weight,0.5280898876404494,0.052415210688591986,n4000_seed4
imagenet100,geo_m,2,0.2,409,magnitude,0.7478632478632479,0.11093029563330621,n4000_seed4
imagenet100,geo_m,2,0.2,409,variance,0.8177777777777778,0.11093029563330621,n4000_seed4
imagenet100,geo_m,2,0.2,409,rate,0.36789297658862874,0.11093029563330621,n4000_seed4
imagenet100,geo_m,2,0.2,409,probe_weight,0.3088,0.11093029563330621,n4000_seed4
imagenet100,geo_m,2,0.5,1024,magnitude,0.8669097538742023,0.3333333333333333,n4000_seed4
imagenet100,geo_m,2,0.5,1024,variance,0.7504273504273504,0.3333333333333333,n4000_seed4
imagenet100,geo_m,2,0.5,1024,rate,0.8044052863436123,0.3333333333333333,n4000_seed4
imagenet100,geo_m,2,0.5,1024,probe_weight,0.3111395646606914,0.3333333333333333,n4000_seed4
imagenet100,geo_m,3,0.05,102,magnitude,0.25925925925925924,0.02553830746119179,n4000_seed4
imagenet100,geo_m,3,0.05,102,variance,0.6859504132231405,0.02553830746119179,n4000_seed4
imagenet100,geo_m,3,0.05,102,rate,0.030303030303030304,0.02553830746119179,n4000_seed4
imagenet100,geo_m,3,0.05,102,probe_weight,0.6859504132231405,0.02553830746119179,n4000_seed4
imagenet100,geo_m,3,0.1,204,magnitude,0.5752895752895753,0.052415210688591986,n4000_seed4
imagenet100,geo_m,3,0.1,204,variance,0.7973568281938326,0.052415210688591986,n4000_seed4
imagenet100,geo_m,3,0.1,204,rate,0.19298245614035087,0.052415210688591986,n4000_seed4
imagenet100,geo_m,3,0.1,204,probe_weight,0.5454545454545454,0.052415210688591986,n4000_seed4
imagenet100,geo_m,3,0.2,409,magnitude,0.801762114537445,0.11093029563330621,n4000_seed4
imagenet100,geo_m,3,0.2,409,variance,0.8633257403189066,0.11093029563330621,n4000_seed4
imagenet100,geo_m,3,0.2,409,rate,0.39590443686006827,0.11093029563330621,n4000_seed4
imagenet100,geo_m,3,0.2,409,probe_weight,0.3004769475357711,0.11093029563330621,n4000_seed4
imagenet100,geo_m,3,0.5,1024,magnitude,0.855072463768116,0.3333333333333333,n4000_seed4
imagenet100,geo_m,3,0.5,1024,variance,0.7268128161888702,0.3333333333333333,n4000_seed4
imagenet100,geo_m,3,0.5,1024,rate,0.8400718778077269,0.3333333333333333,n4000_seed4
imagenet100,geo_m,3,0.5,1024,probe_weight,0.3111395646606914,0.3333333333333333,n4000_seed4
imagenet100,geo_m,4,0.05,102,magnitude,0.2215568862275449,0.02553830746119179,n4000_seed4
imagenet100,geo_m,4,0.05,102,variance,0.6190476190476191,0.02553830746119179,n4000_seed4
imagenet100,geo_m,4,0.05,102,rate,0.014925373134328358,0.02553830746119179,n4000_seed4
imagenet100,geo_m,4,0.05,102,probe_weight,0.632,0.02553830746119179,n4000_seed4
imagenet100,geo_m,4,0.1,204,magnitude,0.5875486381322957,0.052415210688591986,n4000_seed4
imagenet100,geo_m,4,0.1,204,variance,0.7816593886462883,0.052415210688591986,n4000_seed4
imagenet100,geo_m,4,0.1,204,rate,0.19298245614035087,0.052415210688591986,n4000_seed4
imagenet100,geo_m,4,0.1,204,probe_weight,0.5223880597014925,0.052415210688591986,n4000_seed4
imagenet100,geo_m,4,0.2,409,magnitude,0.9247058823529412,0.11093029563330621,n4000_seed4
imagenet100,geo_m,4,0.2,409,variance,0.8340807174887892,0.11093029563330621,n4000_seed4
imagenet100,geo_m,4,0.2,409,rate,0.48188405797101447,0.11093029563330621,n4000_seed4
imagenet100,geo_m,4,0.2,409,probe_weight,0.3004769475357711,0.11093029563330621,n4000_seed4
imagenet100,geo_m,4,0.5,1024,magnitude,0.7933450087565674,0.3333333333333333,n4000_seed4
imagenet100,geo_m,4,0.5,1024,variance,0.841726618705036,0.3333333333333333,n4000_seed4
imagenet100,geo_m,4,0.5,1024,rate,0.5975039001560063,0.3333333333333333,n4000_seed4
imagenet100,geo_m,4,0.5,1024,probe_weight,0.3359425962165688,0.3333333333333333,n4000_seed4
imagenet100,geo_r,0,0.05,102,magnitude,0.23636363636363636,0.02553830746119179,n4000_seed4
imagenet100,geo_r,0,0.05,102,variance,0.2670807453416149,0.02553830746119179,n4000_seed4
imagenet100,geo_r,0,0.05,102,rate,0.1724137931034483,0.02553830746119179,n4000_seed4
imagenet100,geo_r,0,0.05,102,probe_weight,0.2289156626506024,0.02553830746119179,n4000_seed4
imagenet100,geo_r,0,0.1,204,magnitude,0.3035143769968051,0.052415210688591986,n4000_seed4
imagenet100,geo_r,0,0.1,204,variance,0.2830188679245283,0.052415210688591986,n4000_seed4
imagenet100,geo_r,0,0.1,204,rate,0.2326283987915408,0.052415210688591986,n4000_seed4
imagenet100,geo_r,0,0.1,204,probe_weight,0.2215568862275449,0.052415210688591986,n4000_seed4
imagenet100,geo_r,0,0.2,409,magnitude,0.30670926517571884,0.11093029563330621,n4000_seed4
imagenet100,geo_r,0,0.2,409,variance,0.2984126984126984,0.11093029563330621,n4000_seed4
imagenet100,geo_r,0,0.2,409,rate,0.24127465857359637,0.11093029563330621,n4000_seed4
imagenet100,geo_r,0,0.2,409,probe_weight,0.1855072463768116,0.11093029563330621,n4000_seed4
imagenet100,geo_r,0,0.5,1024,magnitude,0.32129032258064516,0.3333333333333333,n4000_seed4
imagenet100,geo_r,0,0.5,1024,variance,0.33073424301494475,0.3333333333333333,n4000_seed4
imagenet100,geo_r,0,0.5,1024,rate,0.3161953727506427,0.3333333333333333,n4000_seed4
imagenet100,geo_r,0,0.5,1024,probe_weight,0.34295081967213115,0.3333333333333333,n4000_seed4
imagenet100,geo_r,1,0.05,102,magnitude,0.24390243902439024,0.02553830746119179,n4000_seed4
imagenet100,geo_r,1,0.05,102,variance,0.24390243902439024,0.02553830746119179,n4000_seed4
imagenet100,geo_r,1,0.05,102,rate,0.13966480446927373,0.02553830746119179,n4000_seed4
imagenet100,geo_r,1,0.05,102,probe_weight,0.21428571428571427,0.02553830746119179,n4000_seed4
imagenet100,geo_r,1,0.1,204,magnitude,0.3333333333333333,0.052415210688591986,n4000_seed4
imagenet100,geo_r,1,0.1,204,variance,0.34210526315789475,0.052415210688591986,n4000_seed4
imagenet100,geo_r,1,0.1,204,rate,0.23636363636363636,0.052415210688591986,n4000_seed4
imagenet100,geo_r,1,0.1,204,probe_weight,0.21791044776119403,0.052415210688591986,n4000_seed4
imagenet100,geo_r,1,0.2,409,magnitude,0.393526405451448,0.11093029563330621,n4000_seed4
imagenet100,geo_r,1,0.2,409,variance,0.3794266441821248,0.11093029563330621,n4000_seed4
imagenet100,geo_r,1,0.2,409,rate,0.3322475570032573,0.11093029563330621,n4000_seed4
imagenet100,geo_r,1,0.2,409,probe_weight,0.17697841726618704,0.11093029563330621,n4000_seed4
imagenet100,geo_r,1,0.5,1024,magnitude,0.44022503516174405,0.3333333333333333,n4000_seed4
imagenet100,geo_r,1,0.5,1024,variance,0.4124137931034483,0.3333333333333333,n4000_seed4
imagenet100,geo_r,1,0.5,1024,rate,0.44734982332155476,0.3333333333333333,n4000_seed4
imagenet100,geo_r,1,0.5,1024,probe_weight,0.2864321608040201,0.3333333333333333,n4000_seed4
imagenet100,geo_r,2,0.05,102,magnitude,0.2215568862275449,0.02553830746119179,n4000_seed4
imagenet100,geo_r,2,0.05,102,variance,0.2215568862275449,0.02553830746119179,n4000_seed4
imagenet100,geo_r,2,0.05,102,rate,0.15254237288135594,0.02553830746119179,n4000_seed4
imagenet100,geo_r,2,0.05,102,probe_weight,0.19298245614035087,0.02553830746119179,n4000_seed4
imagenet100,geo_r,2,0.1,204,magnitude,0.3076923076923077,0.052415210688591986,n4000_seed4
imagenet100,geo_r,2,0.1,204,variance,0.2830188679245283,0.052415210688591986,n4000_seed4
imagenet100,geo_r,2,0.1,204,rate,0.22522522522522523,0.052415210688591986,n4000_seed4
imagenet100,geo_r,2,0.1,204,probe_weight,0.18604651162790697,0.052415210688591986,n4000_seed4
imagenet100,geo_r,2,0.2,409,magnitude,0.2984126984126984,0.11093029563330621,n4000_seed4
imagenet100,geo_r,2,0.2,409,variance,0.2902208201892745,0.11093029563330621,n4000_seed4
imagenet100,geo_r,2,0.2,409,rate,0.2701863354037267,0.11093029563330621,n4000_seed4
imagenet100,geo_r,2,0.2,409,probe_weight,0.15211267605633802,0.11093029563330621,n4000_seed4
imagenet100,geo_r,2,0.5,1024,magnitude,0.36624416277518346,0.3333333333333333,n4000_seed4
imagenet100,geo_r,2,0.5,1024,variance,0.34914361001317523,0.3333333333333333,n4000_seed4
imagenet100,geo_r,2,0.5,1024,rate,0.36989966555183945,0.3333333333333333,n4000_seed4
imagenet100,geo_r,2,0.5,1024,probe_weight,0.30279898218829515,0.3333333333333333,n4000_seed4
imagenet100,geo_r,3,0.05,102,magnitude,0.275,0.02553830746119179,n4000_seed4
imagenet100,geo_r,3,0.05,102,variance,0.25925925925925924,0.02553830746119179,n4000_seed4
imagenet100,geo_r,3,0.05,102,rate,0.1657142857142857,0.02553830746119179,n4000_seed4
imagenet100,geo_r,3,0.05,102,probe_weight,0.2215568862275449,0.02553830746119179,n4000_seed4
imagenet100,geo_r,3,0.1,204,magnitude,0.3509933774834437,0.052415210688591986,n4000_seed4
imagenet100,geo_r,3,0.1,204,variance,0.2911392405063291,0.052415210688591986,n4000_seed4
imagenet100,geo_r,3,0.1,204,rate,0.22522522522522523,0.052415210688591986,n4000_seed4
imagenet100,geo_r,3,0.1,204,probe_weight,0.2289156626506024,0.052415210688591986,n4000_seed4
imagenet100,geo_r,3,0.2,409,magnitude,0.40308747855917665,0.11093029563330621,n4000_seed4
imagenet100,geo_r,3,0.2,409,variance,0.3840947546531303,0.11093029563330621,n4000_seed4
imagenet100,geo_r,3,0.2,409,rate,0.3130016051364366,0.11093029563330621,n4000_seed4
imagenet100,geo_r,3,0.2,409,probe_weight,0.20471281296023564,0.11093029563330621,n4000_seed4
imagenet100,geo_r,3,0.5,1024,magnitude,0.4948905109489051,0.3333333333333333,n4000_seed4
imagenet100,geo_r,3,0.5,1024,variance,0.48405797101449277,0.3333333333333333,n4000_seed4
imagenet100,geo_r,3,0.5,1024,rate,0.46810035842293907,0.3333333333333333,n4000_seed4
imagenet100,geo_r,3,0.5,1024,probe_weight,0.3272845106934543,0.3333333333333333,n4000_seed4
imagenet100,geo_r,4,0.05,102,magnitude,0.19298245614035087,0.02553830746119179,n4000_seed4
imagenet100,geo_r,4,0.05,102,variance,0.1657142857142857,0.02553830746119179,n4000_seed4
imagenet100,geo_r,4,0.05,102,rate,0.1270718232044199,0.02553830746119179,n4000_seed4
imagenet100,geo_r,4,0.05,102,probe_weight,0.14606741573033707,0.02553830746119179,n4000_seed4
imagenet100,geo_r,4,0.1,204,magnitude,0.24770642201834864,0.052415210688591986,n4000_seed4
imagenet100,geo_r,4,0.1,204,variance,0.24390243902439024,0.052415210688591986,n4000_seed4
imagenet100,geo_r,4,0.1,204,rate,0.1724137931034483,0.052415210688591986,n4000_seed4
imagenet100,geo_r,4,0.1,204,probe_weight,0.17579250720461095,0.052415210688591986,n4000_seed4
imagenet100,geo_r,4,0.2,409,magnitude,0.29430379746835444,0.11093029563330621,n4000_seed4
imagenet100,geo_r,4,0.2,409,variance,0.2902208201892745,0.11093029563330621,n4000_seed4
imagenet100,geo_r,4,0.2,409,rate,0.20648967551622419,0.11093029563330621,n4000_seed4
imagenet100,geo_r,4,0.2,409,probe_weight,0.18037518037518038,0.11093029563330621,n4000_seed4
imagenet100,geo_r,4,0.5,1024,magnitude,0.3894165535956581,0.3333333333333333,n4000_seed4
imagenet100,geo_r,4,0.5,1024,variance,0.39509536784741145,0.3333333333333333,n4000_seed4
imagenet100,geo_r,4,0.5,1024,rate,0.3781965006729475,0.3333333333333333,n4000_seed4
imagenet100,geo_r,4,0.5,1024,probe_weight,0.32214331826985154,0.3333333333333333,n4000_seed4
imagenet100,geo_pca,0,0.05,102,magnitude,0.21428571428571427,0.02553830746119179,n4000_seed4
imagenet100,geo_pca,0,0.05,102,variance,0.23636363636363636,0.02553830746119179,n4000_seed4
imagenet100,geo_pca,0,0.05,102,rate,0.10869565217391304,0.02553830746119179,n4000_seed4
imagenet100,geo_pca,0,0.05,102,probe_weight,0.21428571428571427,0.02553830746119179,n4000_seed4
imagenet100,geo_pca,0,0.1,204,magnitude,0.3076923076923077,0.052415210688591986,n4000_seed4
imagenet100,geo_pca,0,0.1,204,variance,0.29523809523809524,0.052415210688591986,n4000_seed4
imagenet100,geo_pca,0,0.1,204,rate,0.19298245614035087,0.052415210688591986,n4000_seed4
imagenet100,geo_pca,0,0.1,204,probe_weight,0.2,0.052415210688591986,n4000_seed4
imagenet100,geo_pca,0,0.2,409,magnitude,0.39829059829059826,0.11093029563330621,n4000_seed4
imagenet100,geo_pca,0,0.2,409,variance,0.4006849315068493,0.11093029563330621,n4000_seed4
imagenet100,geo_pca,0,0.2,409,rate,0.3004769475357711,0.11093029563330621,n4000_seed4
imagenet100,geo_pca,0,0.2,409,probe_weight,0.1924198250728863,0.11093029563330621,n4000_seed4
imagenet100,geo_pca,0,0.5,1024,magnitude,0.42717770034843205,0.3333333333333333,n4000_seed4
imagenet100,geo_pca,0,0.5,1024,variance,0.4566145092460882,0.3333333333333333,n4000_seed4
imagenet100,geo_pca,0,0.5,1024,rate,0.40177960301163584,0.3333333333333333,n4000_seed4
imagenet100,geo_pca,0,0.5,1024,probe_weight,0.3708165997322624,0.3333333333333333,n4000_seed4
imagenet100,geo_pca,1,0.05,102,magnitude,0.29936305732484075,0.02553830746119179,n4000_seed4
imagenet100,geo_pca,1,0.05,102,variance,0.3161290322580645,0.02553830746119179,n4000_seed4
imagenet100,geo_pca,1,0.05,102,rate,0.1791907514450867,0.02553830746119179,n4000_seed4
imagenet100,geo_pca,1,0.05,102,probe_weight,0.2670807453416149,0.02553830746119179,n4000_seed4
imagenet100,geo_pca,1,0.1,204,magnitude,0.2870662460567823,0.052415210688591986,n4000_seed4
imagenet100,geo_pca,1,0.1,204,variance,0.3377049180327869,0.052415210688591986,n4000_seed4
imagenet100,geo_pca,1,0.1,204,rate,0.14285714285714285,0.052415210688591986,n4000_seed4
imagenet100,geo_pca,1,0.1,204,probe_weight,0.25153374233128833,0.052415210688591986,n4000_seed4
imagenet100,geo_pca,1,0.2,409,magnitude,0.2861635220125786,0.11093029563330621,n4000_seed4
imagenet100,geo_pca,1,0.2,409,variance,0.2902208201892745,0.11093029563330621,n4000_seed4
imagenet100,geo_pca,1,0.2,409,rate,0.20648967551622419,0.11093029563330621,n4000_seed4
imagenet100,geo_pca,1,0.2,409,probe_weight,0.16857142857142857,0.11093029563330621,n4000_seed4
imagenet100,geo_pca,1,0.5,1024,magnitude,0.3359425962165688,0.3333333333333333,n4000_seed4
imagenet100,geo_pca,1,0.5,1024,variance,0.36079734219269105,0.3333333333333333,n4000_seed4
imagenet100,geo_pca,1,0.5,1024,rate,0.31958762886597936,0.3333333333333333,n4000_seed4
imagenet100,geo_pca,1,0.5,1024,probe_weight,0.35899137358991373,0.3333333333333333,n4000_seed4
imagenet100,geo_pca,2,0.05,102,magnitude,0.2,0.02553830746119179,n4000_seed4
imagenet100,geo_pca,2,0.05,102,variance,0.25925925925925924,0.02553830746119179,n4000_seed4
imagenet100,geo_pca,2,0.05,102,rate,0.09090909090909091,0.02553830746119179,n4000_seed4
imagenet100,geo_pca,2,0.05,102,probe_weight,0.2215568862275449,0.02553830746119179,n4000_seed4
imagenet100,geo_pca,2,0.1,204,magnitude,0.27102803738317754,0.052415210688591986,n4000_seed4
imagenet100,geo_pca,2,0.1,204,variance,0.2830188679245283,0.052415210688591986,n4000_seed4
imagenet100,geo_pca,2,0.1,204,rate,0.1590909090909091,0.052415210688591986,n4000_seed4
imagenet100,geo_pca,2,0.1,204,probe_weight,0.24012158054711247,0.052415210688591986,n4000_seed4
imagenet100,geo_pca,2,0.2,409,magnitude,0.38879456706281834,0.11093029563330621,n4000_seed4
imagenet100,geo_pca,2,0.2,409,variance,0.3794266441821248,0.11093029563330621,n4000_seed4
imagenet100,geo_pca,2,0.2,409,rate,0.27613104524180965,0.11093029563330621,n4000_seed4
imagenet100,geo_pca,2,0.2,409,probe_weight,0.2319277108433735,0.11093029563330621,n4000_seed4
imagenet100,geo_pca,2,0.5,1024,magnitude,0.43719298245614036,0.3333333333333333,n4000_seed4
imagenet100,geo_pca,2,0.5,1024,variance,0.44326990838618746,0.3333333333333333,n4000_seed4
imagenet100,geo_pca,2,0.5,1024,rate,0.420249653259362,0.3333333333333333,n4000_seed4
imagenet100,geo_pca,2,0.5,1024,probe_weight,0.34648257725180803,0.3333333333333333,n4000_seed4
imagenet100,geo_pca,3,0.05,102,magnitude,0.20710059171597633,0.02553830746119179,n4000_seed4
imagenet100,geo_pca,3,0.05,102,variance,0.3076923076923077,0.02553830746119179,n4000_seed4
imagenet100,geo_pca,3,0.05,102,rate,0.11475409836065574,0.02553830746119179,n4000_seed4
imagenet100,geo_pca,3,0.05,102,probe_weight,0.2830188679245283,0.02553830746119179,n4000_seed4
imagenet100,geo_pca,3,0.1,204,magnitude,0.29523809523809524,0.052415210688591986,n4000_seed4
imagenet100,geo_pca,3,0.1,204,variance,0.2631578947368421,0.052415210688591986,n4000_seed4
imagenet100,geo_pca,3,0.1,204,rate,0.1791907514450867,0.052415210688591986,n4000_seed4
imagenet100,geo_pca,3,0.1,204,probe_weight,0.20710059171597633,0.052415210688591986,n4000_seed4
imagenet100,geo_pca,3,0.2,409,magnitude,0.3543046357615894,0.11093029563330621,n4000_seed4
imagenet100,geo_pca,3,0.2,409,variance,0.34098360655737703,0.11093029563330621,n4000_seed4
imagenet100,geo_pca,3,0.2,409,rate,0.278125,0.11093029563330621,n4000_seed4
imagenet100,geo_pca,3,0.2,409,probe_weight,0.1837916063675832,0.11093029563330621,n4000_seed4
imagenet100,geo_pca,3,0.5,1024,magnitude,0.40852819807427787,0.3333333333333333,n4000_seed4
imagenet100,geo_pca,3,0.5,1024,variance,0.3989071038251366,0.3333333333333333,n4000_seed4
imagenet100,geo_pca,3,0.5,1024,rate,0.4056280027453672,0.3333333333333333,n4000_seed4
imagenet100,geo_pca,3,0.5,1024,probe_weight,0.3103007037747921,0.3333333333333333,n4000_seed4
imagenet100,geo_pca,4,0.05,102,magnitude,0.2,0.02553830746119179,n4000_seed4
imagenet100,geo_pca,4,0.05,102,variance,0.19298245614035087,0.02553830746119179,n4000_seed4
imagenet100,geo_pca,4,0.05,102,rate,0.12087912087912088,0.02553830746119179,n4000_seed4
imagenet100,geo_pca,4,0.05,102,probe_weight,0.19298245614035087,0.02553830746119179,n4000_seed4
imagenet100,geo_pca,4,0.1,204,magnitude,0.27102803738317754,0.052415210688591986,n4000_seed4
imagenet100,geo_pca,4,0.1,204,variance,0.25153374233128833,0.052415210688591986,n4000_seed4
imagenet100,geo_pca,4,0.1,204,rate,0.1791907514450867,0.052415210688591986,n4000_seed4
imagenet100,geo_pca,4,0.1,204,probe_weight,0.1791907514450867,0.052415210688591986,n4000_seed4
imagenet100,geo_pca,4,0.2,409,magnitude,0.32792207792207795,0.11093029563330621,n4000_seed4
imagenet100,geo_pca,4,0.2,409,variance,0.32576985413290116,0.11093029563330621,n4000_seed4
imagenet100,geo_pca,4,0.2,409,rate,0.2623456790123457,0.11093029563330621,n4000_seed4
imagenet100,geo_pca,4,0.2,409,probe_weight,0.16193181818181818,0.11093029563330621,n4000_seed4
imagenet100,geo_pca,4,0.5,1024,magnitude,0.4341736694677871,0.3333333333333333,n4000_seed4
imagenet100,geo_pca,4,0.5,1024,variance,0.4607703281027104,0.3333333333333333,n4000_seed4
imagenet100,geo_pca,4,0.5,1024,rate,0.39319727891156464,0.3333333333333333,n4000_seed4
imagenet100,geo_pca,4,0.5,1024,probe_weight,0.36989966555183945,0.3333333333333333,n4000_seed4
